H,S,V,contrast_0,contrast_45,contrast_90,contrast_135,homogeneity_0,homogeneity_45,homogeneity_90,homogeneity_135,energy_0,energy_45,energy_90,energy_135,correlation_0,correlation_45,correlation_90,correlation_135,ASM_0,ASM_45,ASM_90,ASM_135,label
32.553772,58.09971,74.28499,3.160477941176471,3.3904498269896206,3.1998774509803933,4.054163783160322,0.7067504417706162,0.6948208474595582,0.7037280393249685,0.6819400245446205,0.45829244429056926,0.4549851746626991,0.4572437593217794,0.4519227870862013,0.9193993742361497,0.9135825959077183,0.9183945815421041,0.896665537676829,0.21003196449382452,0.2070115091628468,0.20907185543871332,0.20423420548776006,EarlyBlight
13.150903,50.97121,88.427246,2.6933517156862736,3.2184236831987705,2.932628676470591,3.3503421760861216,0.713274543563985,0.6773105531734295,0.690996983516124,0.6737493718953715,0.3836644947849397,0.3772493349693019,0.38193887529089166,0.37754596438141774,0.9283394264275131,0.9142644800181025,0.9219731118639067,0.9107503060943994,0.14719844455858302,0.14231706073478056,0.14587730445847127,0.14254095522069474,EarlyBlight
20.33671,53.462444,76.90123,3.0482383578431387,3.1717185697808534,3.1488357843137265,3.8075663206459054,0.6887479293195968,0.6808036231471689,0.6866868493840541,0.6652513609007549,0.3692702436171787,0.3663087814525927,0.36966045082821647,0.36385941521232823,0.9088818287167117,0.9051629648067653,0.9058716742808464,0.8861505985922528,0.13636051282109052,0.13418212336928334,0.13664884890652026,0.13239367403865748,EarlyBlight
15.500923,46.50987,79.78926,2.151286764705882,2.5973087274125333,2.2465686274509795,2.6909342560553626,0.7347102915638759,0.7058214350970414,0.7286246927388925,0.7053247740966925,0.41975005153347766,0.41502006509475836,0.41911280341072965,0.4128780345075054,0.9420216971443596,0.9299817333480006,0.9394538011364832,0.9274577756987769,0.17619010576235714,0.17224165443125747,0.17565554198280092,0.17046827137878082,EarlyBlight
18.006962,48.470596,73.53923,1.6829963235294128,2.1217070357554784,1.881311274509803,2.202968089196461,0.7713444789822833,0.7444802628455505,0.7581741467251354,0.7402000935735666,0.4538191535588823,0.44885138866716445,0.452507908726158,0.4487532582811051,0.9565072736128658,0.9451975466505734,0.9513754284257699,0.9430986199857385,0.20595182413690039,0.20146756910844194,0.20476340745972094,0.20137948681790824,EarlyBlight
20.619894,53.17326,61.261307,1.8761335784313715,2.2359707804690516,1.8702205882352938,2.2475970780469057,0.762422518635892,0.7441524461792347,0.7639254364657494,0.7433782890263928,0.494016462806278,0.49073812266821526,0.49521745939291006,0.4905521800990118,0.9381648852883577,0.9263782875309077,0.9383597703601164,0.9259954793364386,0.24405226552362663,0.2408239050399243,0.2452403320875685,0.2406414413998933,EarlyBlight
13.460606,43.543877,81.59323,2.639583333333333,3.1728104575163405,2.9280943627450986,3.2131949250288327,0.7081850160911244,0.6819588538044603,0.6950411371031248,0.6820809533257475,0.44377700560962,0.4393457104722597,0.4435566379354782,0.43975890314447347,0.9332713890020813,0.9197686617769796,0.9259778362632425,0.9187474536350704,0.19693803070784072,0.1930246533103746,0.19674249105662492,0.1933878928948304,EarlyBlight
77.582924,72.02288,102.32573,2.049954044117646,2.9886812764321427,2.6405330882352933,2.9855132641291826,0.7093285757007348,0.6664500421714646,0.678455265703721,0.6622034495648917,0.37179856496563973,0.3665022680756495,0.37026655140589376,0.3658625244875825,0.958947795509485,0.9400799194677226,0.9471138325829823,0.9401434350059975,0.13823417291050902,0.13432391250459527,0.13709731909001338,0.1338553868244269,EarlyBlight
37.00385,61.21504,76.84839,2.490962009803922,3.242783544790466,2.9447610294117657,3.3026066897347186,0.701068195675916,0.6659260249202884,0.679170219944394,0.667152534683174,0.4104063959907934,0.40577925018323013,0.40979649008875046,0.40547873786020716,0.9249889880215809,0.9023159320192647,0.9113236155423448,0.9005138480759987,0.16843340987015196,0.16465679987926446,0.16793316328905936,0.1644130068567066,EarlyBlight
66.94141,76.212135,77.33185,2.5017156862745105,3.0431372549019606,2.6783088235294104,3.082199154171473,0.697814221442588,0.6673536973523272,0.6843716733737425,0.6655446855764677,0.3971271120224777,0.39251888725696316,0.39639548348241727,0.3925300712606218,0.9248754143345972,0.9086102668617255,0.9195724591105442,0.9074371825572416,0.15770994310331354,0.15407107685344454,0.15712937932525933,0.1540798568438688,EarlyBlight
18.268736,47.529087,88.69115,2.352726715686275,2.6443060361399464,2.710263480392157,3.1958477508650516,0.7205679556925534,0.7064035595346051,0.7102867172190704,0.6942559516829299,0.4623579155621464,0.45932068358181494,0.4614971606879144,0.45667744995987564,0.9521140431645374,0.9461718580055931,0.9448369591038821,0.9349445396353644,0.21377484208297287,0.21097549036606578,0.2129796293230067,0.2085542933018547,EarlyBlight
39.669636,61.91109,78.92453,1.659436274509803,2.204413687043447,1.8732843137254889,2.274602076124566,0.785201541555913,0.7535280955349891,0.7699564556197637,0.7553629374271531,0.5088354725066403,0.5048444829057986,0.5081383093310855,0.5036527609168682,0.964904714211057,0.9534115016630542,0.9603820590377514,0.9519281268921586,0.25891353808105594,0.25486795192042316,0.25820454140985394,0.25366610357918395,EarlyBlight
15.744482,58.435196,80.174484,2.221629901960784,2.775024990388313,2.609834558823529,2.978239138792775,0.725501284153127,0.6931556313383902,0.7025260126376389,0.687433576054875,0.4131862796665963,0.4084799240271879,0.41204035290271374,0.4084633768321229,0.9355318677810693,0.9194246642555972,0.9242667920254068,0.9135241594700857,0.17072290170472276,0.1668558483332572,0.16977725242019287,0.16684233021310085,EarlyBlight
23.974771,59.811073,91.48558,2.782107843137255,3.200553633217995,2.996844362745097,3.4551326412918124,0.6970929651304297,0.6764551864180405,0.6875750364624619,0.6730559404742665,0.4153705974682383,0.41173288639440353,0.4145623268559063,0.40967132349786056,0.9344117401994638,0.9244745801617285,0.9293493215475613,0.9184671237431797,0.17253273324112126,0.1695239697386668,0.1718619228481833,0.16783059329648872,EarlyBlight
62.189465,56.61215,80.60182,1.5528492647058818,2.134163783160323,1.373774509803921,1.5507881584006153,0.7972409235681978,0.7729032058799941,0.8042326200560341,0.7884961352813069,0.5171170078217117,0.5137251720794688,0.519085535622399,0.5155653859672142,0.9735072665366293,0.9636373868104201,0.9765657956782496,0.9735771486676067,0.26740999977848023,0.2639135524280798,0.2694497932923928,0.2658076672075226,EarlyBlight
80.385284,69.57591,94.33011,1.9702818627450978,2.7875124951941554,2.534742647058824,2.8263590926566695,0.7373808488326778,0.6997592958928288,0.7086442586978116,0.6978476385015205,0.42127020714419317,0.4155629566475525,0.4193058671433403,0.41622904459611065,0.9566787492761107,0.9386654561489166,0.9442667049127605,0.9378107018279958,0.17746858742731142,0.1726925709376556,0.17581741022082853,0.17324661756539106,EarlyBlight
70.20162,69.0731,79.13611,4.123406862745097,4.767750865051907,4.323544730392159,4.699653979238757,0.6550103083914235,0.6283428268599633,0.6437626869239811,0.6327757415967543,0.3967637854198988,0.3918665275291005,0.3965091082706638,0.3924733809463644,0.8845105842862109,0.8664715344472866,0.8789118919249502,0.8683786963778275,0.15742150142072753,0.15355937539771528,0.15721947294159702,0.15403535475147007,EarlyBlight
16.155483,39.98579,82.09056,2.3464460784313723,2.8941484044598247,2.662162990196079,2.8593002691272598,0.721121817514399,0.6938476126023125,0.7048194928767347,0.6931869152454521,0.43508290212144546,0.4303615948089925,0.4344145696979242,0.43114535455621855,0.9380056171611033,0.9234938931077973,0.9296642044704102,0.9244150950622798,0.18929713171841928,0.18521110228653942,0.18871601836583266,0.1858863167554074,EarlyBlight
17.61935,62.519325,93.12962,1.8266544117647041,2.422237600922724,2.088082107843136,2.392925797770088,0.7481675817699978,0.717263461900643,0.7325585050436467,0.7221373994537069,0.4455996177399675,0.4407358857575401,0.4446326512958553,0.4407123326646208,0.9622309998859389,0.9498898721854857,0.9568255643424607,0.9504962611713946,0.19855901933000514,0.1942481209944834,0.19769819459838164,0.19422736016269138,EarlyBlight
38.782867,82.36714,93.98102,1.4302389705882357,2.1791618608227608,1.8699142156862745,2.1468050749711645,0.7645831306062747,0.7112386041813847,0.726658576367063,0.7125320721645945,0.3727582069044498,0.36474101789462315,0.3699093957554457,0.36547884629699584,0.9680295092871812,0.9512534965928718,0.9582062594837895,0.9519772982726213,0.13894868081462058,0.13303601013480582,0.13683296106815895,0.1335747870905831,EarlyBlight
28.4852,65.2336,81.75525,4.126945465686275,4.247489427143408,4.125490196078431,4.530734332948867,0.6153280788667782,0.6090408904472006,0.6167058823472629,0.6018208951675076,0.32197155658859766,0.3184792225886738,0.3214398469659049,0.3169034511814151,0.8565773268367224,0.8521484288908494,0.8565862874655554,0.8422889040412579,0.10366568325208454,0.10142901522068604,0.10332357521746434,0.10042779737069155,EarlyBlight
48.84206,70.381516,75.45628,2.1041973039215693,2.528688965782391,2.347518382352942,2.7191695501730107,0.746881401737147,0.7277177651652356,0.736946834330715,0.7240919770447887,0.45343934696303223,0.4495756427354854,0.45257237937253975,0.4486387447361586,0.9511903109954382,0.9413887810899287,0.9455461510374553,0.9369737267353172,0.20560724137426112,0.20211825854102478,0.20482175857092202,0.20127672327843607,EarlyBlight
43.612354,58.03103,76.48453,1.3584558823529398,2.0567166474432925,1.4794117647058822,1.7052518262206837,0.8111824161154905,0.7766283883911133,0.7968401560035369,0.7853386575564386,0.5361514578954224,0.5308608535897101,0.5357341623195164,0.5330210908955847,0.9721165886300075,0.9578221114293026,0.9696338708111366,0.9650297372753206,0.28745838580338684,0.2818132458739957,0.28701109267619396,0.28411148333951913,EarlyBlight
18.642653,57.01668,66.44504,2.197824754901961,2.379607843137255,2.094454656862745,2.6534102268358337,0.7398826197794459,0.7284999494543787,0.7453506125610264,0.7199020871490273,0.47571928712567907,0.4735696643627389,0.47583674405130716,0.4697399316678943,0.931195471716135,0.9255459893671769,0.9344309337662839,0.9169791636649215,0.22630884014336428,0.2242682270046372,0.2264206069893492,0.22065560340335802,EarlyBlight
24.882086,52.79593,91.13971,3.327665441176469,3.9552787389465585,3.5670343137254887,3.7141099577085734,0.6757684027788118,0.6476381414185172,0.6636090089567864,0.6549763582170096,0.37048583798132145,0.36415342726398986,0.3696777315768047,0.36651800728429945,0.9113155641219499,0.8944243279860069,0.9049362288780598,0.9008616887457653,0.13725975614472197,0.13260771858810996,0.1366616252237721,0.1343354496636538,EarlyBlight
69.45967,84.03493,103.04213,1.510891544117647,2.4615916955017303,2.145710784313724,2.361414840445983,0.7636976500448229,0.7069095172627226,0.7226616537508235,0.7045273944938809,0.3685816055581804,0.3585716411860037,0.36341589687263964,0.359286879284656,0.9658848609801259,0.9443155084251244,0.9515374034615217,0.9465816523515811,0.13585239995584608,0.1285736218628242,0.13207111409974504,0.12908706162610697,EarlyBlight
15.8958235,55.843674,84.47392,2.8599877450980378,3.432587466359093,3.0548713235294134,3.1912956555171097,0.6917263124573472,0.6667596740705942,0.6833400832322378,0.6700549801613844,0.39976180749331214,0.3947811432046299,0.3994606350327428,0.3958157186753992,0.9190627853524383,0.9027591574937417,0.9135476099654742,0.9095946479819187,0.15980950273031994,0.1558521510299545,0.15956879894076217,0.15667008315052278,EarlyBlight
82.83016,77.2189,101.91351,1.7197610294117647,2.1870357554786612,1.82625612745098,2.3745636293733186,0.7518712490723171,0.7212396310438594,0.7425507910335725,0.7193466041564699,0.41144840119942,0.4066427893169592,0.41094660108032327,0.40490328331900116,0.9660492102080362,0.9567779210445758,0.9639468293390845,0.9530718341406392,0.16928978684955887,0.16535835810347685,0.16887710893947036,0.16394666884250733,EarlyBlight
41.838078,60.515675,77.44095,3.4792585784313728,4.337039600153785,3.420557598039216,3.7282583621683987,0.671906503340391,0.6461306676625884,0.6726131720084626,0.6623611423643065,0.4049303785301012,0.398391560038241,0.40474272864498945,0.40243393350961837,0.9069220365609122,0.8839833827513403,0.9084855395899227,0.9002683953761138,0.16396861145653108,0.15871583510970338,0.16381667639099157,0.16195307084002392,EarlyBlight
19.883213,57.25542,75.63652,3.463756127450982,3.7708112264513662,3.4995863970588257,3.9120184544405987,0.6750121531971075,0.6556675860864768,0.672273487626239,0.6551271543531437,0.3845326996958991,0.38090431419122633,0.3845299041392196,0.37933360740534233,0.8889666957769016,0.879070590557874,0.8878330076771237,0.8745420927642994,0.14786539713541652,0.14508809656948848,0.14786324717731741,0.1438939857071504,EarlyBlight
45.33871,72.766594,85.90816,2.0850796568627445,2.5653825451749324,2.035906862745097,2.357216455209535,0.7289699325786706,0.7062107269836766,0.7326414920910271,0.7101657882389791,0.4155766141015765,0.40972872185541237,0.41583007571955105,0.41225045867077964,0.9519214600834348,0.9408333513078726,0.9530553046044393,0.9456343857336195,0.1727039221881306,0.16787762551326987,0.17291465187292757,0.16995044067426818,EarlyBlight
15.841558,46.57985,82.89902,2.703125,3.277693194925029,2.689276960784316,2.910388312187621,0.7015497850735201,0.6707235222494289,0.7028896906564692,0.681927709800978,0.3756719145711791,0.36871584737899604,0.3752952154203945,0.370904802953085,0.9129281653279949,0.8942660845317562,0.9133742320770797,0.9061148394678697,0.14112938739757527,0.1359513761084111,0.14084649871744032,0.1375703728536668,EarlyBlight
20.962397,61.484463,76.82178,3.7240655637254876,4.178131487889271,3.880147058823531,4.108558246828142,0.6499478805339816,0.6294406365328022,0.6408161118882242,0.6303347989757111,0.3635167165610331,0.35793693757455397,0.36219314153580934,0.35869001578782017,0.8797798848677973,0.8650280225761864,0.8747380064567999,0.8672755435072756,0.1321444032193145,0.12811885128025016,0.13118387177557883,0.12865852742586667,EarlyBlight
37.04989,60.933872,92.93767,2.4899203431372565,3.342283737024223,3.052879901960784,3.373410226835833,0.7006849375420576,0.6565710187670766,0.6728362256121541,0.6590152333360887,0.3893065630931902,0.38353828652700017,0.38823831382902324,0.38410378765717146,0.9418583171114014,0.921868015550637,0.9287127495279103,0.9211403770228302,0.1515596000674321,0.1471016172320673,0.15072898832480314,0.14753571969258547,EarlyBlight
74.79087,79.53111,113.70039,2.5484681372549,3.4210688196847374,2.7305912990196077,3.202014609765476,0.6912918986488367,0.6553772908022865,0.6776282990802917,0.6594041449811052,0.34399995499759967,0.3369008808634183,0.3424683277611399,0.3391109976087265,0.9523869971189004,0.9359613033528309,0.948977441679367,0.9400616788435946,0.1183359690383506,0.11350220352654716,0.11728455551951154,0.1149962686991857,EarlyBlight
15.883744,57.159054,93.32855,2.272303921568627,2.854379084967322,2.4302696078431367,2.529611687812381,0.7197166855013165,0.6917418855677707,0.714348172014915,0.6973599436301063,0.3910325794402832,0.38501119605190165,0.39042814027409034,0.3873904256130465,0.9467775742229,0.933080538608428,0.9430718938236948,0.9406943251150104,0.15290647818372138,0.14823362108531585,0.15243413271788478,0.1500713418566573,EarlyBlight
28.741766,66.584885,100.23808,2.0740808823529413,2.363737024221453,2.1143382352941167,2.889965397923877,0.7217724684710146,0.6999674009570613,0.7182581681035278,0.6861959577718417,0.3942081533932082,0.3904201145416606,0.39360288472962784,0.3872276480474219,0.9578051826326617,0.9518528784570033,0.9569861925587937,0.9411340966261984,0.15540006820168317,0.1524278658387234,0.1549232308674847,0.14994525141233803,EarlyBlight
18.337051,61.48347,80.576126,2.5918198529411764,2.9636293733179575,2.684252450980392,3.339853902345251,0.7029359321276462,0.6809412071102882,0.6953310262336408,0.671569647118381,0.38936303626370883,0.3848953089392417,0.38838736566042986,0.38271215395947333,0.9261533459562178,0.915510782513906,0.9235197377283845,0.9047851106931422,0.15160357400849425,0.1481443988434343,0.15084474580464846,0.1464685927882996,EarlyBlight
30.794405,46.054783,67.073044,1.6375612745098036,2.5369627066512885,1.9083946078431366,1.9554325259515575,0.7590731216240256,0.7202251159991141,0.7481966711977337,0.7387266758994896,0.4519960001048997,0.44532442772665914,0.45117565822091765,0.4486498950872531,0.9414997793981332,0.9093763397407076,0.931824532436103,0.9301493662373495,0.2043003841108285,0.19831384593007645,0.2035594745710783,0.20128672836180322,EarlyBlight
36.45105,69.11501,105.08104,2.13000919117647,2.6299577085736274,2.3494791666666663,2.7146328335255667,0.7111652521832614,0.6794562155644436,0.7019608486527045,0.6822035463069587,0.37566468677242676,0.37056959554996877,0.3745098308645072,0.36917073261061906,0.9561844033845791,0.9457993057278248,0.9516581111026265,0.9440542368844865,0.1411239568878255,0.13732182514606744,0.14025761341416176,0.1362870298162612,EarlyBlight
93.415436,97.52901,88.92139,1.6996323529411759,2.0496270665128797,1.7905790441176466,2.489304113802384,0.7703690834824293,0.7438287561421614,0.7614394915732617,0.7316203436752788,0.39859129030601853,0.39477424596719957,0.3990899968674725,0.39145350467957973,0.9643101725811519,0.9569845850778196,0.9624054382074653,0.947757101210318,0.15887501670781673,0.155846705278971,0.1592728255996792,0.15323584632592574,EarlyBlight
31.673557,61.53663,87.31676,3.1691482843137253,3.244567474048446,3.243933823529412,3.835017301038063,0.6631155137937986,0.6580510150273938,0.6635445833991549,0.6416892681838579,0.39448946341294155,0.39199318202481315,0.39428511788214504,0.3886088573273298,0.9196345886394146,0.9176531922860164,0.9177344740707052,0.9026676324981578,0.15562193674383054,0.15365865475393828,0.155460754183337,0.151016843993253,EarlyBlight
20.42766,59.868244,73.50279,2.7230392156862733,2.8853825451749335,2.757261029411763,3.1120645905421,0.7004286659489004,0.685738026212444,0.7000115587476856,0.6806281779799532,0.3940737422891989,0.39066608773184835,0.3941688421734228,0.38800877888108887,0.9072524858809038,0.9016737207180665,0.9060854846889103,0.8939489903550273,0.15529411436181395,0.15261999210370822,0.15536907614033668,0.15055081248879373,EarlyBlight
26.890993,57.35739,96.164185,3.84877450980392,4.110603613994617,3.9127450980392147,4.3629988465974625,0.6320717907937192,0.6148562302250393,0.6275511766386119,0.6054000856120473,0.27699094969147003,0.27353585063485003,0.27794150405127294,0.2708186708426461,0.8877582723509112,0.879838835751756,0.8859368580706031,0.8724608102356882,0.07672398621098249,0.074821861582531,0.07725147967428377,0.07334275247697748,EarlyBlight
26.343231,63.02314,92.47261,3.03017769607843,3.471664744329105,3.0051011029411767,3.62640522875817,0.6869082891495691,0.6666730689388763,0.6787089842954588,0.6582873195975963,0.40018578321122106,0.3964275110828877,0.3999938893978904,0.39564050028716685,0.9349570821975833,0.9254299243832669,0.9354978388878342,0.9221061558690163,0.16014866108437842,0.15715477154337304,0.15999511155565177,0.15653140546747968,EarlyBlight
58.1093,80.20632,90.44998,2.0619485294117643,2.7939869281045766,2.422748161764706,2.6229757785467136,0.7271741404977206,0.6881603500128882,0.7072669152917471,0.6944416891189005,0.38173722577763597,0.3748303573205927,0.38007031658106877,0.37639741639133384,0.952877958770212,0.9361196382660276,0.9446391820275326,0.9400295562522554,0.14572330954440582,0.14049779676908322,0.14445344554603384,0.14167501506607114,EarlyBlight
13.588847,48.911655,86.136734,3.3046262254901944,4.1038985005767,3.9468443627450993,4.301576316801232,0.6806050814008573,0.6585394421053132,0.6669036001704414,0.6599713535272829,0.4473439890017045,0.4446082487699525,0.44714462669386096,0.4422231027175301,0.9300697865897946,0.9131538475993827,0.9164796107787676,0.9089706160327022,0.20011664449595712,0.19767649487428396,0.19993831718119226,0.1955612725771192,EarlyBlight
60.33884,40.687454,60.627014,2.294240196078432,2.5130334486735886,2.2971200980392155,2.6107497116493663,0.7127136345032045,0.694520459840328,0.7086157480791012,0.690293530186031,0.4181283327837932,0.41365792722429673,0.41795800211965994,0.4137309947510079,0.8831949215828379,0.8720037229291124,0.8830482991084615,0.8670267426677554,0.1748313026765545,0.17111288075550157,0.17468889153585765,0.1711733360176585,EarlyBlight
17.25872,59.625225,84.23955,1.9156556372549005,2.35115724721261,1.8880821078431362,2.2269896193771612,0.7486961224494788,0.7300298040740091,0.7514899160618312,0.7302171484203391,0.45758563112332273,0.4526063718842225,0.45778924211811933,0.45402631977787444,0.9564689668522863,0.9465702791016191,0.9570955430486969,0.9493919711461342,0.20938460981052956,0.2048525278701991,0.2095709901990821,0.2061398990510407,EarlyBlight
26.16439,56.676643,87.96442,4.262377450980391,4.735009611687814,4.285937500000005,4.437831603229523,0.6145959468317446,0.5985092361777379,0.6161861183180982,0.6071516663410852,0.33847676422388584,0.33309079163214667,0.3384463568314423,0.33534924181577286,0.882587847176284,0.8693933600529266,0.8819401109879105,0.8775905644584535,0.114566519919472,0.11094947547013015,0.11454593645247596,0.11245911398641371,EarlyBlight
40.748158,71.78052,89.131454,1.94797794117647,2.678031526336026,1.9728400735294107,2.0626374471357174,0.7560555300783822,0.7230656088632486,0.7541121264259435,0.7451238430276489,0.4374428056462755,0.43128839574426286,0.4377823766390139,0.43502820522479607,0.9617413112789919,0.9474142723939111,0.9612598114080718,0.9594981357491494,0.1913562082116852,0.18600968030365989,0.19165340929570343,0.1892495393411073,EarlyBlight
29.270561,56.359573,81.34885,2.92824754901961,3.50889657823914,3.298100490196081,3.3836831987697056,0.7040367151847404,0.6827025467883265,0.6921580322525145,0.6866217043081265,0.47159988071473025,0.46648181806315087,0.47122514794502196,0.4687321746136965,0.9331226647032647,0.9198783897827522,0.9246757083775183,0.9227374930250787,0.22240644749014782,0.2176052865835026,0.2220531400558078,0.21970985151808484,EarlyBlight
16.594105,47.784195,70.255066,2.5731004901960786,3.1635524798154537,2.8990502450980404,3.197416378316033,0.7311806443952553,0.7109854963824329,0.7212960853420117,0.7098424776806647,0.4951311153500732,0.49093739894045896,0.4948665245116928,0.49094385133034213,0.9369555769205339,0.9225619242621355,0.9289709926588198,0.921732996914738,0.24515482138780748,0.24101952967842333,0.24489287708228183,0.2410258651590691,EarlyBlight
21.148716,53.848812,89.165146,2.109160539215686,2.7388850442137644,2.303921568627451,2.392556708958094,0.7241380218723503,0.6906506047299267,0.7107062392728543,0.6970359072689469,0.39649079055735703,0.39006233605072255,0.3955603269309825,0.3922280991604151,0.9450037465482436,0.9285009393728112,0.9399296011418001,0.9375419003292023,0.15720494699679796,0.1521486260053468,0.15646797224174575,0.15384288177099242,EarlyBlight
80.67865,70.105515,82.51955,2.290962009803922,2.9371011149557855,2.7982689950980406,3.333810073048829,0.7040090156261186,0.6719926424258467,0.6826174357607407,0.6618685728250346,0.39369892923280175,0.3897302391804228,0.3925561937645482,0.3873689754787235,0.9381950332165336,0.9207606869436838,0.9245141414514231,0.9100579741391016,0.15499884687905466,0.15188965933162957,0.15410036526290952,0.1500547231634359,EarlyBlight
14.596902,46.15349,80.82881,3.2644607843137257,3.9793617839292597,3.1806985294117656,3.350157631680123,0.7010813159016331,0.6770607918172444,0.6983663543814692,0.6871415165358807,0.44837786463790613,0.442757470149625,0.448305487835834,0.4454677355911906,0.917038436670056,0.89885159904139,0.9191671335893437,0.9148448656334202,0.20104270949724848,0.1960341773732961,0.20097781042372515,0.1984415034527429,EarlyBlight
17.62935,48.38727,87.57019,2.149969362745098,2.582914263744713,2.3858762254901964,2.6621145713187238,0.7373841704156865,0.7096781360405635,0.7219751072244802,0.7113992939715094,0.4664954205206389,0.4614396526600013,0.4655765489684876,0.4624758850591317,0.9560466535465146,0.9471933177059138,0.9512238424643372,0.9455740980754521,0.21761797736672772,0.21292655304698266,0.2167615229494065,0.21388394426122717,EarlyBlight
13.023793,39.75018,72.23483,3.5498774509803925,4.039184928873511,3.6458639705882363,3.899454056132257,0.6893167346049465,0.6756314080006252,0.6847164088418268,0.6755017310678865,0.4811250103727067,0.4775932211774665,0.4809223216157519,0.47775084028457476,0.9048488590675302,0.8917748631356058,0.9022760302921882,0.8955187850141266,0.23148127560613713,0.22809528491466843,0.2312862794282847,0.22824586539261726,EarlyBlight
22.423517,55.006966,93.826065,1.7316789215686272,2.3233371780084595,1.91064644607843,2.243644752018455,0.7688379507849827,0.7345082880714404,0.7552850662038778,0.7357465423394751,0.4335437693193123,0.42715870009451373,0.43268810380357176,0.4284499073049643,0.9646668046225788,0.9525701454660074,0.9610190298274892,0.95419702992908,0.18796019991559712,0.18246455506643475,0.1872189951731305,0.1835693230696325,EarlyBlight
11.067836,41.527332,64.47945,2.279289215686275,3.1273817762399068,2.682628676470588,2.6908112264513657,0.7554298577072653,0.7298134371196447,0.7417812074537303,0.7362258905340134,0.5422625540888113,0.5368281096358077,0.5418249530629698,0.5402607170827298,0.9352372435714563,0.9112299833126596,0.9237769273127612,0.9236219385527786,0.29404867756692105,0.2881844192951548,0.2935742797616894,0.29188164242274545,EarlyBlight
65.459305,69.3526,93.07498,2.045251225490196,2.598754325259517,2.19001225490196,2.6899807766243744,0.7521282681452006,0.725857205974966,0.7403986140453643,0.7244355103811405,0.43316940362622725,0.4287457755047439,0.43143629449678933,0.42772446612521314,0.9632719603376927,0.9533392644225444,0.9606684327770437,0.9517012894775528,0.18763573223790136,0.18382294001316427,0.18613727620912032,0.1829482189220986,EarlyBlight
84.441574,89.6239,87.83107,2.370435049019607,2.936685890042291,2.4051776960784337,2.696316801230297,0.70777481749495,0.6823926061419527,0.7079364690308968,0.6897933898007287,0.38912938643481354,0.38351607888595723,0.38887696635140206,0.3856147175045706,0.9424240408155887,0.9286473028904518,0.9415801698857157,0.9344875539185432,0.15142167938713444,0.14708458276405975,0.15122529495866951,0.14869871035612978,EarlyBlight
16.94309,49.6129,70.22098,3.4543504901960786,3.815055747789311,3.3397671568627447,3.6042752787389483,0.6905792623485371,0.6705204820370393,0.6888400028405617,0.6800920385362286,0.438268160358355,0.4333662924514401,0.4384654125695798,0.4354116275482687,0.8914572866249548,0.8801353309257042,0.895057727849102,0.8867578111305314,0.19207898038389676,0.18780634343310712,0.19225191801981187,0.18958328540423222,EarlyBlight
11.227809,44.146904,83.35216,2.3583333333333334,3.0008458285274915,2.4043811274509808,2.5086043829296445,0.736163592596925,0.7089158040446583,0.7286136413321422,0.7176344228833362,0.4462148704392212,0.44095500051072856,0.44563325360660816,0.44222957277672514,0.946225544099908,0.9315718771048357,0.9451755673900514,0.9427964317998002,0.19910771060109095,0.1944413124754166,0.19858899672001157,0.19556699503828484,EarlyBlight
60.060356,69.23885,75.48416,1.4757352941176463,2.4216839677047295,1.9221813725490182,2.1096808919646297,0.7765997310152124,0.7407265238571213,0.7601778092746194,0.7498267766930884,0.49551917165470455,0.4896924568846868,0.4942389829882635,0.4912953880451544,0.9681448578226433,0.9477888762749439,0.9585105041062214,0.9545156171460392,0.24553924947736458,0.23979870232976086,0.24427217230527304,0.2413711583144388,EarlyBlight
66.23743,73.18725,91.20326,3.054166666666667,4.008642829680892,3.198161764705884,3.3485582468281447,0.6764415561078218,0.6415020491890014,0.6718635340465081,0.6627103551836612,0.37861168373563986,0.3718252567315512,0.37831351597749896,0.3758261443480797,0.9311144950932376,0.9095426677533179,0.9278667433772653,0.9244378562145893,0.14334680706113617,0.13825402154348396,0.14312111637125735,0.14124529077554362,EarlyBlight
39.735252,71.409874,109.273346,2.2342064950980385,2.4607612456747403,2.2438725490196076,2.9399615532487493,0.7080103005295335,0.6887209358217524,0.7055385274498809,0.6711677605648846,0.30840756737924235,0.3036536493867865,0.30713752612804646,0.3005049427444485,0.9510701963898354,0.945971492123809,0.9508366094455989,0.9354501297982386,0.09511522761678193,0.09220553878591349,0.09433345995605642,0.09030322061384428,EarlyBlight
24.366386,54.187527,85.71175,2.824264705882354,3.145436370626684,2.9548713235294133,3.3553556324490597,0.6917931229142563,0.6696129884994875,0.6851281974871737,0.6639342098040804,0.39220137519282483,0.3882881641287261,0.3916270494030923,0.3859057828065813,0.9183005710831156,0.908892206631717,0.914522424490729,0.9028118799372278,0.15382191870314296,0.15076769840245652,0.15337174582417207,0.1489232732035603,EarlyBlight
19.721262,55.735477,65.31233,2.7725490196078417,2.954432910419069,2.8459865196078424,3.3842983467896937,0.7322234355434153,0.7222592246104429,0.7313559486623641,0.7104459322361596,0.49290854879746476,0.49056344853233225,0.4933054712981839,0.4878879684070835,0.919795560916982,0.9146179092337382,0.9176722227933316,0.9021949465330334,0.2429588374776227,0.24065249703593417,0.24335028801272338,0.2380346697163913,EarlyBlight
18.81923,49.097958,86.54465,3.41971507352941,4.3441599384852,3.785661764705886,3.96236831987697,0.6800105424932684,0.6476317134695224,0.6706064553009732,0.6570545652694206,0.39489220152765253,0.38880864887369343,0.3937202531817774,0.39015286498126156,0.9113172496654166,0.887239765276825,0.9018227969662496,0.8971498316490549,0.15593985082735615,0.15117216543898704,0.1550156377655229,0.15221925805308653,EarlyBlight
31.08953,48.991737,59.486557,2.38814338235294,3.323337178008458,2.5879289215686274,2.5813148788927345,0.7631748309265363,0.7322826935175397,0.7571320408226299,0.7545327096707002,0.5371647236192131,0.5310990835557895,0.5366871156232945,0.535002072804655,0.9295195056198676,0.902059889912882,0.9236233003593407,0.923927591494111,0.2885459403009055,0.2820662365537994,0.28803306007605145,0.28622721790527733,EarlyBlight
20.844385,54.581894,71.19235,2.0162683823529406,2.766966551326414,2.134497549019608,2.225021145713188,0.7671115685549043,0.7382407045890612,0.7615149765090193,0.75316987456466,0.5078743026265338,0.5027880376431484,0.5078121931652575,0.5058124723860911,0.9489957164119932,0.9300594009584564,0.9460049469302025,0.9437581521407694,0.257936307268388,0.252795810797048,0.25787322352730874,0.2558462572213301,EarlyBlight
23.504385,60.118076,83.64316,3.8356311274509793,4.235724721261052,3.9599877450980383,4.237047289504036,0.6502482577002227,0.629724451838829,0.6431397978864888,0.6284630998854878,0.352027315646597,0.3468583115629755,0.35141078147931815,0.3470619605009626,0.8893606998170895,0.8776994547141169,0.8857736163118191,0.877661267431435,0.12392323096134883,0.12031068830031816,0.1234895373399051,0.12045200442677172,EarlyBlight
63.587128,84.69932,92.96867,2.6820772058823494,3.317308727412534,2.840808823529409,3.170165321030373,0.6950242671427028,0.662528811394377,0.6864573386789,0.6691961283807218,0.3452548393297506,0.3397786477068338,0.34513304289771574,0.3404648769247595,0.9363767477586614,0.9212311505879939,0.9326113745150868,0.9247250421041824,0.1192009040806119,0.11544952943748467,0.11911681729983647,0.11591633241939163,EarlyBlight
16.856752,43.074142,74.05553,1.7752757352941162,2.1462206843521727,1.9735906862745098,2.261991541714726,0.7662691351886809,0.7447640432367649,0.755441746980593,0.7390046341699746,0.4976105657445094,0.49384540567823504,0.4971616858161753,0.49335867093623187,0.9559258025882007,0.9467440392056158,0.9510023013396613,0.9438713205305121,0.24761627514057072,0.24388328470950052,0.2471697418435814,0.24340277818796513,EarlyBlight
25.371328,65.01609,89.43692,2.4307904411764714,2.9500038446751256,2.602542892156862,2.8289427143406387,0.692078704564976,0.655712553434897,0.6745051633862689,0.6612829039621608,0.349762033181496,0.3432381149631716,0.3484156312423368,0.34430705644516596,0.92467328195399,0.908386704463944,0.9193509192239254,0.9121462958730484,0.1223334798552539,0.11781240356347139,0.12139345209399605,0.11854734911793469,EarlyBlight
59.62252,64.6769,93.65292,1.6976102941176465,2.518892733564014,2.0606158088235293,2.3518492887351012,0.7624287104981706,0.7170550394302639,0.7359027793313707,0.7168447786709742,0.4010066821468786,0.39427853706993704,0.4002341588606767,0.395686266366047,0.9658710717319978,0.9493477586431343,0.9585804978351818,0.9527068260468129,0.16080635912644772,0.1554555647940097,0.16018738191891338,0.1565676213907023,EarlyBlight
55.112774,72.072784,86.973465,2.4315716911764707,2.592618223760093,2.487867647058824,3.1411149557862346,0.7107859078887324,0.6971275679629928,0.7078032498068566,0.684093652893411,0.37379926614615977,0.369827809137959,0.3723871096162438,0.36727439933501144,0.9400456760628001,0.9360429843167033,0.9386392442211653,0.9225121557282052,0.1397258913714076,0.13677260841178263,0.1386721594083404,0.13489048440689347,EarlyBlight
31.013836,74.22974,95.17474,1.5834865196078436,2.133702422145329,1.983455882352939,2.4097193387158797,0.7680647864240985,0.7291869892942295,0.7367340263789123,0.7130136842181645,0.3949599930304978,0.388563394026726,0.39210163699968814,0.38666327199767564,0.9640606751764048,0.9515163894978683,0.9549828404937701,0.9452445230294635,0.15599339609465088,0.15098151117756872,0.1537436937378352,0.1495084859119485,EarlyBlight
23.263275,67.35327,86.59218,2.791176470588233,3.2675432525951584,2.976225490196078,3.246566705113417,0.6929243330757803,0.6673371132529043,0.6833577242415674,0.6687238764238594,0.39711688941079815,0.3915580018557032,0.39650138144856006,0.39318441701198936,0.9315104423064938,0.9197746328574463,0.9269688355071697,0.9202896531943083,0.15770182385530807,0.15331766881723088,0.15721334549061655,0.15459398578105793,EarlyBlight
17.428274,62.682117,103.195724,2.2670649509803917,2.8707881584006163,2.576026348039216,2.797339484813533,0.7059436551597326,0.665472552740871,0.6795631634432708,0.6624963939662768,0.34993983462036793,0.3434109341019206,0.34802462290438224,0.34389155973504615,0.9461841461086044,0.9317049281562138,0.938857725848634,0.9334522474329078,0.12245788785413046,0.11793106966075365,0.12112113814773746,0.11826140485700282,EarlyBlight
15.958809,61.75093,107.34671,2.9181678921568612,3.5433448673587074,3.1236519607843127,3.2897193387158796,0.6573943265888491,0.624918145856239,0.6414448740877547,0.6325206332432628,0.33278650328939724,0.32742251303024,0.3318645298151605,0.32779764833523384,0.9263288572027907,0.9102571630622819,0.9211432859076054,0.9166807756237423,0.11074685677158398,0.1072055020390377,0.11013406614943758,0.10745129825410964,EarlyBlight
16.07332,32.486282,86.28235,3.0424325980392153,3.698854286812765,3.3668198529411772,3.4446751249519423,0.6918325541781031,0.6620998151065005,0.6786511152331005,0.6685108319016799,0.4046883460085583,0.39845696045326684,0.4041146581362342,0.40117251977876567,0.9187601972657935,0.9011129651501549,0.9100983269536247,0.9079083189781353,0.1637726573951426,0.15876794933365623,0.16330865692056543,0.16093939062564414,EarlyBlight
18.979307,60.00696,80.24725,2.855269607843139,3.3328412149173374,2.8373774509803926,2.9726720492118432,0.6996953854764402,0.6760520058082328,0.6984737900312267,0.6859830428673221,0.40415236732498977,0.39807290531986245,0.4038907419667339,0.4010351285842721,0.9113040561915138,0.8963716659264103,0.9118481635353952,0.9075704437729162,0.16333913601439345,0.1584620379497962,0.16312773144643886,0.16082917435860367,EarlyBlight
39.826153,72.99029,94.2393,2.8136335784313715,3.473402537485581,3.0761642156862745,3.3362552864282984,0.6739444321154483,0.6498229916479791,0.664955359907582,0.652914647068438,0.3649395671160895,0.36008028233105677,0.36537329264412705,0.36164372940498585,0.9362450171996469,0.9212132250114382,0.9302962552886946,0.9243241197300137,0.1331808876468788,0.12965780972361354,0.1334976429776109,0.13078618701794664,EarlyBlight
27.845297,65.029724,93.54669,1.9365502450980385,2.7411149557862364,2.160707720588233,2.320907343329488,0.7389174134572529,0.7056710882854866,0.7268118839786423,0.7117477751368081,0.4264121924246464,0.4199398015781203,0.4262242085033556,0.4226928870108247,0.959686376296313,0.9428997439711758,0.9550201746237118,0.9516531026035667,0.18182735784839366,0.17634943694947103,0.18166707591431194,0.1786692767295458,EarlyBlight
33.23525,64.201096,75.43538,2.36798406862745,2.8421376393694753,2.616268382352941,3.0354171472510583,0.6962009527160101,0.6740911295414168,0.6888757963070768,0.6654644161332315,0.3788189683611037,0.3748687545557393,0.3778428548747393,0.3723344203255952,0.9137943882492079,0.8964345132232573,0.9047556867493118,0.8893915445645802,0.14350381079017088,0.14052658314217112,0.1427652229798933,0.13863292055919701,EarlyBlight
28.568892,58.175568,82.668304,3.146599264705882,3.6171318723567865,3.185202205882353,3.534886582083813,0.6793301827848057,0.6620881751607408,0.6758115860611594,0.6625396625701055,0.4237939511237967,0.4202407045705405,0.4235550118482169,0.41987828922205545,0.9200626588224752,0.90807688501798,0.9190819757994126,0.9101670060147494,0.17960131300911897,0.17660224977794434,0.17939884806174317,0.17629777776004002,EarlyBlight
45.719482,68.39549,78.76645,2.6108302696078427,3.117831603229528,2.96032475490196,3.529919261822377,0.692698891864391,0.6710241808035742,0.6799183422577985,0.6587279309744193,0.3731606277551176,0.36780942781571496,0.37135432337893454,0.3656808306655776,0.9264472994480695,0.9121455103363173,0.9165924507825073,0.9005336719624611,0.13924885410659343,0.13528377519012363,0.1379040334922263,0.13372246991626685,EarlyBlight
18.524088,61.411358,88.06575,3.5206495098039228,3.7946328335255672,3.4831188725490208,3.964475201845445,0.6651118160234336,0.6521132368365895,0.6627124444006302,0.6465447373706923,0.3699162557960157,0.3657983775162055,0.36961804885412325,0.364343711326405,0.9106723690104661,0.9036328357422444,0.9116246145850884,0.8993195785382254,0.13683803630214333,0.13380845299348837,0.13661750203872902,0.1327463399830987,EarlyBlight
32.97676,65.270355,95.193726,1.5602941176470577,2.2387081891580167,1.7905330882352948,2.0186082276047665,0.7808529381166288,0.7385716396172582,0.7554213910300165,0.73867061955226,0.4146312176932293,0.40731406514361435,0.41290723987926586,0.40908701749175685,0.9682351219751226,0.9543994765233725,0.9635542927014391,0.9588827229504362,0.1719190466857701,0.16590474766381652,0.17049238874471362,0.16735218788030098,EarlyBlight
53.641968,61.673416,83.025696,3.037591911764705,4.168027681660897,3.816421568627452,3.9040061514801994,0.6710022224017276,0.6317578323559551,0.6443593237600641,0.6399314185525163,0.37778091282700493,0.370622448411707,0.3752401502200024,0.37189095945394096,0.9143664238509713,0.8824240090584946,0.8924102260912352,0.8898717986155255,0.14271841809640512,0.13736099926668843,0.14080517033712997,0.13830288572357274,EarlyBlight
49.55605,61.548355,81.044235,3.296415441176471,3.938885044213764,3.555759803921567,3.907051134179162,0.6834124636749584,0.6602971549748339,0.6747544092458226,0.6606372828851222,0.41999733666366296,0.4161797121777605,0.4194158605969977,0.4147020037449853,0.9177651756250336,0.9017366206291739,0.9112959181853627,0.902530781297695,0.17639776280457023,0.17320555282836358,0.17590966412032022,0.1719777519101058,EarlyBlight
61.936253,59.792126,75.70178,2.3216605392156873,2.5211380238369845,2.3971354166666656,3.1199231064975006,0.7476985460530102,0.7369606585625355,0.7436537612007801,0.7224872683235765,0.4681712483888417,0.46421281701652634,0.46776869833637247,0.46090107254287266,0.9520821451406031,0.9480212916738099,0.9505250665677153,0.9356760431913966,0.21918431781796655,0.21549353948241895,0.21880755514330424,0.21242979867117034,EarlyBlight
38.854385,52.924545,82.23613,3.1274816176470592,3.5707189542483673,3.3952818627450974,3.8463360246059213,0.6851419957980267,0.6639737730796584,0.673134184402286,0.6550181996926013,0.40814385410724363,0.4046483562794418,0.40762983932603036,0.4018486160147882,0.917634079380001,0.9059216285070013,0.9105812437676984,0.8986598962152302,0.166581405645515,0.16374029223965406,0.16616208590896533,0.16148231019300072,EarlyBlight
12.312569,51.43074,81.41153,3.7162377450980397,4.0276201460976555,3.744301470588235,4.3369473279507895,0.6582331059150021,0.6462858851938724,0.6536064369664276,0.6424780889673926,0.4331061348314279,0.4302351917060675,0.43288124836122444,0.4280307783174283,0.906173738866037,0.8982915441929752,0.9054651958134006,0.8904801844161833,0.187580924028619,0.18510232018235664,0.18738617518277206,0.18321034718702345,EarlyBlight
42.02545,47.05599,78.982895,1.5051164215686268,2.313725490196079,1.7061274509803916,1.8695886197616307,0.7959545812647735,0.7629685158593449,0.7847015553082504,0.774275509259825,0.537097115534568,0.5318323537629769,0.5368537131057475,0.534768222280798,0.9718357120014661,0.9567470093617708,0.9680743202299674,0.9650497436232004,0.288473311515553,0.28284565250906823,0.2882119092754282,0.28597705156136494,EarlyBlight
30.006279,62.05045,80.20058,2.1675551470588243,2.7742868127643208,1.9539828431372537,2.2066282199154172,0.7342445650757884,0.7099161935615192,0.7513748779424467,0.7268857552065705,0.42461465381036284,0.41860971490664634,0.4256118105637015,0.42204131695372643,0.9422088966171512,0.9260139282810472,0.9479031365595079,0.9411525322527653,0.18029760423049426,0.17523409341422375,0.18114541329131215,0.17811887321603576,EarlyBlight
34.80464,51.08218,75.67296,2.385784313725489,2.583652441368702,2.4243872549019616,3.2615763168012313,0.7355456581660144,0.7228734351065278,0.7366798498249614,0.7023191911970228,0.47313293973348713,0.4707002786559584,0.4732358906813346,0.46669389496511215,0.9428798254509839,0.9381778166418359,0.9419555982585174,0.9219563104288474,0.22385477866085157,0.22155875232679692,0.2239522082289561,0.2178031915977071,EarlyBlight
24.838053,55.492577,74.86734,2.8933823529411753,3.396293733179549,2.8627757352941163,3.069342560553635,0.7003766561181576,0.6762693853397124,0.6993872137478554,0.6853340375112146,0.39938508800830874,0.39264091436796406,0.3992661287771875,0.39516118506764436,0.9116566445178806,0.8962790458075722,0.9125905567412855,0.9062639559126642,0.1595084485234045,0.15416688763571088,0.15941344158872164,0.15615236218406506,EarlyBlight
14.909539,52.030926,71.24249,2.1335477941176455,2.775594002306806,2.345143995098038,2.456578239138794,0.7550234918481142,0.7298011960349262,0.7421704580415005,0.7362915258852355,0.5246939677952428,0.5199570171820836,0.5250650505226975,0.5227217836305843,0.947512032800108,0.9317753033874172,0.9423069346930509,0.9396167844129308,0.2753037598407153,0.2703552997168896,0.2756933072804028,0.27323806308193943,EarlyBlight
14.486159,43.40819,80.131805,2.3689950980392154,2.6881968473663975,2.4842830882352938,2.8238985005767017,0.7355851745810218,0.717703682913961,0.727597451914058,0.7141382773011045,0.4791070882916932,0.4758534623018116,0.4788414968225502,0.4747027547977746,0.9446409730819649,0.9371910792570588,0.9419469063201248,0.9340204504433527,0.22954360205134428,0.22643651758462163,0.22928917907926036,0.22534270541259607,EarlyBlight
37.863884,68.900986,98.65912,1.8984068627450972,2.484183006535949,2.1175245098039213,2.6674971164936547,0.7432187836866639,0.7087136989720115,0.7241092574029298,0.7076628240087062,0.4267734731155793,0.42149819251834586,0.42514291338632454,0.420790572947463,0.9622850680131156,0.9506001384014064,0.9579257012421805,0.9469547907970511,0.18213559735513407,0.17766072629623253,0.18074649680261187,0.17706470628145418,EarlyBlight
68.79835,80.30514,102.792725,2.4050245098039214,3.488242983467898,3.1508425245098044,3.398093041138027,0.7089068048917736,0.6498667687928743,0.6652166003458574,0.6528049279789779,0.34383198515628816,0.3362642743902093,0.34123084009289983,0.33680602660404646,0.9458490854868542,0.921331322374571,0.9290596959411775,0.9233644309729023,0.11822043401651396,0.11307366223117395,0.11643848623050616,0.11343829955680566,EarlyBlight
14.055686,43.61971,64.53383,2.3553308823529404,2.7800076893502514,2.4085171568627457,2.547973856209151,0.7509756839844337,0.7295599465765537,0.7470539363283453,0.7373126161048034,0.5084832997969696,0.5046626379360796,0.5087319751276997,0.5051667177876924,0.9280133983784116,0.915105433465156,0.9263878521829448,0.9221911734655852,0.2585552661724149,0.25468437812860256,0.25880822251733054,0.25519341276039004,EarlyBlight
32.404922,77.2253,88.59837,1.880790441176469,2.781791618608225,1.914644607843136,2.0970703575547867,0.7460041324133233,0.7116846629657673,0.7447890331261406,0.7256118478131286,0.42212049440212185,0.4153525032160644,0.4215722500236226,0.4187079238934939,0.9577803090374478,0.9375272068995825,0.9570203559756021,0.9529045088466818,0.1781857117942918,0.17251770192785076,0.17772316198997976,0.1753163255311999,EarlyBlight
16.435835,50.77341,78.14711,2.4146752450980395,2.784282968089197,2.8143688725490197,3.384544405997693,0.7366554672867872,0.7217618648447899,0.72463888259506,0.7103215585204984,0.5132702554628049,0.5108459007357674,0.5131403627937233,0.5081607779482714,0.9483172886434745,0.9404444594850634,0.9397624113693859,0.9276049260056602,0.263446355142853,0.2609635342985375,0.26331303192807404,0.25822737624499237,EarlyBlight
26.788393,61.986492,76.79343,4.149509803921568,4.697208765859283,4.222242647058824,4.5851903114186845,0.6423900585934268,0.6255130027226894,0.6376616201559521,0.629139691028123,0.3786653105062369,0.3735827614440849,0.37825003552766795,0.37478190688709856,0.8763878199295666,0.8600276455445695,0.8742211386279773,0.8633656889639871,0.14338741738078484,0.13956407964818807,0.14307308937668206,0.1404614777299298,EarlyBlight
55.80677,67.1246,84.937546,2.8857843137254906,3.4443983083429437,2.652144607843137,3.163337178008457,0.6877397273601739,0.6692978217368136,0.6968676213410534,0.6770701980725313,0.4268386855506949,0.4211776335211876,0.427158002916893,0.4240149498953764,0.930118019167379,0.9165789631435436,0.9357758243507229,0.923386076843419,0.18219126348264497,0.1773905989785078,0.18246395945594834,0.17978867773477855,EarlyBlight
22.489214,60.628418,87.18852,3.4425551470588234,4.367827758554406,3.8854166666666687,3.9902806612841215,0.6630554879131625,0.6384543558630731,0.6535214835846818,0.6462672044624755,0.38954445778648145,0.3847992733921894,0.3899134673274905,0.3869549335484062,0.9186554695606982,0.8967727169721009,0.9082195225885592,0.9056954964263678,0.15174488459216384,0.1480704808031569,0.152032512003346,0.14973412059745145,EarlyBlight
20.29627,49.494644,78.16754,3.17904411764706,3.206981930026913,3.001133578431373,3.5414071510957332,0.6845228149351923,0.6780399068776516,0.6922773001755177,0.6650397268958974,0.39175306646603786,0.3889649654208171,0.3922520869710263,0.386285343393163,0.9035272936110896,0.9026225727539164,0.9089209793013342,0.8924680194412521,0.15347046508554388,0.15129374432481743,0.15386169973312558,0.14921636652037384,EarlyBlight
76.76301,75.599365,111.574844,2.1184742647058816,3.116555171088043,2.4522365196078426,2.674632833525569,0.7233176594120537,0.6804948521076666,0.7039392982021678,0.6919557538411686,0.3801785157704018,0.3733173730609258,0.37866626918686414,0.37477378208845047,0.9620601253267762,0.9440962746787945,0.9560827583449826,0.9520233299100268,0.14453570385338566,0.13936586102911042,0.14338814341989864,0.14045538774088134,EarlyBlight
32.25033,52.050022,63.96614,1.9539522058823529,2.3471895424836617,2.1127757352941177,2.5657516339869275,0.7384769051382241,0.7142669604102985,0.7262187767717028,0.70910407861837,0.4484649710661496,0.4451486904681086,0.4479229229516,0.4424695484213389,0.9253986864851047,0.9104073066809235,0.919334851415075,0.9020647480247921,0.20112083027336236,0.198157356625472,0.200634944905505,0.1957793012801836,EarlyBlight
13.148205,43.719368,83.31822,4.649509803921566,4.9157708573625545,4.558210784313722,4.9663975394079225,0.6435440991262326,0.634323174254336,0.6421069695835656,0.6343293629051703,0.4300860014676001,0.42727425063929797,0.4303976679566704,0.42622744670960366,0.8879291915662627,0.8814814190034662,0.8901298439722491,0.880260816438644,0.18497396865838855,0.18256328525937363,0.18524215258254031,0.18166983632858802,EarlyBlight
27.801554,59.55793,97.001495,2.4863357843137246,3.0730949634755875,2.81498161764706,3.132979623221837,0.699137569347644,0.6626027386683798,0.6775511379740724,0.6611244986601421,0.3669996706385174,0.3603508298752008,0.36542173228968516,0.36102164615572463,0.9372444495215022,0.9222803997365581,0.928949371152193,0.9207658966467703,0.13468875824878024,0.1298527205917459,0.13353304242959432,0.13033662899298923,EarlyBlight
32.423077,73.1192,74.18239,1.9315870098039218,2.316232218377548,1.8935202205882347,2.1184313725490203,0.7367706560396889,0.7123874491782305,0.7370354831727335,0.7212654924864047,0.43031504048915203,0.42524787836113603,0.43032633396383313,0.42705559120446945,0.9396743395005844,0.9276484828627095,0.9408638179396434,0.9338271342073424,0.18517103407118057,0.18083575805064753,0.18518075370275244,0.18237647797899892,EarlyBlight
10.248458,43.56654,75.96542,2.5811887254901977,2.8638831218762006,2.7713541666666663,3.292579777008844,0.7232983223019379,0.7072122416064134,0.7177335526987507,0.6983985823794662,0.463376500817441,0.46020523665337437,0.46322206894847473,0.45827460644170354,0.9286323232319005,0.9208141241553747,0.9233744102384344,0.9089607353599185,0.21471778150981588,0.2117888598431883,0.2145746851609055,0.21001561490929826,EarlyBlight
16.46433,53.53368,76.66971,2.9342830882352935,3.2539484813533273,3.058884803921569,3.299900038446751,0.6899246644495594,0.6701825302392111,0.6836449983319421,0.6704351426897166,0.4204278389443248,0.4166389089969372,0.41987766610372707,0.414685430504483,0.9087017748541544,0.8987063177199196,0.9048248771076851,0.897275870233991,0.1767595677593951,0.17358798049015808,0.1762972544927129,0.17196400627268837,EarlyBlight
13.46786,40.80972,81.47688,1.7439644607843128,2.524567474048444,1.980085784313724,2.080984236831988,0.7622173432939063,0.7156557950712751,0.7397584489589023,0.7291986850567563,0.43531737313466934,0.4283145017905411,0.43413252514619066,0.4309991946356469,0.9541634792686007,0.9336207663071889,0.9479575156813531,0.945284037607356,0.18950121535286896,0.18345331244407945,0.18847104938980788,0.18576030577657623,EarlyBlight
29.80941,60.23515,75.83626,1.721752450980392,2.4255440215301816,1.9916513480392153,2.173733179546328,0.7796054561334833,0.7480033637095637,0.761881182501703,0.7517457454459674,0.5177038278350655,0.5122331797999453,0.5171078521586754,0.5144896265660637,0.9622476849659539,0.9468572674971324,0.9563298087701709,0.9523743457691449,0.26801725335507914,0.2623828304879631,0.26740053076415843,0.2646995758440876,EarlyBlight
69.704605,73.538765,101.86937,1.793198529411764,2.1986620530565166,1.9985294117647052,2.560615148019993,0.7411622708202537,0.7172560065455974,0.7337056168041339,0.7059114348617198,0.4146313139046397,0.41097204410325566,0.4141236725140476,0.4089196645083559,0.9692581792000857,0.9622894172991546,0.9657380752704608,0.9560813408453531,0.17191912647028787,0.16889802103440832,0.1714984161365221,0.16721529202162633,EarlyBlight
101.50863,86.568695,93.515305,2.7354473039215677,3.3050980392156872,2.8891544117647068,3.5233833141099553,0.6726569459842653,0.6480072423816655,0.6642639565073557,0.6445467385502827,0.37177731735363795,0.367432209817275,0.37132981290285555,0.3674030195922559,0.9319986815954183,0.9177782654519778,0.9281776297453225,0.9123479291305916,0.13821837369866763,0.13500642881120598,0.13788582995046972,0.13498497880550758,EarlyBlight
68.66078,40.558735,87.096054,1.9641237745098035,2.4999307958477512,1.9051776960784301,2.3262437524029216,0.7304504724528942,0.697647355154947,0.7239203002318776,0.7081524333805448,0.38798670026093485,0.3826895652725821,0.3876287069330099,0.38348662786729787,0.9513233750943938,0.9380012563773151,0.9527842281153178,0.9423087270061038,0.1505336795793685,0.14645130336851786,0.15025601443855727,0.14706199375303142,EarlyBlight
21.299648,67.81678,75.514984,2.8546262254901955,3.3776086120722804,3.1784160539215685,3.433525567089581,0.6484213765175088,0.6172817726397429,0.6320058287167206,0.619931437376426,0.3238090785116298,0.3189773923222796,0.3234747003452884,0.3189060520741301,0.8632728305816842,0.8378992528283977,0.8478438264481247,0.8352156322161267,0.10485231932655086,0.10174657681272149,0.10463588176347413,0.10170107004950776,EarlyBlight
62.255836,66.64837,82.237595,2.5921568627451,3.5691503267973834,2.8401348039215697,2.8262668204536716,0.7067279302914354,0.6718029660963195,0.6989232669302189,0.6920776604555376,0.41990144289063547,0.413591584154841,0.4192373498534601,0.4168672324075257,0.9357163558212334,0.9114959765404328,0.9295691622610752,0.9299172181103614,0.1763172217416376,0.17105799848371092,0.1757599555121525,0.17377828945511004,EarlyBlight
60.827454,59.33146,71.74504,3.735232843137253,3.9386082276047665,3.767126225490194,4.45041138023837,0.6538335135478599,0.6447953267750712,0.651536092814278,0.6323848815385745,0.390582691264126,0.38698919127409226,0.3897631170685743,0.383926044237813,0.8858676822618878,0.8796947237272514,0.8848871208176003,0.8640616321035096,0.15255483871512757,0.14976063416297597,0.15191528742701116,0.14739920744409515,EarlyBlight
14.777073,62.49095,98.72438,3.0200367647058814,3.617070357554787,3.460998774509804,3.9007766243752426,0.6569980518553347,0.6356081478709725,0.6449477778652691,0.629386915104722,0.35875007239638884,0.3545136689231158,0.3581962069516819,0.3532549725395486,0.9291936459505152,0.9150448070330482,0.9188550591646064,0.9083813146867282,0.12870161444441425,0.1256799414533286,0.12830452267457215,0.12478907562391722,EarlyBlight
43.43919,67.31105,83.45538,1.8391237745098037,2.666574394463668,2.2904718137254894,2.591372549019607,0.7608522817821628,0.7127836935796505,0.7293761172013772,0.7210758597516495,0.427910325893299,0.4214268112073966,0.42582553889412567,0.4222343771301586,0.9551211713302133,0.9349171435093329,0.9441072463279104,0.9367525886126188,0.18310724700610936,0.1776005572044347,0.18132738957447253,0.178281869230493,EarlyBlight
57.19566,93.78852,94.45358,2.9113051470588225,3.317339484813533,2.7141544117647034,3.4969319492502886,0.6865783294358054,0.6611555961905541,0.6871959872430197,0.6593274991449507,0.3385910292510249,0.33382511735257653,0.33842268101895884,0.3319403934351509,0.9301340588782943,0.9203011911371028,0.9348653120339709,0.9159864969184726,0.11464388508926841,0.11143920897546147,0.11452991102805996,0.1101844247938828,EarlyBlight
32.07258,55.1155,94.22406,3.2134497549019625,3.8482429834678977,3.578063725490196,3.8754940407535567,0.6692939523936766,0.6371053029226027,0.6515277857630937,0.6352358462266271,0.34630029660049,0.33990607833561326,0.34490104737510746,0.3412820269412249,0.9191951686801735,0.9030793911928026,0.9100140898769109,0.9023930547000596,0.11992389542558733,0.11553614208949606,0.11895673248044611,0.11647342191311096,EarlyBlight
29.25627,67.63048,97.70978,1.0955575980392154,1.5515878508266046,1.332935049019608,1.8627604767397152,0.8187693963124497,0.7775055020657066,0.7921855978847082,0.7725265135859313,0.4697131314073971,0.4630187715249652,0.46656157258869485,0.4611512856630808,0.9810495508495868,0.9731530226937879,0.9769435053780305,0.9677688322841025,0.22063042581654274,0.2143863827844879,0.21767970101643597,0.21266050826871236,EarlyBlight
36.361565,42.629665,70.76759,1.4394301470588236,1.5804998077662447,1.4411764705882346,1.8101960784313726,0.7765999735486288,0.7554574606193319,0.7699217162428741,0.7349182964263735,0.376441956970943,0.37130805354539836,0.3754287478057982,0.3676748749858402,0.9365440180310765,0.9302399559991522,0.9364670329306728,0.920101630217841,0.1417085469681133,0.1378696706276724,0.14094674467902962,0.13518481369585325,EarlyBlight
25.783817,49.991486,69.713806,3.057322303921571,3.244567474048444,3.281893382352942,3.735486351403308,0.7060661757022304,0.6961028177736007,0.700835051079689,0.6824827502295312,0.4705842510378849,0.4679921776289648,0.4695572238783361,0.46506519578674677,0.9120073119577705,0.9066687585857656,0.9055361996077461,0.892547284731381,0.22144953732488712,0.21901667832190053,0.22048398649632983,0.21628563633216508,EarlyBlight
12.760473,51.34789,87.317245,3.772702205882352,4.288658208381394,3.640625,3.973118031526338,0.6590404385476468,0.640700257379164,0.6605809125707968,0.6449559650016251,0.41164988850136336,0.406415543774311,0.4119176808064632,0.4086706677572977,0.9076739998631347,0.8949753022326538,0.910906208360631,0.9027025470018673,0.16945563070318487,0.1651735942213689,0.1696761757609753,0.16701171468519563,EarlyBlight
32.306473,69.1506,95.291794,1.9944852941176452,2.615024990388312,2.2331495098039214,2.3215686274509784,0.7485494019202977,0.7105769197988083,0.7313262554162653,0.7174214490549188,0.3946754718177507,0.3877100832150643,0.3940003415967058,0.39084453100090094,0.9572296892269367,0.9438818128741417,0.9521168598438843,0.9501793597786677,0.15576872805456413,0.1503191086266321,0.15523626917832087,0.15275944741331424,EarlyBlight
52.342827,79.72984,97.29628,3.135477941176473,3.5798846597462526,2.9793811274509805,3.6430911188004633,0.6740938781801052,0.6546597110316645,0.6753308074634338,0.6566766197509549,0.3772305596903168,0.37312083032269955,0.37736532624172103,0.3727596948964211,0.9341081196309032,0.9247022633085606,0.9373884847838274,0.9233728061434793,0.14230289516426967,0.13921915402070073,0.14240458944952053,0.13894979013927292,EarlyBlight
19.274473,54.6788,86.58925,2.610110294117646,2.8385697808535184,2.861090686274509,3.414717416378317,0.7141378909082464,0.6935972953892863,0.7016950362691977,0.6815552770080905,0.42514235922174975,0.42190009046692684,0.4245387072285581,0.41907716305511783,0.935177970382205,0.9294523760724095,0.9289448780678533,0.9151332471251713,0.1807460256046353,0.17799968633600105,0.18023311393529537,0.1756256685943258,EarlyBlight
39.0427,71.161316,86.31033,3.606464460784315,4.121614763552481,3.8534007352941186,4.399415609381006,0.6592694114638167,0.634620312921788,0.6454185318991706,0.6321135355708974,0.36715535823396217,0.3630123352862575,0.3667438283094118,0.3621030229038306,0.9015686691133785,0.8874035473341504,0.894829030775476,0.8798144368562688,0.1348030570799091,0.1317779555699822,0.13450103560304336,0.13111859919609206,EarlyBlight
21.12061,52.927948,92.203125,2.549325980392157,3.066389850057669,2.8866727941176458,3.199723183391005,0.7074520023231659,0.6808137094745422,0.6904403220920278,0.6725725024496173,0.4029328252162516,0.39806293402190873,0.4020646847713813,0.39755850173932217,0.9365843576470051,0.9236205660040875,0.928192702341767,0.9202994212603433,0.1623548616367504,0.15845409944213049,0.16165601074031022,0.15805276230521462,EarlyBlight
15.907128,60.949123,80.64549,2.6339767156862717,2.6039830834294526,2.601194852941175,3.5661668589004245,0.7290912906937317,0.7220424002736837,0.7279953936204815,0.7036631762827941,0.4666718444184987,0.4641003767200353,0.46650530592588724,0.46152256174646905,0.9440895154074254,0.9447552083103931,0.9447853643194571,0.9243420026404833,0.21778261037296345,0.21538915967167865,0.21762720045700562,0.21300307500102336,EarlyBlight
49.979687,73.36493,87.66783,2.6100490196078443,3.325520953479431,2.7541360294117667,3.0109342560553642,0.6919745604938615,0.6561452566523512,0.682995098508908,0.6646428311771415,0.35232517914632816,0.34561233565870886,0.35115087277730045,0.3468134587882327,0.9243915958515042,0.9035341296804832,0.9202224836614834,0.9126595357074714,0.12413303186049222,0.11944788655946803,0.12330693545225983,0.12027957519665719,EarlyBlight
20.812305,51.13864,89.536896,3.976286764705883,4.467358708189161,3.805545343137256,4.259838523644752,0.6531240148325795,0.6349278601480431,0.6552981559009065,0.6380207115127355,0.3840804357854384,0.37903449967541486,0.3845432769806347,0.3805891136482101,0.9004531318237368,0.888035782496276,0.9047276660288605,0.8932368054264804,0.14751778115313224,0.14366715194419205,0.1478735318710051,0.14484807342753017,EarlyBlight
25.39104,53.854332,73.063736,2.263051470588235,2.613164167627837,2.5807751225490203,2.9950480584390635,0.7263734522466161,0.7044255510007563,0.7123955953409191,0.6941262774286955,0.43038362674096775,0.42682328875344655,0.4294721485968876,0.42380066933713345,0.9287544789935903,0.9177184247194384,0.9187521633307816,0.9056939187566625,0.18523006616670865,0.18217811982230803,0.18444632642042708,0.17960700733060234,EarlyBlight
32.415863,76.29735,84.484024,2.0899203431372544,2.2526105344098424,1.9873161764705878,2.6077970011534015,0.7364354641288561,0.7237958836060366,0.7415993628957603,0.7152007996299595,0.44366760025942403,0.4411789919508067,0.4441467304694081,0.43791099026172087,0.9515547030391535,0.9477850706303366,0.9539377569492045,0.9395519354205423,0.19684093951995607,0.19463890293872993,0.19726631818666507,0.191766035392001,EarlyBlight
22.136963,51.704865,84.76178,2.3191482843137234,2.6161630142252994,2.392677696078432,2.8102114571318717,0.7358193097950855,0.7189110235910564,0.7323576808597706,0.711821203291166,0.4527627566174765,0.4493994123184157,0.45282572288412626,0.44742323458924205,0.9484629694195033,0.9418586020646075,0.9468289697445738,0.9375460849636381,0.20499411377985627,0.20195983179213736,0.2050511353055315,0.2001875508502999,EarlyBlight
29.69719,75.64781,99.27985,2.4852022058823526,3.0428604382929647,2.8055147058823535,3.205044213763938,0.690725751098159,0.6627810307829645,0.6745100571669161,0.6637482856051594,0.3693936923590395,0.3647069484523159,0.36720913141208783,0.3640892558960576,0.9468352422864789,0.9348173553066422,0.9399709565241472,0.9313431329885916,0.13645169995464473,0.1330111582494002,0.13484254619242,0.1325609862589449,EarlyBlight
14.342036,43.1937,99.52144,1.6860447303921564,2.3111572472126114,1.7528799019607844,1.878738946559016,0.7726059847192414,0.7382453349962484,0.7635268150917404,0.7462826028849767,0.4353528313189644,0.42829762313409264,0.434061500576208,0.43061590277406325,0.967051866317326,0.9547922001835254,0.9657435414467389,0.96325062228148,0.18953208773743868,0.18343885398231327,0.18840938628246945,0.18543005572192148,EarlyBlight
10.953048,53.735992,88.46858,2.679718137254903,2.7855440215301805,2.6965992647058834,3.0893963860053844,0.7256347273794734,0.7078262776934141,0.7211816166823692,0.7034590936111932,0.44258364334850137,0.4392674514515096,0.4424481184717568,0.4366387093064083,0.9366957457340046,0.9341535468116863,0.9362969548426809,0.926970892242621,0.19588028135963345,0.19295589390470433,0.19576033753919775,0.1906533624647661,EarlyBlight
35.68127,58.615,80.438934,3.471660539215685,4.2323106497500955,3.9511642156862754,4.008765859284892,0.660810266786426,0.6344871088925289,0.6444510722404554,0.6368051161424911,0.37952857908943055,0.37482822591843395,0.37907026687535156,0.37553039346648615,0.896029457964923,0.8731591349091968,0.8816691089079499,0.8798586938394523,0.14404194234564216,0.14049619894516058,0.14369426722895026,0.14102307641709388,EarlyBlight
48.872044,70.20691,73.65465,1.2603860294117646,1.4976086120722796,1.30015318627451,2.051487889273356,0.785868810083449,0.7618710580987419,0.7791603602277132,0.7415010556838049,0.43097133970602713,0.4273617923299556,0.4306424849565088,0.4241501421939387,0.9643531257840117,0.9576535011330849,0.9632284109700313,0.9419919671412696,0.18573629564800784,0.18263810154347207,0.1854529498495169,0.17990334312313844,EarlyBlight
28.254038,68.69845,72.68088,1.812377450980391,2.0042752787389477,1.9095588235294112,2.42254517493272,0.7477978806510741,0.732452521897364,0.7427069264604085,0.717597784848486,0.42984845306509406,0.42600316519960457,0.4297275772308071,0.42325994330792927,0.9417271199897319,0.9355477251908122,0.9386024737088389,0.9220972542999807,0.18476969260245438,0.18147869676008158,0.18466579063265928,0.17914897960903148,EarlyBlight
50.9933,75.095474,75.930115,1.8991727941176457,2.5617531718569757,1.827849264705882,2.0918723567858506,0.7666732742716208,0.7397624319505355,0.7711709684473838,0.7538965486061842,0.46420166909414606,0.4573939635829547,0.4638795526292859,0.46034688052710543,0.9566408480007249,0.9415585900488226,0.9582687722518319,0.9522780058416539,0.2154831895897911,0.2092092379221253,0.21518423934754638,0.2119192504110371,EarlyBlight
12.561571,54.11682,95.85832,3.6946997549019613,5.209411764705881,4.566513480392157,4.655071126489816,0.6537903138587008,0.6207780571572704,0.6357477448116984,0.6300490643936734,0.39246706134483017,0.3879522441683455,0.39174300671972373,0.38833367548587827,0.9271136858069312,0.8971654044431034,0.90991518705758,0.9081081745496854,0.15403039424064668,0.15050694375525556,0.15346258331380952,0.15080304351637142,EarlyBlight
32.297935,58.768738,95.704315,1.9941482843137242,2.885997693194926,2.291513480392156,2.5563706266820456,0.7555024317079432,0.7131734247272953,0.7363945736482561,0.723544254051362,0.46080556121078353,0.45520056596212466,0.4597468942169684,0.4562436270700399,0.9664539912974505,0.9514487000586191,0.961451647422649,0.9569940345586426,0.21234176524278517,0.2072075552522386,0.21136720674214832,0.20815824724202564,EarlyBlight
16.930725,47.842785,71.23514,2.894301470588236,2.9749788542868125,2.9388174019607827,3.460822760476741,0.7103555076087696,0.7032712171523758,0.7097495496520729,0.6881963238602687,0.4406793308058376,0.43685408579743035,0.440099113036852,0.43407574027686624,0.9156779553206217,0.9133568434143755,0.9143810363948343,0.8992071463234099,0.19419827259948083,0.19084149227790861,0.19368722929582385,0.1884217482969094,EarlyBlight
15.830868,40.128944,77.17973,2.1303002450980393,2.4691733948481347,2.2306066176470574,2.476370626682046,0.7481553553448106,0.7247011530762519,0.7400338907141333,0.7241152852133699,0.47136015368791334,0.46741452690720126,0.4715091221945362,0.46796433400299015,0.9481550556478355,0.9399254794280054,0.9457139075913877,0.9397503721419931,0.2221803944846933,0.21847633996388277,0.22232085231266208,0.21899061789886212,EarlyBlight
68.774666,60.224644,78.68988,2.6841911764705872,3.4831218762014613,3.1617953431372543,3.4801691657054956,0.7151942477099413,0.6880669065101521,0.6987584641019886,0.6936017679752474,0.4907266511475245,0.48612549717843145,0.49011372192289937,0.4876025912308768,0.936865836829405,0.9181252674050024,0.9256322333314111,0.9181946742161554,0.24081264614646422,0.23631799900697717,0.2402114604171171,0.2377562869750655,EarlyBlight
23.77666,69.93694,78.54236,1.8417279411764693,2.3964321414840453,1.8967524509803924,2.029250288350634,0.7631647075785022,0.7363474799349958,0.7585747611643262,0.7470407792766661,0.4665192327643732,0.46069399456172133,0.4662580500411563,0.463700245550249,0.9544739206896047,0.9407729932285102,0.9531137576919411,0.9498477680679228,0.21764019453905942,0.21223895662523534,0.2173965692281814,0.21501791772336123,EarlyBlight
42.213757,78.671455,100.84918,4.145526960784312,4.867097270280663,4.12921262254902,4.539746251441751,0.6178915279567774,0.5940141348441839,0.6162308860240501,0.6005811405562956,0.3169116491941695,0.3117905490502671,0.3172924048188188,0.3131476971226621,0.8981017808105043,0.8801095215780297,0.8985110670552456,0.8881731110437068,0.10043299339496835,0.097213346477067,0.10067447015570921,0.09806148021322653,EarlyBlight
32.344143,58.48194,74.062836,2.7978553921568623,3.065928489042676,2.8743566176470603,3.2447520184544425,0.6859206080341943,0.6701947360944015,0.6804168959394433,0.6633600052238234,0.39756046945587875,0.39356618582126274,0.3975375357838,0.39303430434867814,0.9037863970432173,0.8945087745232293,0.9011556468780543,0.8883558869626913,0.1580543268739787,0.1548943426218967,0.15803609235705607,0.15447596439484934,EarlyBlight
52.455612,67.776146,100.68027,2.560355392156862,3.106712802768166,2.3581188725490194,2.6944098423683203,0.6968145073114921,0.676257469185539,0.7047848484607985,0.6849945791040375,0.3840389342427607,0.37788022428339935,0.3846227459050072,0.3808532502329888,0.9440038439074377,0.9319523947347492,0.9484268500862949,0.9409832356525146,0.1474859030143155,0.14279346390447217,0.14793465666750777,0.1450491982130316,EarlyBlight
15.469673,46.187866,77.73523,3.275398284313725,3.822745098039216,3.4399203431372545,3.5600153787004998,0.6826011064188612,0.6581783468543347,0.6728518747161305,0.6637696556067857,0.4244977885347867,0.41978017826512487,0.4238930542169079,0.4203767736614364,0.9101348372315339,0.8951030855443382,0.9056209429469866,0.9023124432670302,0.1801983724709245,0.17621539806430003,0.17968532141333846,0.1767166318339985,EarlyBlight
23.835579,43.217155,78.49924,3.5580269607843142,3.9844059976931985,3.233854166666668,3.458546712802767,0.6675639007088457,0.6518571534304091,0.6795250357494027,0.6640331602528576,0.4050961128436551,0.39970984484378735,0.4060013433582125,0.40253630405000984,0.8948805330309942,0.8822071109848925,0.9044608044787694,0.8977533392100747,0.16410286064103935,0.15976796006504454,0.16483709080867312,0.16203547607824195,EarlyBlight
29.641176,54.96866,70.6895,3.880851715686274,4.042906574394461,3.8349264705882335,4.5114033064206085,0.6643287633907733,0.6554347574001047,0.664362948975326,0.6415069847144919,0.3918063313750013,0.38729389920225316,0.39095040932178265,0.38409463286654105,0.874932135881682,0.8697279388580532,0.8764121646831708,0.8546318603817771,0.15351220130553736,0.14999656435928502,0.15284222254886942,0.14752868699688296,EarlyBlight
13.6838665,43.722183,76.06018,4.225735294117646,4.514971164936564,4.3548406862745095,4.8018762014609795,0.6723628488983808,0.6621103167950406,0.6676112705716776,0.6596242714178319,0.4727225990043964,0.47016080907229446,0.47256708151746596,0.4682931317741353,0.8931970881822509,0.8859208702756928,0.8899340272345106,0.8786716818125617,0.22346665560947135,0.22105118638751453,0.2233196465339353,0.21929845726682765,EarlyBlight
30.138123,48.435024,81.946075,2.551179534313725,3.2140715109573255,2.9353860294117635,3.0196539792387544,0.720807881473637,0.680665512509244,0.6976395637485404,0.6860209478418764,0.36990650237117173,0.3624308219892831,0.3677480674661773,0.3639620657634387,0.9288259496426982,0.9102759031132627,0.9180948183576043,0.9157032695569135,0.13683082049647366,0.1313561007278274,0.13523864112510806,0.1324683853147897,EarlyBlight
13.508468,44.479977,81.30905,2.8979473039215677,3.5772856593617828,3.376485906862744,3.693671664744328,0.6908715228370345,0.6632252897226077,0.6710935606555914,0.660842491177638,0.4264212444338211,0.42209202569185317,0.42597829167964474,0.4226764956027801,0.9243099433213383,0.9065364558923179,0.9118132332006768,0.9034956451634054,0.18183507770448862,0.17816167815265205,0.1814575049823085,0.178655419935047,EarlyBlight
11.141589,45.305923,86.72322,2.675183823529413,3.342698961937715,2.8965533088235302,2.99550941945406,0.7115454880197775,0.6830469364210219,0.7036762129660987,0.6905068116813053,0.4226801355796351,0.41618050889822145,0.4221922994358102,0.41965011003049363,0.933237337181115,0.9165139225374521,0.9277130188323703,0.925185206841563,0.1786584970136187,0.1732062159867826,0.17824633770289683,0.1761062148486054,EarlyBlight
83.478874,74.04369,92.00522,2.811887254901962,3.278446751249518,2.77939644607843,3.480676662821989,0.6924916270658478,0.6721558898402581,0.6890237290762096,0.6678708520073121,0.42145136853627124,0.41788240024405726,0.4218311087923264,0.4172441003980752,0.9363599255539118,0.9257870107528042,0.9370991492844694,0.9212092022343757,0.1776212560410959,0.1746257004337345,0.17794148434496349,0.17409263931699906,EarlyBlight
45.92745,81.26255,89.02188,2.740962009803921,3.1474356016916594,2.7547487745098054,3.296055363321802,0.6780800258056409,0.6580428038985384,0.6752743760047597,0.6531058119621477,0.3113733331878895,0.30587846107685174,0.3099971105455542,0.30504682684481205,0.9296551758924522,0.9191632055322885,0.9292822811814209,0.9153464806957754,0.09695335262053646,0.09356163295074311,0.09609820854659254,0.09305356656808875,EarlyBlight
23.165052,51.547962,72.97603,3.1566482843137242,3.5896962706651316,3.175796568627452,3.4816762783544792,0.699875933721697,0.6859321347813563,0.6960113225875854,0.6879435755025594,0.4579686550944109,0.4534851638367246,0.45731089203286834,0.4542825211286953,0.9206922106786614,0.909868601848324,0.9202111282261864,0.9125808070604604,0.2097352890489835,0.20564879382002096,0.20913325197189778,0.20637260900304352,EarlyBlight
20.342106,66.51959,82.923965,1.6701286764705874,2.1714109957708576,2.004656862745097,2.58239138792772,0.7660881429189124,0.7396450769131176,0.7483956732078294,0.7302735932510102,0.4722324007397364,0.46916096363442106,0.4718290354141637,0.46667922234896836,0.9634348425513317,0.9524701692397913,0.956110810592311,0.9434742543609295,0.22300344030841499,0.22011200979837856,0.22262263865986018,0.21778949657223787,EarlyBlight
31.872763,66.689125,92.86069,3.359696691176471,3.814548250672818,3.4963541666666655,3.6204998077662425,0.6428112780120842,0.6249592562267695,0.6390321733180315,0.6296457160259876,0.35332970005521797,0.34746270293950365,0.35235057808165604,0.34986648921853836,0.9140539645468605,0.9022754447695525,0.9105415202543689,0.9072467554473347,0.1248418769411103,0.12073032993402574,0.12415092987447719,0.12240656027810562,EarlyBlight
35.377354,60.33705,81.24855,2.7028645833333336,3.2666359092656694,2.9401654411764704,3.435832372164552,0.6888773434783387,0.6631838917044767,0.6781230057737144,0.6601131643388684,0.3809116010073109,0.37573211193758477,0.3799868387353649,0.3748621622311491,0.9200516487122716,0.9033030436043146,0.9130321848978042,0.8982945934886669,0.14509364778195283,0.14117461994107774,0.14438999761209617,0.14052164067261236,EarlyBlight
38.559452,68.22678,99.69205,2.423560049019609,3.1774855824682824,2.6847426470588216,2.9611072664359863,0.7057528942225263,0.6631276795043421,0.686214952124997,0.6721475337349,0.3384103591785102,0.33114797163770027,0.337273359511165,0.3328668339667369,0.9394975493212064,0.9205238683026652,0.9329952041836339,0.925935986376538,0.11452157119932828,0.10965897911976313,0.11375331903594756,0.11080032915503919,EarlyBlight
37.279953,71.5686,81.598495,3.29420955882353,3.4888273740868914,3.2677236519607833,3.756662821991544,0.6727993418938083,0.6644903687176519,0.6722815217048171,0.6562985814474579,0.40894192626809117,0.4061897804422769,0.408884635767861,0.40397950584161346,0.9104140593280308,0.9051010814015716,0.9111408904680599,0.8978157406670148,0.16723349905985693,0.1649901377357451,0.16718664536701633,0.1631994411400342,EarlyBlight
42.692024,81.21505,89.94986,3.309191176470589,3.5446828143021896,3.196645220588235,4.026282199154173,0.6452956700652157,0.6277229035920827,0.648647158982748,0.6167077584143785,0.31696589582201545,0.3141398786794074,0.3180830708221066,0.31170425133518576,0.9078439540067158,0.9011548627023132,0.91099283686351,0.8877252190343703,0.10046737911425276,0.0986838633767128,0.10117683994362127,0.09715954030042866,EarlyBlight
80.93062,72.22533,95.561356,2.0920343137254895,2.6671587850826595,2.5568014705882343,3.221099577085738,0.7415855082507291,0.7058532829866438,0.7164887169586679,0.694462115782372,0.4168738435246573,0.4119323182707208,0.41488153518854054,0.409096833977864,0.9542547400358591,0.9416319038753478,0.9440919552889789,0.9295094649805077,0.17378380141502042,0.1696882348358904,0.1721266882404002,0.16736021957071204,EarlyBlight
16.32242,52.708282,74.41901,2.714307598039218,3.3894348327566326,2.6844362745098027,2.7605997693194952,0.7329542205743657,0.7099780111011106,0.7353911429766541,0.7260800866699142,0.4669888173766097,0.46132349482189494,0.46679376822019775,0.46432534672596515,0.9309794557554288,0.9138503651352853,0.9317390362129988,0.9298335345361789,0.21807855555480452,0.21281936687468694,0.2178964220492117,0.21559802761218774,EarlyBlight
31.174126,67.36053,79.985855,2.4226715686274525,3.3248135332564415,2.86893382352941,2.9086658977316424,0.7235777741008345,0.6862842422681819,0.7011872047847284,0.6972560616389458,0.4393732632402905,0.4330517137039026,0.43850845810523553,0.4363059408347936,0.9345399382541854,0.9101419798874691,0.9224820286559549,0.9213889873447987,0.19304886445042163,0.1875337867418868,0.1922896678298311,0.19036287400773444,EarlyBlight
13.26158,43.330517,74.48328,2.6835171568627443,3.4209304113802386,2.6778186274509808,2.6943790849673235,0.7210618950899168,0.6915911984609002,0.7192553103577267,0.7109063584494806,0.4534080845321361,0.44713990615443533,0.4530745814066391,0.45078319384020077,0.9224699340032887,0.901159237041767,0.9226345714307957,0.9221514464103283,0.20557889111910066,0.19993409567579723,0.2052765763168012,0.20320548784877204,EarlyBlight
40.86069,58.265938,77.12024,3.08697916666667,3.465159554017687,3.1781556372549007,3.8248673587081887,0.6839092259993769,0.6702042223439483,0.6789963163909069,0.6582092990714884,0.41004919586816274,0.40696677215944793,0.4087491037715899,0.40476005860859304,0.9221029560875559,0.9125910375903006,0.9197926298846592,0.9035173305614185,0.1681403430321269,0.16562195364187998,0.16707582983407798,0.1638307050448317,EarlyBlight
76.58308,74.93205,82.089584,2.600091911764706,3.458454440599771,2.8722426470588256,3.17379469434833,0.7019159484197275,0.665526915839202,0.6896374739462389,0.6743249746314132,0.4026160159594616,0.3974521481635107,0.4025956545442913,0.39900277499028425,0.9333327689410338,0.9113278815486835,0.9263618658167599,0.9186263417460709,0.16209965630706943,0.15796821007978926,0.16208326105794635,0.1592032144499474,EarlyBlight
59.113518,71.16068,91.761566,1.4612438725490187,1.817916186082277,1.7211703431372536,2.4999615532487516,0.790826274203437,0.7673497433383231,0.7772173038355817,0.7490498485264347,0.4682890516240682,0.4643901830495943,0.46723473783189307,0.4608724012644283,0.9722645285578546,0.9654942060682774,0.9673309351053931,0.9525483304158626,0.2192946358709692,0.2156582421128357,0.21830830023683784,0.2124033702472402,EarlyBlight
26.09646,57.22334,90.53958,2.541850490196077,3.182898885044214,2.888357843137255,3.1130180699730885,0.6938523970300914,0.6677598536664235,0.6787883283402336,0.6700687859665428,0.41255743402807316,0.40801775859197825,0.41227631742859744,0.4084400107893936,0.9395581027476193,0.9242462473312607,0.9313186087630417,0.9259094273983572,0.17020363637182792,0.16647849132642184,0.1699717619124856,0.16682324241363997,EarlyBlight
83.3259,83.792366,104.51274,2.6518075980392135,3.6804921184159958,3.2645526960784315,3.5321184159938492,0.6766396290163486,0.6339372083927994,0.6483582895609213,0.6368007041557201,0.3132438725214514,0.30721499577687894,0.31233381403315624,0.30862973716324976,0.9399115004109801,0.9164706489611002,0.9260504162494821,0.9198380152723052,0.09812172367223529,0.09438105363018774,0.09755241138849824,0.09525231466145664,EarlyBlight
16.85703,53.21964,86.839584,3.056954656862746,3.932395232602844,3.515931372549018,3.6188542868127653,0.6790999223632033,0.6516312914879752,0.663704670659045,0.6563532470438949,0.40880272291678443,0.4033118965018481,0.40819463470723316,0.4050653774629741,0.9206801767010073,0.8978702613491183,0.9087709545917245,0.9060133530161013,0.1671196662641772,0.16266048585991746,0.1666228598037715,0.16407796001922167,EarlyBlight
99.2552,86.00535,89.950714,2.653538602941177,3.197647058823529,2.704595588235296,3.4245751633986923,0.6837640944642092,0.6615678294425097,0.6769337490356984,0.6504272896464254,0.373135286940152,0.3687921199549225,0.3723604652216436,0.3681471959697354,0.9351483745956699,0.9218298202650929,0.9338910829011914,0.9162823374001783,0.13922994235990957,0.13600762774084596,0.13865231606007888,0.13553235790037876,EarlyBlight
24.24402,65.266014,77.258255,1.8378370098039205,2.538285274894272,2.1457720588235314,2.196878123798539,0.7550053997559467,0.7183969970536853,0.7351019058942635,0.7293582644333688,0.4662483093754556,0.4599064238671976,0.46550323485710754,0.46304909192905636,0.9506091595805799,0.9317871087440955,0.942333577586887,0.9409619517383101,0.21738748599547053,0.21151391871431444,0.2166932616624314,0.21441446153632368,EarlyBlight
13.517115,53.368538,87.68594,4.530912990196075,4.999815455594004,4.655438112745096,4.985144175317187,0.6299997811865625,0.6187889903138438,0.6277261273028918,0.6167231658918833,0.4079448509826482,0.4056490956805727,0.40861463920829444,0.4039704976266634,0.8905152692019379,0.8791406277278978,0.8875395735493472,0.8794952746737719,0.16641900144325505,0.16455118882646647,0.16696592337532462,0.1631921629527341,EarlyBlight
29.122993,57.478466,91.16724,3.06323529411765,3.6422606689734724,3.1791973039215686,3.4602076124567476,0.6713069811037695,0.6491162789949481,0.6676505318984984,0.6537488620180305,0.38608795244534677,0.38074138744636854,0.3861064434016007,0.382389638221577,0.9218513791121159,0.9069557793343611,0.9188929804677256,0.9116064582129194,0.14906390702344036,0.1449640041145857,0.14907818563623348,0.14622183541922856,EarlyBlight
46.220802,54.341507,84.9402,1.9754595588235286,2.3852979623221824,1.899724264705881,2.1907266435986164,0.7708043440612566,0.7547550669223966,0.7692016082090278,0.7547458911211622,0.5261860871347942,0.5212570865877586,0.5257964378630172,0.5234354295530562,0.9661073930774033,0.9591073075825539,0.9674067699956663,0.9624429684582599,0.2768717982942252,0.2717089503179581,0.2764618940694378,0.2739846489113925,EarlyBlight
23.511375,66.96458,72.11775,2.8844822303921585,3.3363321799307952,3.079166666666669,3.3297808535178777,0.6756453437772503,0.6444336066496811,0.6593164220936759,0.6467341046702981,0.3623545338325544,0.3569993226474844,0.3608171056233917,0.3570675838837567,0.8871798539416661,0.8693886644147943,0.8795601660663791,0.8696451369319184,0.1313008081890078,0.12744851637076268,0.1301889837104418,0.12749725946058363,EarlyBlight
34.23366,71.89507,103.59622,2.22530637254902,3.0890580545943886,2.6012867647058813,2.8620684352172248,0.6996913858446697,0.6556862963738961,0.6766696685119996,0.663447650112876,0.34533187981001834,0.3396735160882666,0.3440098378775885,0.3392994096810488,0.9512078780384771,0.9321353753333214,0.9429641227625486,0.9371221917187734,0.11925410721312095,0.11537809753176592,0.1183427685565647,0.1151240894099082,EarlyBlight
23.139603,59.289146,92.318146,2.531556372549022,2.8481660899653987,2.7668198529411767,3.1532179930795845,0.7127498642835122,0.6872592589102627,0.6986865870584452,0.6791907438730392,0.3706342231496326,0.3661314994227978,0.369905548266243,0.3641250465431299,0.9370051291173322,0.9290478362617735,0.9311624565414961,0.921448524838047,0.13736972736973166,0.1340522748695862,0.13683011463814984,0.1325870495200365,EarlyBlight
27.459965,63.480587,98.715256,2.9583639705882354,3.7206612841214906,3.2210784313725513,3.2302652825836238,0.6663253699629127,0.6385033165225759,0.6564188620279476,0.6487824778884644,0.36907202084503743,0.36252947877136577,0.36856372777412566,0.3656295940519066,0.9284581239946789,0.9098522233981925,0.9221049214931961,0.9217340115581966,0.13621415657063973,0.13142762297823815,0.13583922143075983,0.133685000046562,EarlyBlight
27.762775,60.723274,86.17679,0.9339767156862744,1.746743560169165,1.1312499999999988,1.1750557477893124,0.8361922655261232,0.7926089608067562,0.8171409326048092,0.8101744814413439,0.5180201758211351,0.5102406127996615,0.516071552149143,0.5139928139139561,0.9829917908958125,0.9682052466440699,0.9793993402341143,0.9786112807097967,0.2683449025577598,0.26034548295017407,0.2663298469376256,0.26418861275518674,EarlyBlight
52.47323,37.178288,80.48674,2.4821078431372547,2.6604229142637448,2.598008578431375,3.0748173779315655,0.6951508298828923,0.6784532722886933,0.6896559007978998,0.6710793649202481,0.40890675800373755,0.40517526798615017,0.40832377287153665,0.40350267368685444,0.9224626885302765,0.9168064624410897,0.9188421240826379,0.903848018431111,0.16720473674112718,0.16416699778764862,0.16672830349204626,0.16281440767244013,EarlyBlight
69.36766,66.78763,75.93913,2.7122549019607862,3.350280661284124,2.648897058823531,2.9652902729719344,0.6964539290193856,0.6739427175035365,0.6968313126239433,0.6846174848680276,0.4335904862893296,0.42850953739164566,0.4330717812195333,0.43042302826155954,0.9267451452488862,0.9095535226321863,0.9284563670050007,0.9199469875277386,0.18800070980061734,0.1836204236356022,0.18755116768865931,0.18526398325785126,EarlyBlight
26.934723,61.35465,89.79765,3.740992647058823,4.297731641676278,3.997426470588234,4.358539023452516,0.6552118118718019,0.6325496729013603,0.6425460260497851,0.6315576492362699,0.31845942245946135,0.31251552978240477,0.31638648646215894,0.3118439067501997,0.9078823585412884,0.8940679308489664,0.9015381499410655,0.8925691268279139,0.10141640375321366,0.09766595635517712,0.10010040881586987,0.09724662217722722,EarlyBlight
29.350826,74.000465,76.94647,2.4350490196078414,2.9544329104190683,2.6711397058823554,2.9864513648596716,0.7112661880317228,0.68077781630027,0.6955572906639667,0.6817665754495628,0.39967661526350845,0.39388372620302126,0.3977921786278369,0.39281423759989376,0.9292979702949189,0.9141989238992674,0.9224430402382086,0.9132690609003832,0.15974139678849456,0.15514438976757663,0.1582386173774809,0.1543030252611858,EarlyBlight
20.760231,62.587364,84.618515,2.793504901960783,3.090011534025377,2.80545343137255,3.460761245674742,0.6931872286093492,0.6809619643420881,0.694434884809456,0.6759995298463305,0.4482802673365952,0.44559271983433707,0.4479305763302201,0.44243758730642413,0.934877433688645,0.927950072192433,0.9345956898117476,0.9193052853436553,0.20095519808336929,0.19855287196936203,0.2006418012115231,0.19575101866152966,EarlyBlight
24.521925,55.394848,75.77547,2.1143382352941167,2.9254748173779292,2.406295955882353,2.4848750480584405,0.757135913844478,0.7165307877909355,0.7412396901934402,0.7358901721731146,0.45886795854271245,0.45244760978959997,0.4584095545746028,0.4559835043060569,0.9440439282255036,0.9225922402761391,0.9363174445513532,0.9342504643975995,0.2105598033771565,0.2047088396043221,0.21013931972528577,0.20792095619923182,EarlyBlight
57.905247,73.4151,81.948654,2.694424019607844,3.5791464821222627,3.094240196078429,3.38980392156863,0.7129384732078067,0.6834301642580427,0.697330293883957,0.6882214668297553,0.4308145476485795,0.42557728248489574,0.43010935032557346,0.4272760202359749,0.9384514743147725,0.9182678064357874,0.9293185033986165,0.9225915699046512,0.1856011744656502,0.18111602336722876,0.18499405323748688,0.18256479746869322,EarlyBlight
37.005898,67.687485,81.991394,1.743290441176469,2.0272202998846587,1.811856617647058,2.433802383698579,0.775665720596955,0.7548856639840267,0.7679235418953785,0.7439762301324359,0.48633850757475827,0.4833926720212574,0.485821023521878,0.47995408514990023,0.9625829731278603,0.956504095230549,0.9611113064411635,0.9477804969124273,0.2365251439500432,0.23366847536385094,0.23602206689584512,0.2303559238520777,EarlyBlight
38.573547,63.696102,84.94484,3.1657169117647075,3.7952479815455584,3.539062500000002,3.7784544405997695,0.660328944737173,0.628550029603069,0.6416709889880151,0.6264352755487141,0.33463288412226794,0.32919154916408744,0.3329861010884958,0.3276920000842663,0.897572545291456,0.8770064829924189,0.8854928681139131,0.8775507153255838,0.11197916713598721,0.10836707604105178,0.11087974351811795,0.1073820469192268,EarlyBlight
29.291307,59.91229,78.14499,1.9253370098039198,2.3442983467896967,2.0424325980392153,2.5170626682045367,0.7612633295840088,0.7430931496551683,0.7526493296910408,0.7382239684048268,0.5152966581401458,0.5122758324040908,0.5147928793336917,0.510553254627587,0.9600718263924354,0.9514194889282485,0.9576434655642102,0.9478393221628755,0.26553064589040226,0.2624265284653041,0.2650117086126728,0.2606646258108218,EarlyBlight
20.7654,56.710777,77.13454,2.520894607843137,3.240322952710498,2.7302696078431365,2.9506805074971187,0.7192805926177608,0.6865438008713005,0.7070521490067782,0.6971704392732488,0.43508249922958425,0.4302345633874989,0.4347524750509287,0.43105138222963807,0.9312302763631334,0.9116031876093338,0.9255185497238424,0.9195047052245735,0.18929678113586118,0.1851017795332318,0.18900971456290835,0.18580529412208155,EarlyBlight
21.466675,54.55621,92.188065,2.4897977941176452,3.1673356401384076,2.662622549019606,2.9137408688965802,0.716766103545624,0.6815725231919249,0.7008297191897265,0.6895699743662986,0.4121283763648214,0.4070686662667787,0.41139412810457665,0.4077280733246219,0.9455770823221008,0.9307164589410203,0.9417994151432832,0.9362636903499737,0.16984979860510388,0.16570489905621405,0.16924512863892482,0.16624218177700828,EarlyBlight
19.04594,55.033733,78.50325,2.492279411764707,2.923737024221455,2.554013480392157,2.8092887351018843,0.7114097143716825,0.6870442948693103,0.7074283735092993,0.6898788620432798,0.40760359713139377,0.402667063547529,0.40702186275722696,0.4026025467692037,0.925929193537368,0.9130571249887172,0.9240944505194434,0.9164604622976955,0.16614069239445153,0.16214076406598976,0.1656667967623629,0.16208881066504885,EarlyBlight
21.789698,61.083538,93.22504,1.678645833333331,2.331349480968859,2.0065257352941175,2.3622606689734704,0.7589661169912356,0.7198431659416807,0.731793484192758,0.7179521459794309,0.4375373895842702,0.4323801412734425,0.436538390174992,0.432539361576047,0.9648797696116352,0.9511979707618091,0.9580245716823054,0.9505509081478097,0.19143896728421742,0.1869525865676421,0.19056576609657355,0.18709029931261434,EarlyBlight
49.09145,75.9838,91.4086,2.8849264705882365,3.722629757785465,3.0869485294117633,3.3420069204152263,0.6910594189232531,0.6652206312145336,0.6822927296990897,0.6718334901154629,0.40602294706936576,0.4006758898724355,0.40612784330624513,0.40279305926183706,0.9361399339639058,0.9175511968391403,0.9316680203298002,0.9259812313681549,0.16485463354689298,0.16054116872506807,0.16493982510858202,0.16224224858950978,EarlyBlight
12.5322,60.1668,72.48183,3.564430147058824,4.156801230296036,3.866452205882353,3.9038831218762042,0.6642605078736651,0.6491335996929919,0.6587012419796531,0.6541887233183551,0.44210094229140773,0.4379478131330068,0.4423235673399406,0.4398187642687199,0.8912870547014424,0.873231958748316,0.8820755661309814,0.8809450851224582,0.1954532431749506,0.19179828702798302,0.19565013822433097,0.1934405454028638,EarlyBlight
17.972206,57.174435,83.39044,2.089430147058823,2.25839292579777,2.1444852941176467,2.8204536716647444,0.7568419166816454,0.7449424715357927,0.7567239794563305,0.7287798753358434,0.4906920022236578,0.4882283609375201,0.49117290081527326,0.48507330686704125,0.9548377509851582,0.9511962140251911,0.9536477546292047,0.9390501024992494,0.24077864104626215,0.2383669324237374,0.24125081849529026,0.23529611303492676,EarlyBlight
26.3634,57.97834,85.21304,2.437285539215686,2.6241599384851986,2.360294117647056,2.8795078815840074,0.7067369407083366,0.6864484055271396,0.7028394658637959,0.6792855601382545,0.38425655298451317,0.3796315126018401,0.38405309710856483,0.3777312944939091,0.931637583289115,0.9263345983149289,0.9338098158858712,0.919166472378631,0.14765309851153996,0.14412008536036106,0.14749678139868072,0.14268093084004427,EarlyBlight
29.08624,51.41917,74.987625,2.6614276960784293,3.3346251441753183,3.0712928921568636,3.2903037293348714,0.7153863020130494,0.6868643168255665,0.7013004111739681,0.6933324562902623,0.44275931704443083,0.43760806426095866,0.44208552857034217,0.4390551280104806,0.9255350706820465,0.9067174511276308,0.9140720844995931,0.9079572950474984,0.19603581282965082,0.19150081790622334,0.19543961457131884,0.19276940543229948,EarlyBlight
63.85013,75.62862,89.827194,2.14502144607843,2.3839292579777003,2.259712009803921,3.1468973471741633,0.7365662640419502,0.7222208392874909,0.7359487481097856,0.6984777719694584,0.4133545925144534,0.4105414156030366,0.4124886138383824,0.40694646315495137,0.9542452028898195,0.9491366764472988,0.9517907264971972,0.9328580373503957,0.1708620191527898,0.1685442539253452,0.17014685654631018,0.16560542387432417,EarlyBlight
55.312286,70.2421,77.19455,2.535845588235294,3.2148558246828127,2.4147977941176455,2.9135563244905818,0.7335009788605251,0.7142670892971283,0.7375976455058206,0.7180318697489994,0.47307769671579286,0.46847978682899427,0.4730668459528099,0.4694388002178824,0.9455764546967311,0.9310660114685801,0.9481743455689459,0.9375265737529924,0.2238025071299197,0.21947331066733994,0.22379224073973955,0.2203727871500049,EarlyBlight
27.246502,60.199028,91.215164,2.051256127450979,2.829434832756633,2.3036151960784297,2.4330642060745857,0.740831646530784,0.7100533759098127,0.7298106005365379,0.7160371575686996,0.4418139197348704,0.435347520107604,0.4408803908870156,0.4381566221899512,0.9562880518258803,0.9396732797583977,0.9509062042450462,0.9481243475387547,0.1951995396714905,0.18952746326384068,0.19437551906868766,0.19198122556890765,EarlyBlight
62.71019,67.56271,103.289734,1.8540747549019603,2.8695117262591308,2.108639705882352,2.216224529027298,0.7476137460865148,0.7022998745051706,0.7301915284133775,0.7180141510636665,0.414444447934781,0.4074717671117047,0.4137568312792104,0.41056156060341764,0.9665187349310165,0.948132647319145,0.9619217484403082,0.9599410247342414,0.1717642004239654,0.1660332409931353,0.171194715430213,0.1685607950451138,EarlyBlight
11.691445,37.86994,80.07866,2.2511948529411767,2.65682429834679,2.4539215686274507,2.7275355632449076,0.7423355549883636,0.7156363580907795,0.7302383572334239,0.7183287762829422,0.4720943036885166,0.468048908407399,0.47153636337912325,0.46830648672965425,0.9451959929033827,0.9353208497092608,0.9402607309243368,0.9335994168947391,0.22287303157514537,0.2190697806613578,0.22234654198880857,0.21931096551307183,EarlyBlight
26.391212,56.642838,70.41409,2.4830882352941193,2.807289504036907,2.5425857843137267,3.0115801614763584,0.7258431861053,0.7140320325222936,0.7243416461653482,0.7055898993845178,0.4584794099284649,0.455493549240812,0.4586144069369586,0.4537083623132604,0.9263542230309243,0.916774649507818,0.9245895885072605,0.9107182162317946,0.21020336932835337,0.20747437339999203,0.21032717425013828,0.20585127803298076,EarlyBlight
14.528262,47.88643,84.1082,1.9200367647058822,2.779423298731258,2.1432904411764704,2.0788004613610154,0.7630544250989021,0.7391600358112165,0.7558259555283184,0.7525011783029686,0.5231797325660198,0.5177855187420668,0.5225852536954267,0.5208506841837798,0.9654297722290736,0.9499880651533084,0.9614100937582468,0.9625948183998028,0.273717032567852,0.26810184341899124,0.27309534737991353,0.27128543521471155,EarlyBlight
62.473362,75.17294,84.53407,1.9610906862745088,2.6308650519031147,1.899846813725489,2.3285198000768927,0.7411060145094399,0.7116749998149682,0.743063821842154,0.7192206070790251,0.4350147503806475,0.4281880406382896,0.43467778634723153,0.4310255188542041,0.9555728836726668,0.9404002844465903,0.9569603200972627,0.9472496251205768,0.1892378330487371,0.18334499814565752,0.18894477794372946,0.18578299790353583,EarlyBlight
27.48139,63.051243,93.02376,3.5992034313725476,3.6798769703960033,3.544699754901958,4.291395617070357,0.6466340372308607,0.6371250343334685,0.6475030181235761,0.6237824601697368,0.35947854448968336,0.3562623394797644,0.3594646054114967,0.35370572218663,0.9099906656266382,0.9078422531275373,0.9113537004574167,0.8925275616035032,0.12922482394842125,0.12692285453159488,0.12921480254364304,0.1251077379075655,EarlyBlight
15.704394,46.1182,93.702194,3.1788909313725484,3.4193002691272607,3.28486519607843,3.925813148788929,0.6709856451555745,0.6570473239545307,0.669928308787562,0.645750858470351,0.3883265423767389,0.3848568747357824,0.3887385285585292,0.3824612267650502,0.9243292159188782,0.9184984741097297,0.9218065890418206,0.9064253687003495,0.1507975035142732,0.1481148140313937,0.15111764358585042,0.14627658997862714,EarlyBlight
55.485775,66.582054,82.938095,2.45842524509804,2.7191387927720108,2.458210784313725,3.2729257977700867,0.7211483127391995,0.7074156590992745,0.7179994997441226,0.6961268221052037,0.45547046795200286,0.45244770806137075,0.4553477941663945,0.44964790252026554,0.949229882860127,0.9438703299118607,0.9492343117924938,0.9324388127078589,0.20745334717641647,0.20470892852998737,0.20734161365220116,0.20218323624087423,EarlyBlight
19.703892,54.456013,82.20598,2.654871323529412,3.3819607843137267,2.8634497549019624,3.1320876585928477,0.6935416454742349,0.6564592835685481,0.6759987255428326,0.6625618622681683,0.3953810996066125,0.38921135023839787,0.39421375603605585,0.39083511596131,0.9222438892818561,0.9008543674621122,0.9161350253759163,0.9081796532012969,0.15632621392613405,0.1514854751543968,0.15540448544805496,0.15275208786849062,EarlyBlight
22.256447,66.60387,84.25549,2.439767156862745,2.97440984236832,2.787760416666668,3.0603460207612447,0.7244253459702749,0.6980312262218962,0.7110311521325015,0.6961916731748014,0.4305465939804532,0.4268644727518605,0.43010674734123366,0.42523691526023016,0.9384683141375556,0.9249526487179692,0.9296924978256558,0.9227843925198652,0.18537036958816921,0.18221327809772386,0.18499181410845583,0.18082643410003618,EarlyBlight
21.800005,50.132103,85.51918,1.9811887254901948,2.7401153402537477,2.096568627450981,2.13111880046136,0.7485028819978876,0.7126582265025351,0.7407027721563106,0.7303696037998372,0.46151423042851414,0.45532976087252186,0.4609837167667562,0.4587326636598922,0.9556127317598064,0.9385987869065804,0.953027718736077,0.9522453388467931,0.21299538488802366,0.20732519113622794,0.21250598712409288,0.21043565670849976,EarlyBlight
47.161377,68.02742,85.39821,3.8493259803921562,4.531703191080354,4.004227941176471,4.292441368704343,0.6784746985033843,0.6483623600946494,0.6631864808218938,0.652554199752601,0.3785687514352829,0.3740911058952615,0.3781896685683002,0.374380758085841,0.9068857156469307,0.890354309947092,0.9031392726520379,0.8961433094736928,0.143314299563269,0.13994415550993977,0.14302742541180075,0.14016095202492898,EarlyBlight
34.529247,65.008644,73.74925,2.7399509803921593,3.2606228373702417,2.5006433823529415,2.89048827374087,0.7249331465785845,0.7026763794397086,0.7300242593808571,0.7139098301087283,0.467484001020475,0.46185241163694163,0.46786652915639476,0.4648601391387813,0.9337107943829247,0.9211682087377271,0.939500500361488,0.930116919494632,0.21854129121011145,0.213307650134859,0.2188990891048516,0.21609494896012713,EarlyBlight
38.62199,56.49311,90.39363,3.45376838235294,4.036186082276048,3.5344209558823545,4.030434448289121,0.6661852536825426,0.6399344082479155,0.6609361334364766,0.6387310693457063,0.3564642442037393,0.35181475470241397,0.3563681938777124,0.3514286218110845,0.9140119526284421,0.899399261529252,0.9120005054533794,0.8995426158024776,0.12706675739574308,0.1237736216263197,0.12699828960766282,0.12350207622803824,EarlyBlight
45.555347,62.72239,84.71536,3.70997242647059,4.498193002691273,4.081158088235293,4.323583237216457,0.6493838746798791,0.6251965747354353,0.6382317876303226,0.6272740487526041,0.34951408271781526,0.3431223892781985,0.3478283548215009,0.34428462019470235,0.9017607141182705,0.8808155666407405,0.8919030104092415,0.8854420650819068,0.1221600940180758,0.11773297402397959,0.12098456441783191,0.11853189970261044,EarlyBlight
14.0219,52.45581,80.648865,3.6806678921568636,4.1895271049596285,3.6087622549019605,3.774702037677815,0.6658533083871061,0.6527719349609397,0.6672816590457693,0.6599018938645603,0.44076644985836655,0.43581278450194894,0.44082447299480254,0.4385896697678965,0.911043945097038,0.898751268619578,0.9127817932275664,0.9087763885805762,0.19427506332074795,0.1899327831353422,0.1943262159911454,0.19236089842711251,EarlyBlight
23.197094,44.090652,78.92415,3.7175245098039196,4.489073433294885,3.638786764705881,3.850211457131874,0.6852124912673483,0.6622141725939881,0.6857106216649765,0.6733563075275859,0.4250151151704113,0.4194642192016738,0.42496961895737534,0.42215622728760566,0.8967424789723824,0.8752658132630234,0.89892948926611,0.8930173448915419,0.18063784812331796,0.17595023119046987,0.1805991770367768,0.17821588023770457,EarlyBlight
38.43244,64.33769,87.29509,2.2082107843137257,2.3048366013071906,2.1998161764705872,3.151464821222608,0.7385390093281538,0.7295100645498819,0.740753704285184,0.7116345936678865,0.46367898192376156,0.4612997326978651,0.46404968221657,0.45832992487929775,0.9588211671642324,0.9570342999847107,0.9589777102603679,0.9412518475103201,0.21499819827785602,0.21279744338712178,0.2153421075652996,0.2100663200398627,EarlyBlight
46.104557,70.8438,81.69025,3.7508272058823544,4.31071126489812,3.851654411764706,4.137147251057287,0.6298714920029846,0.6114103938780877,0.6296819217428016,0.6144473117790021,0.3256516656055068,0.31988108749901273,0.325990541309416,0.32184414890448354,0.8789310600914106,0.8606985131469037,0.8756765665463648,0.8663072685718142,0.1060490073116408,0.10232391013955104,0.10626983302320606,0.10358365618405138,EarlyBlight
28.734144,65.95212,87.93262,3.399310661764708,3.6593310265282626,3.5686734068627475,4.095317185697808,0.6487358256878543,0.6316799557295364,0.6448323507147523,0.6231494977742099,0.3218259426803665,0.31733964504710593,0.3203463098183566,0.31511347718518684,0.8953088025852781,0.8871117270560828,0.890074723381909,0.8736616620944683,0.10357193738210654,0.10070445031862318,0.10262175821423851,0.09929650350373925,EarlyBlight
37.93693,88.64428,90.672,1.9087469362745089,2.514863514033065,2.0393382352941174,2.2848289119569403,0.726537893734889,0.6949336818101444,0.7195538933857729,0.7044898163421784,0.34323761142961334,0.33679085106690854,0.3415571969046456,0.3384860535752789,0.954613919301612,0.9401572310855683,0.9514969479268695,0.9456310771466526,0.11781205789990624,0.11342807736237255,0.11666131875735886,0.11457280846496658,EarlyBlight
18.85188,53.124386,72.93939,3.2475490196078427,3.569611687812381,3.3970894607843154,3.6657900807381787,0.6819003543877908,0.6686386858639101,0.6765417093826638,0.6647556116292204,0.4250366010209522,0.4203935095853767,0.4244898033327776,0.41998687964147663,0.9025109792275864,0.8928522306802362,0.8980218857333389,0.8899652779357827,0.1806561122074441,0.17673070290151022,0.1801915931335002,0.1763889790709842,EarlyBlight
19.824766,51.61608,77.31973,2.37953431372549,3.1697808535178797,2.4934589460784333,2.4895194156093807,0.7464783632178317,0.7107988934835078,0.7374299856985306,0.7335239467393936,0.4618535813479356,0.4557408619680143,0.461696118118531,0.4593890315320797,0.9428620767811005,0.9239181688008969,0.9401307065011375,0.9402459687467619,0.21330873060391417,0.20769973326734864,0.21316330548572052,0.21103828229198213,EarlyBlight
16.575905,52.12858,96.324814,1.8417892156862732,2.3567550941945403,1.8026041666666666,2.24975009611688,0.7562799064655933,0.7286358418749379,0.7526148550758248,0.7371641483675093,0.4747120902201342,0.4710776690066881,0.4754427696312341,0.47111415556589403,0.9691643885128942,0.960540236210583,0.969821702037974,0.9623318489187844,0.22535156860116887,0.22191417023677482,0.22604582719461877,0.22194854757456542,EarlyBlight
16.871483,52.373398,75.06082,2.9886488970588223,3.6275432525951574,3.215441176470588,3.1486812764321437,0.6988210338552103,0.679936130140664,0.6961169615992995,0.6913629546920935,0.4547545157337194,0.4491261173027478,0.45461245978291814,0.45266835538285716,0.9111965770348356,0.8921944395679013,0.9044574489207119,0.9064255541601387,0.20680166958020962,0.20171426924344157,0.20667248858987539,0.20490863996502068,EarlyBlight
22.410458,60.26447,83.567245,3.363786764705882,3.859930795847751,3.3637254901960776,3.643337178008459,0.6657200424957599,0.6419572199830593,0.6652805954834182,0.6474020597759954,0.3593367960810574,0.352967534713025,0.3593041714664776,0.35569504433695937,0.8945127330951641,0.8787874872684047,0.8945054108278768,0.8855891269407311,0.12912293301779942,0.1245860805613905,0.12909948763321194,0.1265189645658715,EarlyBlight
26.342815,78.218414,99.49742,2.810585171568627,3.5114494425221086,2.8425398284313723,3.065251826220684,0.6571413016406333,0.6281345668712369,0.6525529936269483,0.6394532913183504,0.3164791654589573,0.3098090103537155,0.314569181783953,0.31231780703403683,0.9327884931671161,0.9158726679374528,0.9320018624797025,0.9265627739816737,0.10015906216959808,0.0959816228963486,0.09895377012822566,0.09754241259054987,EarlyBlight
20.652842,59.10761,83.33894,2.582015931372548,2.8375855440215307,2.813112745098038,3.228358323721642,0.7115281047962473,0.6971281270021832,0.7043611452546935,0.6860945836089828,0.4454550826871001,0.4426765670552102,0.44496113798010944,0.43948376489863056,0.9352073303272942,0.928767811206377,0.9294082260955197,0.9189582037118464,0.19843023069177118,0.195962543019786,0.197990414312554,0.1931459796094748,EarlyBlight
38.782154,61.719162,75.7699,2.490073529411765,2.9355632449058056,2.597104779411767,3.1269357939254125,0.6972148839159401,0.6761715337343334,0.6932369323909411,0.6683680007121202,0.38544557796949575,0.38034784360422175,0.38531988901159947,0.3792576675972792,0.9255827090038131,0.9122764778184117,0.922398014268477,0.9065576832055533,0.14856829357623863,0.14466448213438154,0.14847141686791132,0.14383637843132832,EarlyBlight
14.730952,43.42953,93.50813,3.6249080882352938,4.088704344482893,3.7894914215686257,4.048873510188389,0.66040368839383,0.6421708940244051,0.652965274460504,0.6420647928262532,0.39061493222800603,0.3857344486336031,0.390276459268331,0.3869754489444933,0.91393153773516,0.9027922404547183,0.9100237326075229,0.9037392069840572,0.15258002527948974,0.1487910648626698,0.15231571465902521,0.14974999808579215,EarlyBlight
37.85606,60.074795,82.564316,3.124693627450981,3.498900422914266,3.315839460784314,3.819207996924259,0.6745418375660222,0.65789353573742,0.6655087816408546,0.645578524029827,0.387891659413569,0.3848053027441995,0.3875663986476337,0.38257977992589504,0.9098152548414442,0.8989376658314003,0.9042984137291359,0.8896858932261174,0.15045993944261224,0.14807512102005502,0.15020771336069652,0.14636728800814627,EarlyBlight
72.32815,81.44679,84.902664,2.587346813725491,3.356093810073051,2.7766544117647056,3.142299115724722,0.7114347297016648,0.6785096312033739,0.6960275012987326,0.685487689631472,0.4114493040268966,0.40580834626765466,0.41020768618225134,0.4064958895616496,0.9415460848415064,0.9241820693499777,0.9372692054467767,0.9290119317515559,0.1692905297842176,0.1646804139004887,0.16827034580299638,0.16523890823051682,EarlyBlight
33.259888,44.90928,83.02872,3.266069240196079,3.808704344482892,3.5350183823529413,3.7824682814302197,0.6827795268280922,0.6555521146705388,0.6676360775651476,0.6555781767491551,0.36566778799110544,0.35875680431487467,0.36287063278205783,0.3602129165017888,0.9088111022562207,0.8935752687864462,0.9012806678711381,0.8943083702345158,0.13371293117430802,0.12870644464222128,0.13167509613565107,0.1297533452147247,EarlyBlight
26.778835,49.854073,79.537674,3.9028033088235294,4.2506574394463685,3.8948835784313744,4.058946559015763,0.6430056682892826,0.629475064016678,0.6412669792997846,0.6322378654879952,0.377633881148992,0.37293995277731834,0.37777821141604667,0.3743307103834748,0.8743623703932666,0.8630305679725913,0.8746102128026432,0.8692080902552791,0.14260734819165102,0.13908420837754845,0.14271637702070725,0.1401234807361969,EarlyBlight
22.637291,57.36228,69.410095,2.330453431372548,2.947174163783163,2.554963235294118,2.714125336409076,0.7356467725057809,0.7102677298138695,0.7248009978379462,0.7171252986101885,0.47599455891560616,0.47113505532103633,0.4758817381956441,0.4735484315601035,0.930745957875973,0.9124634629451541,0.9240746634675361,0.9193854452204444,0.22657082011726248,0.221968240352356,0.22646342874810754,0.22424811703303404,EarlyBlight
41.27989,57.65024,75.01079,1.862499999999999,2.585374855824681,1.9105392156862733,2.0796924259900034,0.777167109348445,0.7476936852603134,0.7715394281186899,0.7649339280910136,0.5291254337221251,0.5233208782753335,0.5290361544379895,0.5273754606788328,0.9618886729589918,0.9471526711787422,0.960905672551038,0.9574892634096134,0.27997372461162695,0.27386474163886637,0.2798792527025362,0.27812487652621115,EarlyBlight
12.21048,58.12406,85.164505,3.593137254901959,5.044921184159941,4.253645833333334,4.240492118415993,0.6891474959927295,0.6621321618118158,0.6749895230676162,0.6701809322743293,0.44739473292520093,0.4431820502080041,0.44743161033374257,0.44434112348657323,0.9254621380341193,0.8953659213031266,0.911760213016021,0.9120501649411402,0.2001620470492119,0.19641032962656987,0.20019504592584603,0.19743903402131013,EarlyBlight
27.075342,56.77853,104.2988,2.311642156862745,2.91838523644752,2.8338541666666646,3.2116570549788555,0.7072973161940826,0.6621669044228482,0.6684329609624724,0.6527036719805804,0.35051833154524314,0.34431357437514626,0.3480604500812658,0.3432393614323622,0.9474490054742115,0.9335041442897143,0.935579887932146,0.9268219007477771,0.122863100749261,0.11855183749898937,0.12114607691077331,0.1178132592364958,EarlyBlight
30.48009,55.508575,68.27652,2.7327818627450977,3.6692964244521318,3.160294117647058,3.2982391387927725,0.7211546863780081,0.6952899293105479,0.7112749415072914,0.7037773328003103,0.48670042231270216,0.48059042075417147,0.4858366199259307,0.4829795899084396,0.9237924777604504,0.8977609826355065,0.9118706884229019,0.9080998944821868,0.2368773010793626,0.23096715252067157,0.23603722126105323,0.23326928426812446,EarlyBlight
38.16313,62.038414,83.683716,2.5302389705882353,3.2481045751634006,3.0500306372549013,3.3139869281045757,0.7051077449870846,0.6702873012306027,0.6809163569793929,0.6675758068766579,0.39203169317316394,0.386188982928562,0.39022476492268576,0.38619234992177043,0.926337911939531,0.9053510893190495,0.9112053730891815,0.9034312949298356,0.15368884845221775,0.14914193053539718,0.15227536715896536,0.14914453113809917,EarlyBlight
12.600527,48.129887,95.03131,3.5965379901960777,4.286105344098426,4.09408700980392,4.303729334871205,0.6306957621029265,0.6068166530585071,0.6159347269076507,0.6057267789421346,0.35380166666419244,0.34938197894348294,0.35291005248754015,0.3490610848407622,0.9041666894174012,0.8855549193607634,0.8908900346484842,0.8850843336931914,0.12517561933436033,0.12206776721046436,0.12454550514675834,0.12184364095020979,EarlyBlight
38.863857,63.95739,100.33403,3.1820159313725487,3.5542945021145713,3.0845281862745093,3.79773933102653,0.6609251147232055,0.6417192580539142,0.6648027398121944,0.6332233898054187,0.3461857692031797,0.34245526912702495,0.34646120639716127,0.3398754850074225,0.9312608392862172,0.9230999449117026,0.9333668079307639,0.9178328178508616,0.11984458679879723,0.11727561135286309,0.1200353675381764,0.11551534530903067,EarlyBlight
14.704442,44.016758,81.82756,2.5003676470588245,2.9200461361015,2.5987438725490195,3.0054901960784313,0.7189112801916917,0.6927333320764438,0.7152541470225418,0.6930010920064023,0.41183438834332575,0.4077083858057908,0.41164750455218685,0.4060068093415744,0.928797186602115,0.9167804245461164,0.9259957329700431,0.9143453197344409,0.16960756342212124,0.16622612785636354,0.1694536680040427,0.16484152923172557,EarlyBlight
58.27704,66.313194,80.09595,1.775612745098038,2.4947020376778153,1.9504595588235276,2.156186082276048,0.7685348335012894,0.7407194785154635,0.7625412628239744,0.7496543832902409,0.48191650631273547,0.4765716524841116,0.48187136564475636,0.47876796044137687,0.9622122286069498,0.9469431435985094,0.9584912193699399,0.9541426376319067,0.23224351905667281,0.22712053995143686,0.23220001302834248,0.22921875994519583,EarlyBlight
80.66383,73.47766,80.440216,2.8716299019607843,3.63294117647059,2.9322303921568635,3.332287581699348,0.6781697613090943,0.6471730751296262,0.670015052294135,0.653969670028583,0.3817166045402361,0.3758417334783171,0.3814684924987846,0.37763903222641837,0.9197669644990653,0.8984942325877722,0.918073793217503,0.906894609136712,0.14570756618172698,0.14125700862398635,0.14551821076929528,0.14261123866090583,EarlyBlight
33.36047,69.12987,92.88197,2.9479166666666656,3.4937024221453283,3.117095588235294,3.3549250288350625,0.6639902673235734,0.6390364663950763,0.6541001556541837,0.6418498654922777,0.3228920069496963,0.3168530511586089,0.3212489556447106,0.3180083804751466,0.9169590978488602,0.9013895050884639,0.9121579248181619,0.9053065327233194,0.10425924815200271,0.10039585602852003,0.10320089150281726,0.10112933005242561,EarlyBlight
30.192507,52.19714,76.10692,2.3598958333333333,3.1192618223760102,2.7438419117647066,2.9509880815071123,0.7225173353126827,0.687377434754254,0.7047905319239274,0.6957426933493821,0.4407854409217064,0.4350352394952882,0.43939511296628364,0.43613602095506676,0.9373074375563829,0.9171508851063879,0.9271075960392071,0.9216203177108626,0.19429180492854312,0.18925565960272278,0.19306806529865317,0.19021462877451845,EarlyBlight
20.634571,73.04708,93.84938,1.7200214460784315,2.1762245290272975,1.5344669117647045,1.9009150326797388,0.7444012469729729,0.7239832542129174,0.7593780483393319,0.7266326160323637,0.3868374637326251,0.3806620236994262,0.3878707192421621,0.38245977172610474,0.9596881398555326,0.9489393404821883,0.9640339471165659,0.9553989158600572,0.14964322334709007,0.1449035762869425,0.15044369484543213,0.14627547698878415,EarlyBlight
54.38044,39.10524,80.43852,2.545189950980392,3.3977085736255277,3.0093749999999995,2.9476047673971544,0.7029675468581127,0.6680927800797114,0.6826098133335415,0.6772271154764011,0.4072605505963394,0.40067955834447216,0.40629672605806255,0.40383098896229797,0.9200245576418674,0.8931282860251862,0.9054388468122785,0.9072858761174062,0.16586115607203353,0.1605441084751213,0.16507702960550033,0.16307946764626763,EarlyBlight
20.701939,56.026257,92.70065,1.796262254901961,2.3433448673587094,2.0068014705882358,2.2381545559400227,0.7699935307614193,0.7406965040100683,0.7581544300149207,0.7457028109112384,0.4599224613190116,0.4552659864515349,0.4605245153983749,0.4566566752216808,0.9662564021685777,0.9559794654668606,0.9623059335840368,0.9579555116292433,0.21152867042573772,0.20726711841968914,0.21208282928290803,0.20853531902451963,EarlyBlight
24.516365,74.79713,80.95723,3.5270526960784316,3.9262591311034227,3.5524662990196063,3.9117416378316046,0.6570530038864455,0.636010303332053,0.6487363036675814,0.6396902235898099,0.37195158525113625,0.3674422624897036,0.37153139568759946,0.36716384378001654,0.8966174083672747,0.8848438778554287,0.8958770982912516,0.8852696720377203,0.13834798177083327,0.13501381626355222,0.13803557798157562,0.1348092881793164,EarlyBlight
27.527258,66.05479,89.712616,2.0116421568627447,2.445244136870434,2.2166973039215674,2.6924721261053453,0.7127911464658482,0.6859630131446427,0.7009195481949745,0.6805227539038359,0.3875852555937985,0.3831791806085745,0.38713559825565913,0.3815150639106597,0.9442716311511091,0.9321556979044684,0.9385910040919323,0.9252962558818026,0.1502223303537101,0.14682628445185852,0.1498739714367671,0.14555374399075477,EarlyBlight
29.692385,62.762672,88.109146,2.8106004901960797,3.1554325259515577,2.551225490196078,2.9370857362552876,0.6839220337599008,0.6671147245902138,0.6920543105161495,0.6723010580452804,0.3966233489513883,0.39117527376618827,0.3971863093607857,0.3936607410955306,0.9256733017278577,0.9164606660361717,0.9325325075920798,0.922241345938008,0.15731008093341473,0.15301809480605233,0.15775696434364175,0.15496877907988238,EarlyBlight
62.44638,62.325825,68.25981,3.566804534313725,3.7021914648212255,3.6914215686274527,4.592033833141098,0.6796765902711616,0.6731615941766202,0.6750049634533763,0.6529335651857054,0.42184266777990026,0.41880122224810795,0.42120689921506116,0.4158956363906366,0.8942180612990966,0.890299911974787,0.890517073251069,0.8639328830617081,0.1779512363596633,0.1753944637565091,0.1774152519463667,0.1729691803687726,EarlyBlight
33.227283,62.53175,96.140396,2.6442708333333322,2.959846212995001,2.7002757352941176,3.242537485582464,0.7010961277308672,0.6858661990571961,0.6956485143969001,0.679005498215232,0.4330536537591659,0.4296274371973957,0.43314038386681036,0.42922350233878087,0.9514144344170915,0.9455952900605514,0.9503854059972796,0.940399163106384,0.18753546703416352,0.1845797347928022,0.18761059213628783,0.18423281495996943,EarlyBlight
54.676945,67.60506,92.03737,1.39610906862745,1.8698654363706257,1.5525735294117642,2.128842752787389,0.7877158983299514,0.7561056122979246,0.7791937630548369,0.7576290585460234,0.4710812204185037,0.46641541916565976,0.4703213407337863,0.46444056894533614,0.973845600013913,0.9649697200182092,0.9709144292458697,0.9601180083781341,0.22191751623098688,0.2175433432354781,0.2212021635496263,0.2157050420822675,EarlyBlight
58.68113,71.37781,95.50949,4.0580269607843125,5.309219530949635,4.63982843137255,4.756970396001536,0.6218344583605316,0.5932493787412116,0.6087847357236403,0.6026841466349934,0.349121786768597,0.3435644822652202,0.3483986537391662,0.3451894779422644,0.8976876635806621,0.865965432117493,0.8830365962250525,0.8799073269497375,0.1218860219964977,0.1180365534741688,0.12138162192726343,0.11915577568205304,EarlyBlight
22.042465,67.567474,64.37564,1.892907475490196,1.946682045367167,1.8550551470588224,2.1643521722414456,0.7578387799316878,0.7480954967507084,0.7609134929582518,0.737114273756849,0.4212248791351762,0.41759609711680606,0.4204521220830601,0.415363206782168,0.9320936624976988,0.930197728005386,0.9334357995988376,0.9223928128809175,0.1774303988024438,0.17438650032718894,0.17677998696414848,0.17252659354836605,EarlyBlight
23.258097,54.741177,82.42624,2.5836397058823524,3.349034986543639,3.271553308823529,3.4558246828143013,0.6948218645643656,0.6528124868914884,0.659882299605791,0.6489676683374638,0.38939854560902515,0.3831816469968986,0.3868660929519188,0.383058297631381,0.9228581761146688,0.8999046045834432,0.9023196768828704,0.8967128920658977,0.15163122732242404,0.1468281745952558,0.1496653738758827,0.14673365938425167,EarlyBlight
51.860233,61.100513,99.55397,3.617601102941178,4.838523644752019,4.647457107843136,4.9548788927335625,0.6376840196501865,0.6013505012868093,0.6081353844686246,0.5966530332244243,0.3245396291855259,0.3201100313977947,0.3234063620885461,0.31831750962708977,0.9124033467364298,0.882625729673992,0.8874569931403855,0.8798032228826117,0.10532597091187867,0.10247043220149711,0.1045916750393478,0.1013260369351924,EarlyBlight
31.038145,55.38768,90.00258,3.4501225490196075,4.007966166858901,3.2730392156862735,3.601630142252981,0.6679760889778625,0.6534376950803653,0.6738268402405169,0.6617476983853414,0.40725237088992144,0.40227492151975314,0.4076675704580531,0.40475957421719894,0.9271801022262462,0.9153747873134999,0.9309177057599038,0.923954269043859,0.16585449359546212,0.16182511248372353,0.16619284800317166,0.16383031292048816,EarlyBlight
32.11167,67.43791,88.54256,2.311887254901961,2.9588312187620156,2.3309129901960777,2.5487120338331417,0.7224241250341469,0.695399510346427,0.7185281266498356,0.7064171670299937,0.4453179181344777,0.44089090090162203,0.4458317479915274,0.44197157786134855,0.952109191104014,0.9386997362109187,0.9517150724673274,0.9471964744032464,0.19830804821162537,0.19438478649784388,0.19876594751718082,0.1953388756372501,EarlyBlight
21.143772,55.122185,82.0504,2.5007046568627453,2.957908496732029,2.753094362745098,3.0659284890426766,0.7128511587949075,0.6929409085520039,0.6999798289911874,0.6850014574573852,0.43474414275451234,0.43057878409215716,0.4342976193448531,0.430519640024153,0.9413425119124283,0.930618914821302,0.9354223621156129,0.9280851838773639,0.1890024696593558,0.1853980893102805,0.18861442216860694,0.18534716044652627,EarlyBlight
50.698677,58.32635,68.8858,0.9841605392156862,1.8435524798154557,1.3039062499999996,1.3858823529411768,0.8230488369712816,0.7739574976804338,0.8003471901687336,0.7891354786660892,0.4999551895987717,0.49376971200907727,0.49907772693139996,0.4964331016246416,0.9735923494227098,0.9505713391941198,0.965010319839034,0.9628422395354516,0.24995519160674376,0.24380852849752713,0.24907857751901302,0.24644582438866175,EarlyBlight
15.928198,48.4843,79.980576,3.0108149509803916,3.767658592848905,3.466299019607843,3.5159092656670503,0.6849478620977096,0.6640840911645131,0.6731356432762748,0.6652247095312683,0.42223421795050764,0.4180541890437692,0.42169685414073127,0.4184138800667271,0.918943192781842,0.8985256330341077,0.9066807040727128,0.9053059988714883,0.1782817348082768,0.17476930497704352,0.1778282367921892,0.17507017503249347,EarlyBlight
32.469154,63.43811,92.32788,1.468213848039216,2.2294040753556326,1.9134803921568617,2.2245444059976935,0.7690895417591653,0.7311838466289835,0.7443069893175326,0.7306928461110987,0.45881122964515525,0.45316719513466,0.4569565610314423,0.4536343667345428,0.9714812518529832,0.956683461838781,0.9628309791309915,0.9567778835107529,0.21050774444849937,0.205360506746215,0.20880929866968223,0.2057841386826497,EarlyBlight
33.46397,67.195244,92.92894,1.9236213235294113,2.5711649365628593,1.8159007352941166,2.1389004229142623,0.7349858544309453,0.7064026541631306,0.7399585608009145,0.7221816064931964,0.4340940790022025,0.428283630799564,0.4343753840999895,0.430925208903287,0.9621181583004016,0.949346232534317,0.9642394979951752,0.9578621491317533,0.18843766942477042,0.18342686841085726,0.1886819743120134,0.18569653566834154,EarlyBlight
94.17179,90.45344,97.020065,1.4332107843137263,2.1478969627066515,1.7923253676470576,2.2927950788158387,0.7687729443024743,0.7244707161020781,0.7408338070847097,0.7155456150245307,0.3768628451732161,0.3691701816623913,0.37448925341399547,0.36905164332904966,0.9711030619657076,0.9566866562678609,0.9638647148360391,0.9537647178927247,0.14202560407205148,0.13628662302864297,0.14024220092257172,0.1361991154438721,EarlyBlight
44.492096,69.93434,85.60292,3.3709558823529413,3.8132410611303333,3.2987132352941164,3.7178931180315242,0.6596515739039323,0.637590942547334,0.6651183281946953,0.6453328459976466,0.333898066542111,0.32676883607794394,0.33533276751908064,0.3297650344625578,0.9091205381598705,0.8971109527625237,0.9110681675907337,0.8996836353871529,0.11148791884056,0.10677787223173418,0.11244806497200578,0.10874497795409194,EarlyBlight
60.03755,68.13641,76.14313,1.994975490196078,2.456039984621299,1.7665747549019606,2.243444828911957,0.7479541975075513,0.7298881514457864,0.7553158649525178,0.7338142672027986,0.48256401747659444,0.47674646992027797,0.4824445868812436,0.47872845182708595,0.9547609322431856,0.944356476213172,0.9599402622101216,0.9491729872137055,0.23286803096315095,0.22728719658144653,0.23275277941101377,0.22918093058875855,EarlyBlight
23.425343,48.109646,82.96472,3.716513480392158,4.227020376778161,3.9840992647058813,3.977362552864285,0.6691509552139371,0.646524102694495,0.6593718737140711,0.6527217559397068,0.3982846913883955,0.3926581169015855,0.397891520111601,0.3948206150350121,0.8936023960046369,0.8788826923725238,0.8859418597347147,0.8860361671053891,0.15863069539434946,0.15418039676869916,0.15831766177672058,0.15588331805662523,EarlyBlight
16.733934,44.824017,86.78284,2.9563725490196084,3.299561707035754,3.0287377450980393,3.4681430219146483,0.6981301868086083,0.6743054077756965,0.689288194536545,0.676469361482341,0.4245083158363574,0.4206703326129419,0.4242240273789822,0.41947156126705487,0.9266056701685103,0.9180275604501644,0.9248091458870693,0.9138394218820398,0.18020731021422057,0.17696352874068316,0.17996602540564344,0.17595639071182057,EarlyBlight
13.755386,57.12206,77.6055,2.714920343137256,3.4628835063437156,3.0770833333333347,3.174686658977318,0.7036401276066186,0.6720870968465353,0.6874580647268784,0.6793926097656605,0.430060129376164,0.42409324183752817,0.42942501692841484,0.42677932056444745,0.9184570048236002,0.8959444376184101,0.907579391033833,0.9046044127444505,0.18495171487904294,0.17985507777226417,0.18440584516396935,0.1821405884614514,EarlyBlight
45.97331,72.28889,72.75464,1.1443627450980394,1.8157016532103043,1.4028186274509793,1.678985005767013,0.7912773600421548,0.744930387712724,0.768947151161258,0.7478741104042422,0.4521645814057668,0.44489393797315174,0.45058232553487343,0.4468869429000275,0.9648456456002775,0.9442243303423801,0.9569059868479742,0.9484240635700352,0.20445280867785232,0.1979306160452586,0.20302443208441465,0.19970793973453246,EarlyBlight
33.17829,57.84068,75.64995,3.052665441176469,3.5185544021530206,3.2818933823529415,3.652441368704346,0.6791460686664512,0.6523576262296011,0.6626187054203543,0.6469335673631785,0.36654243200518244,0.361873089892923,0.36503734192459686,0.36091907539397344,0.8859861500073754,0.8684475476823883,0.8774077470777614,0.8634417458622353,0.13435335446027377,0.13095213318865154,0.13325226099937504,0.1302625789832407,EarlyBlight
47.484333,61.537056,93.31479,4.480713848039219,4.776947327950788,4.441789215686277,5.11697039600154,0.6289654633521921,0.617685668138917,0.627753718196113,0.6106880967653738,0.37663036708193653,0.37355889137082676,0.3757380620525292,0.3712037537247796,0.8940173407077529,0.8868869151386427,0.8949345448585614,0.8788354651693226,0.14185043340827425,0.13954624532220117,0.1411790912749903,0.1377922267793668,EarlyBlight
17.94831,52.8999,83.57684,3.1587775735294126,3.5293656286043826,3.291482843137257,3.673064206074585,0.6735679563843243,0.6516147737902135,0.6653082045068378,0.6486435311997097,0.35228529347489984,0.3478064118993004,0.35180044158073004,0.3474931128767848,0.9124200731228406,0.9020629770524526,0.9087313150987324,0.8980754580687569,0.1241049279986963,0.12096930015826582,0.12376355069639666,0.12075146349679791,EarlyBlight
20.203688,52.75473,79.23753,1.9644607843137254,2.0762168396770475,1.8685968137254891,2.3940023068050746,0.7396314850533642,0.7210472653264942,0.7409969729664856,0.7128904570699439,0.42770807694013774,0.4250423777723226,0.4276975296384236,0.42131234523915573,0.9457654200724921,0.9426671681409199,0.9484161938305897,0.933891763356255,0.1829341990798308,0.1806610229023498,0.18292517685881024,0.17750409225091754,EarlyBlight
47.188972,54.460384,83.709305,1.858884803921568,2.141791618608229,2.024417892156862,2.5967550941945405,0.7715215309793091,0.7554522664668043,0.7621053214733271,0.7378778216875355,0.49266161749672027,0.4898656909844073,0.4919513524531135,0.48678922566864724,0.963966887543502,0.9585047383109256,0.9607581505786994,0.9496902353899109,0.24271546935448474,0.23996839520363084,0.2420161331804475,0.2369637502270812,EarlyBlight
81.06082,44.921608,78.515625,2.2454963235294128,2.722983467896964,2.2539828431372566,2.47372549019608,0.6964039151385506,0.6714727034185544,0.694946796760419,0.6734146401489849,0.3568189051963535,0.3508703068429031,0.3566615748604577,0.351940540841916,0.9068427173408603,0.8867877982095097,0.9064906432369688,0.8971510798092912,0.1273197311055243,0.12310997222403298,0.12720747898194185,0.12386214428810034,EarlyBlight
17.815506,54.17718,91.27397,3.020113357843138,3.551603229527106,3.3464154411764704,3.6259746251441767,0.686399143842782,0.6637821590249917,0.6727972589187348,0.6597032545705973,0.40101745103571107,0.3965824031442284,0.40009751178121955,0.3959759465868946,0.9299109112706501,0.9175012560035267,0.9223375072586559,0.9157737131620145,0.16081499603517893,0.15727760248365127,0.1600780189335231,0.1567969502753872,EarlyBlight
36.49473,67.02743,94.10129,2.4939491421568643,2.9607996924259936,2.7153645833333333,2.9651057285659363,0.6965531150932742,0.6565658001695249,0.6716723038975347,0.6561638910348959,0.3347567743599723,0.32886589086553303,0.33254278258283293,0.32755950232338615,0.9320342956405687,0.919158005272069,0.9259872348939987,0.9190404126902622,0.11206209797989342,0.1081527741747807,0.1105847022479333,0.10729522756234443,EarlyBlight
29.828941,57.299866,54.166016,1.1860294117647048,1.3825451749327184,1.2952205882352936,1.8910265282583623,0.8332930749073467,0.8176363354234575,0.8262409619255914,0.8044777312518765,0.5965270245039289,0.5944503350871595,0.5956309687128696,0.5902388757200193,0.9670502233386158,0.9616659056039237,0.9640167194116385,0.9475671459030138,0.35584449096351106,0.3533712008852362,0.3547762508898314,0.3483819304112324,EarlyBlight
24.531532,49.777557,90.71962,2.8662377450980405,3.322168396770472,3.2264399509803936,3.6629603998462117,0.6950057769310607,0.6697469075843295,0.6801608007649028,0.6599549234781659,0.3702330981095884,0.3665587746996763,0.370023641921535,0.36395906819988283,0.9299473949207918,0.9187267139607675,0.9211530058255396,0.9103896017917996,0.13707254693582407,0.13436533530932804,0.13691749558087635,0.13246620332492695,EarlyBlight
38.000748,54.84481,77.47438,2.4539828431372546,3.043029603998465,2.429672181372549,2.8920107650903497,0.7181251002717003,0.6953948108662448,0.7180363800006245,0.6972431224088121,0.44011256597176734,0.4344238607960371,0.4404357111305997,0.43635396208527777,0.9371530515704206,0.9220853848146495,0.937775836628702,0.9259521150973243,0.19369907072625328,0.18872409082893463,0.1939836156391171,0.19040478022752003,EarlyBlight
23.807749,39.528313,86.31421,2.941390931372549,2.9489273356401395,2.851715686274511,3.77663975394079,0.7228156582425221,0.7139816541024473,0.7291238501212327,0.6995753572463647,0.466303423944055,0.46404066180103787,0.46668974209183595,0.460645261272041,0.9388745021967653,0.9387189925073481,0.9407387201466849,0.9215184835587813,0.2174388831819491,0.2153337358047452,0.21779931537374433,0.2121940567323869,EarlyBlight
23.864075,62.356327,86.71324,2.992830882352943,3.553156478277588,3.151164215686276,3.317124183006535,0.6611989185424131,0.6293760013994916,0.6491381511979705,0.6368089292085288,0.3336898716708134,0.32685624962317117,0.3325806437368377,0.32909622709161057,0.8986784547727039,0.8794264900009148,0.8933153430475193,0.8874360563225148,0.1113489304556839,0.1068350079177248,0.11060988458840937,0.10830432668593293,EarlyBlight
46.241478,71.91898,81.78865,3.0967524509803908,3.8292656670511356,3.371507352941177,3.6671741637831614,0.6754802312356262,0.6447849759443397,0.6614203279417165,0.649031386056734,0.3513371745502867,0.34384375851301147,0.34888605191745986,0.34540266037931594,0.9153825986747233,0.8953234258668012,0.9078731947076526,0.899754349392174,0.12343781022097859,0.11822853026835414,0.12172147722255248,0.11930299779710907,EarlyBlight
37.844845,63.51826,78.8412,3.227558210784313,3.8026451364859697,3.4963541666666673,3.69693194925029,0.6632914102231887,0.6444189305772999,0.6559644331873702,0.6458250835611148,0.39352188518623765,0.38782839909167416,0.39262759928585333,0.3897081276813136,0.9021612501541795,0.8846685587959335,0.8940127149591026,0.887874762320585,0.1548594741205304,0.15041086714201088,0.1541564317209726,0.151872424780875,EarlyBlight
35.926434,64.19905,71.87738,2.552604166666666,3.019915417147252,2.5263480392156885,2.7869588619761636,0.7210913555072468,0.696901838291556,0.7194879042461407,0.7041898079476171,0.4347059936194008,0.4276781966688212,0.4343057954130338,0.4302827884303319,0.9252300847513149,0.9115749642124517,0.9259991693003039,0.9183960796685287,0.18896930088863054,0.18290863990589487,0.18862152392934797,0.18514327801938177,EarlyBlight
38.031925,71.715805,67.93762,2.432291666666667,3.0493502499038807,2.671752450980393,2.9796232218377563,0.7219033327516089,0.6982372652287047,0.7116088574673358,0.7024814114539473,0.46627748043577427,0.4619895324097511,0.4656536744224896,0.4621200525295978,0.9258829567479978,0.9071323747862017,0.918586082959642,0.9092559037281196,0.21741468876153386,0.21343432805618048,0.21683334450316594,0.21355494294995822,EarlyBlight
13.481962,57.73654,94.90195,2.94702818627451,3.7068512110726646,2.881893382352941,3.0413533256439815,0.6592564335969627,0.6332906321205158,0.6575619827598065,0.6471719710855782,0.3461018072208364,0.33991460796071676,0.34570993652087034,0.3421372628943922,0.9220746079089333,0.9017933019683096,0.9237969040030124,0.9194245329386271,0.11978646096152898,0.11554194070508776,0.1195153602092642,0.11705790666086645,EarlyBlight
39.011276,76.72421,79.87201,2.864307598039215,3.2304190695886192,2.9721813725490187,3.4575932333717794,0.672396423157875,0.6468356331788037,0.6602664687120106,0.6390533236437363,0.31733542646083585,0.31005208226843,0.31497605619566915,0.30977023622267724,0.8983734358338721,0.8852284126560445,0.8945316057779026,0.8771572791003135,0.10070177288708057,0.09613229371898928,0.09920991597657731,0.09595759924945327,EarlyBlight
20.360731,64.00929,66.58452,2.6186580882352963,3.03443291041907,2.83002450980392,3.180376778162247,0.7093816110978135,0.6877985989009004,0.6972424734506697,0.6832656101392014,0.4364681888222236,0.43363165268648296,0.43616268240049033,0.4309677756566079,0.9078409055245098,0.8932416155051074,0.9004147668479554,0.8881069397019569,0.1905044798537522,0.1880364102116106,0.19023788551879098,0.18573322365440428,EarlyBlight
15.521927,42.038822,67.63786,2.5598651960784324,3.35926182237601,2.9515931372549016,3.0326182237600934,0.7337296602495528,0.7122071705913646,0.7239582609603707,0.7189035169755803,0.5188715839162364,0.5138716450932139,0.5183333459551921,0.5161328829303762,0.9332758001369182,0.9125213235342216,0.9230652103452935,0.9210274630356448,0.269227720595744,0.26406406763080603,0.26866945752910487,0.26639315284202136,EarlyBlight
18.737387,40.01188,85.806305,3.4830269607843123,3.8825528642829696,3.5740962009803927,3.9391772395232594,0.661519384791288,0.6416953788858034,0.6576704275861799,0.6438816380390574,0.3854325030988112,0.3801790908426123,0.38534107010668883,0.38145257573636754,0.9030353814791948,0.8917927626229248,0.9005065743930785,0.890214634039997,0.1485582144450151,0.14453614111391527,0.14848774031096806,0.14550606753590922,EarlyBlight
22.433273,61.173187,67.46243,2.3758884803921583,2.6106881968473674,2.3636642156862733,2.839830834294502,0.7314167598712351,0.7221199919466722,0.7336119332835438,0.7152132101131511,0.4776189514829619,0.47488177234030937,0.47740475490385087,0.47251996766013304,0.9302881577799469,0.9234578325350472,0.9306468345526433,0.9167396521908677,0.22811986281568394,0.22551269770107343,0.22791530000480592,0.22327511983753318,EarlyBlight
44.23299,69.71466,92.3965,2.9204350490196096,3.6981776239907713,3.2785539215686286,3.7603998462129957,0.6728546075289297,0.6408064689441372,0.6573290813073762,0.6399027599729068,0.3563690215826498,0.35026967516830637,0.35502106481455115,0.3507476607285431,0.9253208810570736,0.9053043918313636,0.9161633406804194,0.903711128398932,0.12699887954377512,0.12268884534251086,0.1260399564620577,0.12302392150654516,EarlyBlight
12.303624,47.435036,80.19432,2.9456495098039213,3.72235294117647,3.5122549019607834,3.8310803537101106,0.6949575645338445,0.6658761292132926,0.6727380019397479,0.6640815429193507,0.452228177359857,0.4480737409638983,0.4518109885465998,0.44848280688404574,0.9264655173254553,0.9070711010697052,0.9123209172112218,0.9043567107660563,0.20451032439821829,0.20077007734138264,0.20413316937145573,0.20113682807059227,EarlyBlight
35.747265,56.48026,79.260895,3.249142156862743,3.5726259131103415,3.4246017156862765,3.9262129950019222,0.6843645632477483,0.6714481402380684,0.6766563370481093,0.660250184770152,0.41669900179553654,0.4132635319308129,0.4158693396682837,0.41115375584939196,0.914302675885573,0.9057586889911022,0.9096748652341623,0.8964315131367836,0.17363805809739657,0.17078674682393,0.17294730767613434,0.16904741094906142,EarlyBlight
38.9359,63.0076,72.94479,3.7806985294117657,4.2483660130718945,3.896384803921572,4.29905420991926,0.6401184602239077,0.6196968234837715,0.6339594167300334,0.6201855051689201,0.36597591941757507,0.3592876171941317,0.36350927547956075,0.3603661388038151,0.8668624817048478,0.8503324528764171,0.8627630433988001,0.8485467356432115,0.1339383735935394,0.12908759186903693,0.1321389933596752,0.1298637539963705,EarlyBlight
12.412748,48.34265,78.84697,4.1985600490196076,4.425344098423687,4.090134803921568,4.544898116109193,0.6553288083210302,0.648234119934641,0.6591827771861795,0.6464072254515222,0.44766611607704226,0.4453917077296656,0.44738522304129563,0.44202809280954686,0.8895438434231927,0.8835687951857659,0.8923963061031599,0.8804233181313451,0.2004049514835039,0.19837377331434783,0.20015353779570985,0.19538883483284536,EarlyBlight
57.28217,77.13383,89.58371,2.3187193627450977,2.931303344867358,2.5273897058823547,2.913556324490579,0.72127277674542,0.6921546689647877,0.7106198081302728,0.6955724860777822,0.3837661010493272,0.37751260637495093,0.3813961864502751,0.3777528029192471,0.9516580989746503,0.938878096720958,0.9472995018924978,0.939248147856457,0.1472764203146024,0.14251576797200863,0.14546305103881302,0.14269718011334756,EarlyBlight
31.456114,59.43014,94.05803,2.028063725490196,2.8096885813148784,2.2290134803921564,2.4244213763936977,0.7427796935374141,0.705728959083278,0.7269158892144026,0.7148957430206694,0.45110162352705435,0.4449888721904597,0.45000971900514986,0.4469753985950895,0.9613052579879057,0.9463701970430591,0.9574712073978802,0.9537239672875972,0.2034926747487443,0.19801509637333728,0.20250874719909392,0.19978700694923912,EarlyBlight
23.402573,60.192177,79.17963,1.9531709558823525,2.465313341022682,1.6799632352941172,2.006966551326413,0.7562360000117446,0.7378927281397882,0.7689182565342823,0.7474042361514519,0.4855435474708964,0.48033417406260587,0.48531711970377645,0.4831380584452469,0.9580075560872966,0.9470259495521589,0.9638774014951766,0.9568747962381403,0.2357525364906226,0.23072091877240578,0.23553270667756968,0.2334223835182428,EarlyBlight
16.670397,53.662422,80.1024,3.009482230392158,3.4265743944636697,2.938204656862746,3.2542099192618226,0.685757337717714,0.6688873066600021,0.6927614233105868,0.6735311717510984,0.4086335223380277,0.40326871771897016,0.40928508748387,0.405202517522029,0.9142379418595432,0.9023017272920948,0.9162688703506713,0.9072161723229213,0.1669813555783834,0.16262565869070245,0.16751428283667913,0.16418908020619022,EarlyBlight
17.07379,50.30998,75.313385,3.4214154411764723,4.080615148019991,3.7209558823529414,3.988465974625144,0.6719077581682447,0.6499467964978375,0.6607360462775757,0.6514962342572153,0.4340300134506048,0.4304723161719905,0.43366908398862064,0.42978207591825845,0.9023489074679573,0.8835296749226478,0.8937996822010146,0.8861598284146075,0.18838205257593219,0.18530641499047815,0.18806887440752929,0.18471263278060768,EarlyBlight
85.223076,82.562,97.76437,1.9153186274509795,2.5942945021145705,2.0910845588235283,2.6025374855824674,0.7408152782725459,0.7056023296170538,0.7245283150394994,0.7015816176422163,0.4044880506582739,0.39825755288437514,0.40328318053741674,0.39933533358057255,0.9622451299391556,0.9488302574643537,0.9587804218717965,0.9486676732467825,0.1636105831253304,0.15860907842945088,0.16263732370437467,0.15946870864590715,EarlyBlight
36.875286,66.6509,80.28119,1.4994178921568624,2.015840061514803,1.8151960784313717,2.212933487120337,0.7917168254413037,0.7577116347120592,0.7691878456734266,0.7556209699511136,0.4946815699234571,0.4906660115328939,0.4934190976346447,0.4885409406124414,0.9669042615981526,0.9555238167061361,0.9599342819142921,0.9511752756236356,0.24470985562193617,0.24075313487359795,0.24346240591058702,0.23867225065448902,EarlyBlight
21.425493,58.968395,77.71527,1.9989736519607828,2.232418300653595,2.0129595588235287,2.5156324490580526,0.7540895520738033,0.7385893056871202,0.7523956249703405,0.7351600952050308,0.48519893505370343,0.48253690086114964,0.4845120629450243,0.4802505571170287,0.9554263554047957,0.9502507590119049,0.9551072831735699,0.9439393525458784,0.2354180065772479,0.23284186069268295,0.23475193913924317,0.2306405976112164,EarlyBlight
60.313072,54.22775,81.22208,1.7062806372549018,2.1985390234525193,1.6207414215686273,1.9976624375240302,0.7962502380824896,0.7792977401492217,0.8023586751167298,0.7813416997953965,0.5579885518771109,0.5528245174374204,0.5576675200125593,0.5560137600040896,0.9715302501262123,0.9633616604264231,0.97295676794357,0.966709240235239,0.31135122402591536,0.30561494707991677,0.3109930628769582,0.3091513013138854,EarlyBlight
24.251255,57.81071,79.95006,2.0455575980392147,2.746682045367168,2.2439797794117635,2.4623606305267196,0.751138383285822,0.7269448246897775,0.7408171395611068,0.7310221424820831,0.4998336492973893,0.4950221687143234,0.49970351589814943,0.49704131241116395,0.9569904564718504,0.9422826805707682,0.9528190121847522,0.9482572599740516,0.24983367696994557,0.2450469475186321,0.24970360380097206,0.2470500662434123,EarlyBlight
37.63827,69.36268,86.79146,2.8409313725490213,3.3571703191080386,3.014981617647059,3.573025759323338,0.6670068949389701,0.6408359492910778,0.656348557148698,0.6338146286450338,0.33742308452256176,0.3319824612052998,0.33687988318460677,0.33108114832475904,0.9173820502319486,0.9022419630265225,0.9123204445396847,0.8959564302415484,0.11385433796871987,0.11021235454792838,0.1134880556944743,0.10961472677604112,EarlyBlight
26.651566,54.704563,72.6353,3.039736519607842,3.729457900807382,3.3833333333333337,3.595632449058056,0.708846222527615,0.6881997103032333,0.699514590821752,0.6890979925188118,0.477762608437271,0.47281377708456335,0.47727908376676453,0.47450820698624824,0.9192413447843475,0.9009693521641284,0.9101127849786329,0.9045229037890967,0.2282571100207851,0.22355286780097114,0.22779532380124226,0.2251580384973042,EarlyBlight
24.59957,82.51981,95.114426,2.255085784313724,3.0226220684352167,2.7018688725490185,3.1018838908112256,0.7093448728337696,0.6681597564044623,0.681362747501163,0.6707663816568514,0.37617370455674587,0.37063299395908833,0.3742469346738528,0.3696738586940601,0.9467033566866813,0.9284683783829502,0.9361428067958147,0.9265926140330124,0.14150665599994594,0.1373688162110776,0.140060768112775,0.13665876180175593,EarlyBlight
26.472406,58.41265,77.85359,2.628339460784315,2.9258900422914293,2.6974877450980377,3.2499807766243776,0.7278558652637654,0.7155637097750549,0.7255339089638779,0.710755443652194,0.5001019316965064,0.4975400174942203,0.5002643360190342,0.4958993512504937,0.9432559204961869,0.9368733730573157,0.9417630555899621,0.9298810546222072,0.25010194208657716,0.24754606900814904,0.25026440589256516,0.24591616657066054,EarlyBlight
35.61803,62.63821,82.34369,1.9780637254901952,2.641076509034986,2.5005514705882343,2.7389773164167632,0.7616265192269733,0.7247473383513316,0.7296777362254281,0.7202589569280712,0.45002728964941435,0.4442647990176439,0.4478350587271245,0.44477760341995987,0.9497755895285066,0.9329190980872615,0.9365092631518751,0.9304325080794801,0.2025245614291979,0.19737121164618748,0.20055623982512702,0.19782711650400311,EarlyBlight
31.46395,82.39344,87.24548,3.525,4.135117262591313,3.8648590686274504,4.2311111111111135,0.6603748397593321,0.6331860530690018,0.6439033363710934,0.6268230886238675,0.313212454685781,0.3073913463745467,0.3109301409644342,0.30580383533222505,0.9012211843049682,0.8839841516775613,0.8916919030385416,0.8812909250241544,0.09810204177029243,0.09448943982595652,0.09667755256016293,0.09351598570389862,EarlyBlight
17.422384,50.07078,78.35693,3.6738664215686274,4.1475740099961556,3.706740196078429,4.176670511341791,0.6895849818640974,0.6715529700850094,0.684161763222067,0.6739766434706104,0.4513704161061439,0.4476791617646988,0.45127678772849283,0.4480719373829546,0.9098368836882225,0.8982258938449982,0.909030103687366,0.8975119173349818,0.20373525253583352,0.20041663187834335,0.2036507391425472,0.2007684610701144,EarlyBlight
85.16685,80.288246,89.07179,2.0407475490196063,2.7461130334486725,2.0091911764705883,2.464621299500191,0.7448310467952605,0.7195441974295959,0.7452337811086299,0.7254485767054548,0.4444707201707378,0.43930892832622276,0.4444544013234254,0.44026199202054,0.9585981322898143,0.9443115838318776,0.95923833531851,0.9500199536757533,0.19755422108909432,0.19299233450713432,0.1975397148557645,0.19383062161789405,EarlyBlight
34.301292,46.702644,65.39754,2.390563725490197,2.9873125720876597,2.5891237745098015,2.9452056901191854,0.7490884969125428,0.7247328346627752,0.7393781293926751,0.7286254555675353,0.5147857299759857,0.5102174290820789,0.5145489168009113,0.5120478980270363,0.9324260628908302,0.9156425284549828,0.9268133765935461,0.916831567101523,0.26500434778690846,0.2603218249391262,0.26476058778099115,0.2621930498739062,EarlyBlight
30.399223,85.00555,78.31276,1.2208639705882351,1.7035294117647055,1.2515318627450978,1.637001153402538,0.7972028707843779,0.7646323589764442,0.7911940907715779,0.7625127186435874,0.44499617207739744,0.4387312428561744,0.4444195362519295,0.43967258184947206,0.9686962507820915,0.9563232621071883,0.9679099060063849,0.9580289780654111,0.19802159316353674,0.19248510345812345,0.19750872420238005,0.1933119792301807,EarlyBlight
81.76792,64.088936,85.3819,3.290104166666666,3.437447135717032,3.380392156862745,4.167351018838909,0.6932076327491745,0.6861220211977971,0.6902898797793421,0.6714553109465453,0.468183301754788,0.4664849370922901,0.4682629339865802,0.4629046091042064,0.9284111990927587,0.9252428350329704,0.9264466385113798,0.9093689778225852,0.2191956040420149,0.21760819653399785,0.21927017534572038,0.21428067712991813,EarlyBlight
16.296198,63.5684,85.285095,1.6200061274509794,2.2102729719338705,2.0613204656862743,2.322199154171472,0.7548173425802097,0.712073396924585,0.7189270021440781,0.7057711035592803,0.4299178489815901,0.42385419132317254,0.4274216783406012,0.4233855677297506,0.9555488103345922,0.9392977199224634,0.9434425208685815,0.9362238123731159,0.1848293568729573,0.17965237550222055,0.18268929111549637,0.17925533896184326,EarlyBlight
14.618301,52.37139,72.69185,1.987055759803921,2.7608458285274895,2.242815563725491,2.273094963475587,0.753792214252132,0.7328836985563119,0.7455245536826052,0.7385621660413214,0.5254968680163912,0.520168581229073,0.5249531941251264,0.5234446752921036,0.9522268709757111,0.9336805747368407,0.9460777703057953,0.9453970677276942,0.27614695829503644,0.2705753528978666,0.27557585602217266,0.2739943280916558,EarlyBlight
53.860813,66.84926,110.456055,4.604411764705882,5.2709573241061145,4.406403186274511,4.884767397154941,0.5969287345244417,0.5734208044728087,0.5963371136870875,0.5807598209686134,0.30032261513714864,0.29451843682276335,0.3005531937336922,0.2964009535054495,0.8947624795507159,0.8791764060243457,0.8992889233367042,0.8880288501029269,0.0901936731628159,0.08674110962852404,0.09033222226352232,0.08785352523893963,EarlyBlight
18.052853,48.60361,77.84032,3.0936580882352933,3.3141407151095748,3.0745404411764716,3.6338946559015777,0.693543145188086,0.6810571097900002,0.6883213229887651,0.6707851162331255,0.431422595488602,0.42850235956806865,0.4312948440494443,0.42592730104529,0.9112313221831985,0.9048609936976566,0.9117798793294558,0.8956818203301793,0.1861254558981219,0.18361427215540238,0.1860152425036345,0.18141406577572505,EarlyBlight
35.486828,81.23592,87.78317,2.066712622549019,2.460392156862745,2.2581495098039213,2.587266435986158,0.7282721563486546,0.705189995537448,0.7171941682622568,0.698922031850729,0.3585777789167446,0.353218741993651,0.35614367393875956,0.3522910876664483,0.9477604772246593,0.9377603395072626,0.9428994726948122,0.9345508372265077,0.12857802353286577,0.1247634796955774,0.1268383164865975,0.12410901044920913,EarlyBlight
28.562832,57.67153,77.31201,3.3189644607843145,3.3455747789311796,3.3409926470588243,4.052687427912341,0.6913232049452945,0.6794042474690624,0.6855419435896521,0.6643962521437761,0.3991739663218946,0.39626917328610306,0.3988439754237812,0.3930393932301985,0.9023203496494915,0.9015058495418167,0.9016720433604136,0.8806883624904926,0.15933985538915307,0.15702925769685155,0.15907651673184578,0.1544799646307626,EarlyBlight
31.947992,69.0498,97.10562,3.582444852941175,4.225897731641676,3.371461397058824,3.729381007304884,0.6373212581637651,0.616014209534995,0.6431132351516918,0.6264684151132915,0.32503187469846234,0.3198830711718226,0.3259836725438012,0.32217315665196733,0.9087085509964521,0.8921239509913652,0.9141025389766974,0.9047987226834874,0.10564571956999691,0.10232517922231732,0.1062653547651442,0.10379554286709307,EarlyBlight
21.268932,45.927868,68.815704,2.2539368872549024,2.8402768166089976,2.611182598039213,2.857562475970783,0.7407256709427749,0.7129754749268764,0.725400512916558,0.7127658872383905,0.48412900719390617,0.4808400074374548,0.482589286746332,0.47798146303632366,0.9331797262502067,0.9158402685859426,0.9225925803499533,0.9153280793687099,0.23438089560655723,0.2312071127524516,0.23289241968233346,0.22846627900634442,EarlyBlight
39.10953,70.39705,88.456726,1.932230392156862,2.4797539407920013,1.7323529411764698,2.21207227989235,0.7454067025284773,0.7239819989436788,0.7601742874941916,0.7329179605986821,0.4352591328863962,0.42971171073292413,0.43633447638794975,0.4318513911775898,0.961181309484596,0.9501815658718283,0.9651968662950622,0.9555593095953002,0.18945051276101754,0.18465215434101626,0.19038777528474626,0.1864956240620197,EarlyBlight
55.711483,63.645283,76.29532,1.2412071078431377,2.086197616301423,1.5643841911764704,1.7689965397923881,0.7904465928130182,0.7427056659226525,0.7646613449490833,0.7492858255619242,0.4516218260335519,0.44521691655649925,0.4502576922640105,0.4469732328943005,0.9683542465365709,0.9468313585020701,0.9601165755564448,0.9549155190778711,0.20396227374987982,0.1982181027880768,0.2027319894429124,0.19978507092398262,EarlyBlight
30.191177,52.1776,58.82663,1.428308823529411,2.2051211072664354,1.5268995098039204,1.7005151864667438,0.8299101059999624,0.8042721662155414,0.8214858433857171,0.811219264455306,0.6070794876307225,0.6019644615082161,0.6063415739049338,0.6043681437997747,0.9656750580502655,0.947106842464469,0.9633057388054304,0.9592105769823903,0.3685455043019805,0.3623612129188767,0.3676501042455123,0.3652608532399851,EarlyBlight
39.9517,62.425556,104.31886,2.2897977941176464,2.815655517108804,2.652971813725491,3.004413687043446,0.7199280743296835,0.6890256861670996,0.7000053553241862,0.6819195596986244,0.40412608629132485,0.3999313087812374,0.4031040553832609,0.3972738266168973,0.9563241598052193,0.9462198733482121,0.9493969409547011,0.9426145181391093,0.16331789362114332,0.15994505174347345,0.16249287946643104,0.1578264933148326,EarlyBlight
76.57074,71.85625,81.79024,1.9509344362745096,2.7500961168781237,2.187714460784312,2.32235294117647,0.7676939055877516,0.7336525377033415,0.7569393228039425,0.7446950238539709,0.4643100830768142,0.45771370011020607,0.4635290506484969,0.4607778133717606,0.9529047543911753,0.9336262320319412,0.947186009884794,0.9439498450344622,0.21558385324679813,0.20950183126857566,0.2148591807950968,0.21231619329566107,EarlyBlight
42.59096,68.18022,101.50685,2.808823529411765,3.609042675893888,3.0734374999999994,3.4372625913110357,0.6713298728132626,0.6468305510896346,0.6598625075496068,0.6466013927994195,0.3673763319748744,0.3623843841703063,0.36700326342113093,0.36320303354525174,0.9409743153167573,0.9240567429337951,0.9354250977031154,0.9276714264529872,0.1349653692953131,0.13132244189049214,0.13469139536176,0.13191644357647328,EarlyBlight
32.099834,67.99938,87.02406,3.7884803921568624,4.259946174548247,3.512882965686276,3.8179623221837775,0.6327266832490188,0.6157011379747122,0.6463227596939499,0.6250464549354211,0.3157621471587134,0.309939404670855,0.31623449792414415,0.31185281562346623,0.8751136392059006,0.85929360043902,0.8841927838821335,0.8738923739414209,0.09970573357828098,0.09606243456772401,0.10000425767733552,0.09725217861228361,EarlyBlight
18.535772,54.619053,84.69496,1.8446078431372548,2.270326797385621,2.0412071078431357,2.3555555555555543,0.7464425147315449,0.7198270559263223,0.7344095858636598,0.7201164635844481,0.45732023861659377,0.45250837269280236,0.4568481309430204,0.45335212226440597,0.9592486473295492,0.9498417944169082,0.9549053469361409,0.9479588401308535,0.20914180064833826,0.20476382735708812,0.20871021474613113,0.20552814676164088,EarlyBlight
43.33492,59.469948,81.38394,2.895802696078431,3.1553710111495596,3.0591299019607834,3.9087120338331434,0.703217863844986,0.6863972362453274,0.6956591531166724,0.6686297431359254,0.41505680273462264,0.412267087920002,0.41472293438700103,0.4097629219855448,0.9321733789811656,0.9261061571351318,0.928347865416153,0.9084640912870461,0.17227214949628744,0.16996415178203864,0.17199511230656478,0.1679056522341317,EarlyBlight
29.462885,63.67603,86.2041,3.885324754901963,4.271557093425601,3.9060049019607854,4.130288350634368,0.6296007317126342,0.6140664078789334,0.6280697468544357,0.6153335944935417,0.3181631564014994,0.3130676833927214,0.31800554704122036,0.31425311603434214,0.8734468192290384,0.8606005801885853,0.8727699721449426,0.8652107915092322,0.10122779409136495,0.09801137438488525,0.1011275279489858,0.0987550209372937,EarlyBlight
39.178463,77.54135,97.38765,1.9559742647058813,3.019946174548252,2.464031862745098,2.65442522106882,0.7396609059580902,0.69139128893563,0.7113656954106976,0.7026089008998445,0.40846137114619513,0.40236288080928534,0.4068146564155403,0.403305274166955,0.9607288715516615,0.9393171203949942,0.9505283308023412,0.9466619082591083,0.16684069171862978,0.16189588785314718,0.1654981646744941,0.16265514417088273,EarlyBlight
47.904083,74.13653,77.315765,2.8491421568627446,3.2541945405613224,3.029901960784316,3.4683275663206468,0.6870277303890744,0.6649536474222872,0.6782071329490572,0.656823664143289,0.35433358447023555,0.34774052699401153,0.35255208294728235,0.346293160155111,0.9085462574677944,0.8954943975213665,0.902696232053595,0.8886176846090493,0.12555228908352556,0.12092347411407285,0.12429297119046745,0.11991895277021337,EarlyBlight
23.036776,53.60397,78.72215,3.45595894607843,3.9754402153018087,3.2566482843137257,3.5528642829680903,0.6527840375647723,0.6307338090667403,0.6600854255717271,0.6457863460849228,0.3492891960153116,0.3425259178750259,0.3496147546008141,0.3455947512967315,0.8902956105963732,0.8736921752203892,0.8965991281000709,0.8871182781517285,0.12200294245302278,0.11732400441612899,0.12223047663458744,0.11943573212384971,EarlyBlight
58.30881,63.73472,68.9828,3.319393382352944,3.77217993079585,3.0702205882352933,3.5523260284505973,0.6730155345346008,0.6563569006724412,0.6816078185443931,0.6609814849245781,0.39596255960147914,0.3904140434768547,0.3969127774092698,0.39323873744846416,0.8883573053473847,0.8731684488557665,0.8967344532144343,0.8805605701932177,0.15678634860615492,0.15242312534394742,0.15753975287074054,0.15463670463006213,EarlyBlight
18.709616,58.99418,79.20317,1.7322916666666663,2.2716493656286056,1.7879289215686265,2.0278662053056515,0.7731190175290403,0.7499265104470373,0.7676249665087594,0.7521073833061102,0.4981091703305209,0.4930695923556926,0.4987154100865276,0.49582513738751205,0.9615579600578902,0.9496147919393146,0.9603247488102515,0.9550219053499872,0.24811274556735985,0.24311762290580885,0.2487170602577734,0.2458425668653452,EarlyBlight
20.68272,65.595215,97.570175,3.240303308823528,3.7876355247981546,3.2803921568627428,3.5816532103037324,0.6588657322316651,0.6337820848113366,0.6556483146327278,0.6363245959378389,0.3050023996195746,0.2992576815100523,0.30477155447639465,0.29962870611805975,0.9146142354786061,0.8999707869872093,0.9135406131705539,0.9054106601573096,0.09302646377369869,0.0895551599427719,0.092885700417958,0.08977736152998261,EarlyBlight
74.012726,79.34348,90.60722,3.2531556372549035,3.591972318339102,3.178063725490198,3.803337178008459,0.6833925544057033,0.6668632382604399,0.6823986480361415,0.6606083402716011,0.3955964889015697,0.3928004654485086,0.39589208041565094,0.39057452543671045,0.9290574604691414,0.9216486338093964,0.9306950122843118,0.9170381513078397,0.15649658203124975,0.154292205656565,0.15673053933583223,0.15254845992011157,EarlyBlight
17.971216,51.556633,97.24751,4.671537990196075,5.348527489427145,4.96194852941176,5.2233756247597105,0.604419951221207,0.5886950472699037,0.5958432811068898,0.5889865421255485,0.3637821345135463,0.3594308897109764,0.3632781846467104,0.3598337298664509,0.893542785081672,0.8779334419625979,0.8869247725015085,0.880789715466308,0.1323374413912319,0.12919056447842409,0.13197103944020944,0.12948031314960196,EarlyBlight
32.70466,38.27708,67.55461,1.4615502450980387,1.9206459054209915,1.7146752450980378,1.8614686658977326,0.7761176632006176,0.7414367705320912,0.7558594224501227,0.7439753640511056,0.45307140442061045,0.44708931511453015,0.4519090602181241,0.4485772093391485,0.9440273809510308,0.9264290465982533,0.9343335170251829,0.9286958496144277,0.20527369750366437,0.19988885568957962,0.20422179870722812,0.20122151273849825,EarlyBlight
36.880516,72.86525,79.29936,2.4392463235294124,2.8927181853133406,2.5842371323529423,2.8225297962322187,0.7200623426747005,0.6911558260379894,0.7077191032494209,0.696542878696158,0.41051243122130127,0.40603707328267236,0.41012165304416603,0.40618910910625317,0.9256049163023367,0.9117269534498583,0.9211981563155405,0.9138687979219676,0.16852045618722358,0.16486610487995826,0.1681997702956793,0.16498959235653166,EarlyBlight
23.549726,52.298073,74.81941,2.3886335784313717,2.8202383698577456,2.5779718137254903,3.0513802383698576,0.7160996022060808,0.6928015769866233,0.7031117530374571,0.686412627684033,0.43425953905702575,0.43023255748944494,0.43321118461289276,0.4287554932711859,0.9301496820773572,0.9175230146950711,0.9246129032052741,0.9107633433508404,0.18858134726202047,0.18510005352390857,0.18767193047370584,0.18383127301021793,EarlyBlight
33.725704,56.491337,103.69725,2.3871936274509804,2.655194156093809,2.463694852941177,3.144728950403691,0.7163493647606732,0.7042231640071006,0.7163161457231242,0.6915065222150032,0.4351801321563488,0.43221403832962213,0.4353395590271935,0.42955306048156394,0.9601841589952644,0.9556808593053661,0.9589082002310655,0.9475097952895214,0.1893817474236172,0.18680897492920007,0.18952053165399133,0.18451583176907815,EarlyBlight
35.788322,74.97341,110.74797,3.064246323529412,3.3787620146097654,3.116727941176472,3.754678969627065,0.6508236503895911,0.6373288440363895,0.6481398978974426,0.627979351676393,0.3480993152087207,0.3438681706290301,0.34796234976067536,0.34315673395021684,0.9389848107279397,0.932570065012588,0.9379397981878409,0.9250678924038411,0.12117313324878032,0.11824531877175574,0.12107779685097056,0.11775654405537991,EarlyBlight
12.327221,58.88918,73.29274,2.919546568627452,3.4896732026143797,2.932199754901962,3.143590926566706,0.7055177650528065,0.6878001846027364,0.701924545810696,0.6940835317930225,0.4525774503080211,0.4484257309899969,0.4528053281374023,0.44956703365689704,0.9232595272744812,0.9083176610471906,0.9229269374447372,0.9174100977012563,0.20482634852730933,0.20108563621391307,0.2050326651896206,0.2021105177510616,EarlyBlight
25.138142,61.66153,78.201675,2.6248161764705893,2.629527104959632,2.4891697303921574,3.0041522491349473,0.706828258120477,0.7006723896231074,0.7165397878425862,0.6876845631219234,0.3929974427905204,0.39021674609075035,0.3929762617464726,0.3866221488733222,0.9239952503768404,0.9238340266662434,0.9279107494869553,0.9129827544162272,0.15444699003988835,0.15226910892965315,0.15443034229623215,0.1494766859994253,EarlyBlight
42.171616,43.506344,62.008865,1.5666973039215684,2.1961707035755498,1.861305147058823,2.2071203383314124,0.8119192274512147,0.7870473759570233,0.8003117039753234,0.7865864599344703,0.6116049813589393,0.6087580947107252,0.6122245678893706,0.6086743136831896,0.9648996581067001,0.9508854107921899,0.958299253553324,0.950640536014409,0.3740606532230685,0.3705864178758322,0.37481892152732654,0.37048442013770183,EarlyBlight
38.30493,66.53045,102.40727,3.917493872549018,4.5163552479815445,3.5233149509803896,4.116016916570551,0.6295936026252938,0.6107061476845821,0.6436026311397178,0.6174447595419364,0.3453379444838268,0.3392686821774641,0.3458662936816996,0.34111753772861564,0.9136107124465822,0.9002287074736679,0.9223032177345947,0.9090726248759937,0.11925829590031466,0.11510323870643313,0.11962349310511565,0.11636117454603351,EarlyBlight
16.936056,38.885273,73.17958,3.3103247549019614,3.8567320261437894,3.4204350490196083,3.7897116493656284,0.7081396630106771,0.6857711016653277,0.702392603573599,0.6897885259626796,0.47855621151161837,0.4748085879578076,0.47856575118833344,0.4743018490883466,0.9124956887689758,0.8980902766394648,0.9095850603081459,0.8998612132797832,0.2290160475763528,0.22544319519848713,0.22902517821045387,0.2249622440486247,EarlyBlight
32.50649,69.65935,95.749176,2.2030330882352964,2.7979084967320267,2.3144607843137233,2.739008073817762,0.71180292377844,0.6838342035472218,0.7029460094771854,0.6870569277190653,0.393298965553607,0.3887180137506608,0.392600085344039,0.38817658257801896,0.9538086773496254,0.9412818680259549,0.9514723562615616,0.9425179780738879,0.15468407630553735,0.15110169421425892,0.15413482701214673,0.15068105926194958,EarlyBlight
11.305535,38.569614,81.92952,2.418504901960783,2.672664359861593,2.620833333333333,3.24945790080738,0.7518020153129478,0.7330370333663263,0.7397117039624499,0.7180537601627899,0.481607137800541,0.47843430714804014,0.4808097938174953,0.4756020484511269,0.9490421435480779,0.943707432750289,0.9447790869986925,0.9315588106933939,0.2319454351804293,0.2288993862562252,0.23117805783082235,0.22619730849090805,EarlyBlight
40.36866,85.26929,109.56044,3.6238817401960777,4.292272202998848,3.5287990196078427,4.028927335640137,0.6349659468103492,0.6019388896920134,0.6301033812428344,0.6068637508710198,0.2732303299811852,0.266436455730621,0.2716465953998233,0.267881424206759,0.9106335856649439,0.8937951281603054,0.9128902770651627,0.900311361609774,0.07465481322162736,0.07098838494229517,0.07379187279231529,0.07176045743504154,EarlyBlight
18.973776,58.861465,106.44328,2.622334558823529,3.0967166474432934,2.7587622549019613,3.174932718185313,0.6859751538467384,0.6702428480515971,0.6774957452019031,0.6651474658017204,0.41081393651563175,0.4066952761293539,0.4105732616388433,0.4068804527613489,0.9542721372695301,0.9459350757945733,0.9518931322955385,0.9445695178770281,0.16876809043546953,0.16540104762593144,0.16857040317275807,0.16555170283928025,EarlyBlight
39.671932,60.930504,72.182724,2.3253676470588234,2.519800076893503,2.2784926470588243,3.0422145328719736,0.7415781720746765,0.7336144247655143,0.7475914854904241,0.7218425252966935,0.49635995425829466,0.4937928245124428,0.49707244477885304,0.49193373769487,0.9414154332357659,0.9365662717807073,0.942596386953147,0.923414951990597,0.24637320419129638,0.2438313535399761,0.24708101535842592,0.24199880228244514,EarlyBlight
80.32646,72.73033,90.37514,3.962806372549017,4.374886582083816,4.077925857843138,4.443475586312956,0.6382375241665956,0.6212481857827837,0.6350144421341997,0.6195532067180318,0.34686281334559166,0.342133107729463,0.34655632236086076,0.3419493486519511,0.8866033068924456,0.8746515769593981,0.8833095744893327,0.872686377780472,0.12031381128201876,0.11705506340462031,0.12010128456828485,0.11692935704349361,EarlyBlight
76.08242,62.35798,77.68059,2.3780637254901955,2.616747404844292,2.576531862745098,3.1759784698193014,0.7358996067732957,0.7265607646229527,0.7298880112983333,0.7101750311515747,0.5005812907677519,0.4989417286185849,0.5003475486947482,0.49514119823520447,0.9442145677055276,0.9386686957018202,0.9395588342553396,0.9255614425693687,0.2505816286667086,0.2489428485569016,0.2503476694848434,0.24516480618979403,EarlyBlight
66.1141,70.05546,79.33154,1.815747549019607,2.455024990388311,1.8589460784313727,2.0932564398308333,0.7515923653039164,0.7249641548594412,0.7516354806574406,0.7363328706907998,0.44874172488214253,0.44329964749347445,0.44788114374995164,0.44485998249277553,0.9601009807671657,0.9460975790246491,0.9591517414542661,0.9540405534481835,0.20136913565020048,0.1965145774678387,0.20059751892676486,0.19790040402347256,EarlyBlight
34.145367,62.186302,91.12395,1.8212622549019597,2.9095578623606317,2.115502450980392,2.1365321030372955,0.7722994075376771,0.733542997436347,0.7571901485465155,0.7526713898828196,0.47779364562894616,0.4711047979902668,0.476727331636392,0.4745906858528511,0.9682175725045604,0.9492386147780145,0.9630831845313722,0.9627251513221232,0.22828676780339896,0.22193973068945005,0.2272689487291545,0.2252363190982796,EarlyBlight
17.568419,50.431503,68.10898,2.728033088235296,3.2097500961168803,2.6523590686274514,3.0447673971549394,0.7235775229793429,0.7109165977953787,0.7247487791816732,0.7143558318744264,0.5060104270616272,0.5021913494397477,0.5065048013497684,0.5031750262289171,0.9285405649905879,0.9160009497334162,0.9305228073282591,0.9203185413241085,0.25604655229509043,0.2521961514521149,0.2565471137903684,0.25318510702047137,EarlyBlight
13.516601,56.867844,86.83995,3.2841299019607844,4.088519800076894,3.429564950980394,3.498931180315265,0.6672682272220415,0.6456827232653237,0.6621221859577177,0.6552401798091249,0.40803769334422363,0.40210847235834274,0.40738757540190873,0.4048119137661441,0.9165469016264406,0.8960281400433667,0.9128512483437996,0.9110214942163684,0.16649475918967468,0.16169122354236007,0.16596463659184585,0.1638726855270081,EarlyBlight
14.47083,46.31009,83.00105,2.123406862745096,2.6735255670895817,2.401562499999998,2.575071126489811,0.7409510282809378,0.7080416825820476,0.7193261512422895,0.710875350938927,0.4483324106095162,0.4432538332267418,0.4475344463307529,0.4442254645860645,0.9486393578818894,0.935317096312917,0.9419113716495593,0.9376990892802834,0.20100195040293983,0.1964739606702002,0.20028708065257356,0.19733626338670485,EarlyBlight
34.103237,84.76235,94.075165,2.6842524509803924,3.11031141868512,2.633700980392155,2.953141099577086,0.6620236236604905,0.6354674222461021,0.6602403684614812,0.6409555463325295,0.31489430084089093,0.30855199035308917,0.31476324741261735,0.3099870476549529,0.9112633265749658,0.8968644772247153,0.9129344694419891,0.9020761235340152,0.09915842070207352,0.09520433075085284,0.09907590192173657,0.09609196971383402,EarlyBlight
44.80052,60.925987,99.613266,2.2934436274509786,2.7534640522875833,2.458210784313725,3.0459976931949266,0.7286283018146275,0.7065665938493892,0.7208483311076134,0.7041583710698804,0.4430352006936237,0.44010004397512215,0.44270238076091784,0.43749203954219695,0.96113740778695,0.9533258248372671,0.9583454146676874,0.9483670652030675,0.19628018905363942,0.19368804870690445,0.19598539793138467,0.19139928466279124,EarlyBlight
34.390617,58.374866,84.48062,2.5111519607843142,3.201399461745485,2.917509191176472,3.201245674740486,0.712079475630969,0.6838773709947394,0.7001145480983579,0.6822194238598591,0.3971932518700649,0.39274210455719905,0.39649686814778784,0.3916318077796266,0.9376945891969165,0.9205444751535651,0.9276204154563786,0.9205482919956948,0.15776247933111678,0.1542463606920179,0.15720976645100426,0.15337547286473838,EarlyBlight
30.116272,70.856415,85.033035,3.367218137254902,3.50340638216071,3.316253063725491,3.94160707420223,0.6781272724554406,0.6706240315755945,0.6771044593608012,0.6612256744963656,0.42334489646866086,0.4208621919801041,0.4234351563687588,0.41796949909425957,0.9189733284526457,0.9156724857699495,0.9202031898930805,0.9051249293105166,0.1792209013660612,0.177124984638298,0.17929733164903522,0.17469850217310626,EarlyBlight
41.372303,58.0788,91.986786,3.2004595588235327,3.467527873894655,2.920251225490198,3.622760476739717,0.6715047043187898,0.6541131201748888,0.6843056648080268,0.6461255458689601,0.3539303218311721,0.3502745129908531,0.3549838294317728,0.34761750257580054,0.9231036352665093,0.9165889411226119,0.9298361065898728,0.9128548353716294,0.1252666727115171,0.12269223445097932,0.12601351915804598,0.12083792809703668,EarlyBlight
17.605673,62.824646,70.5159,3.4826899509803924,3.9351018838908103,3.523008578431372,3.863713956170704,0.696903264682924,0.6801719814317749,0.6910738705430749,0.6828352464620081,0.4436078066273728,0.4396444245688912,0.44380102214141015,0.44019925232945006,0.8978847368127768,0.8846687212089063,0.8967025623121889,0.8867609824100489,0.19678788610074857,0.19328722005451146,0.1969593472537604,0.19377538175140685,EarlyBlight
13.338955,66.444,61.817093,3.200735294117648,3.480046136101502,3.154963235294119,3.66243752402922,0.7059951505973984,0.69562939783346,0.7040875084021551,0.6921459263206569,0.45348745078338165,0.4505457114391634,0.453573498339596,0.4489204660369382,0.890178455065762,0.8806950409877876,0.8917489561390802,0.8744421936950004,0.20565086801801,0.2029914380962219,0.20572891839601948,0.2015295848268218,EarlyBlight
12.21462,35.03719,70.16693,2.5777879901960783,3.158292964244522,3.0054534313725476,3.2707727797001156,0.7201878329701011,0.7013457400161606,0.7107971884229984,0.7022297178121933,0.49918545135741255,0.4961056402471021,0.4991232649104096,0.4959766096468049,0.9324403056870736,0.9172813474682353,0.9212338961114547,0.914335395656939,0.24918611484690367,0.24612080628498706,0.2491240335748269,0.24599279731673906,EarlyBlight
41.43027,63.31738,82.39378,2.811887254901962,3.740715109573239,3.326256127450979,3.460084582852751,0.6986583637979495,0.6560333815455892,0.672322929347584,0.6632462105256631,0.38539536490550225,0.3783504912054793,0.3830504287368596,0.3799962354376626,0.9209700107320445,0.8947963637222791,0.9065133263801185,0.9026887989911309,0.14852958729064525,0.14314909419542748,0.14672763095549196,0.1443971389467955,EarlyBlight
37.06489,61.279633,75.391754,2.6119638480392164,3.0244213763936965,2.487408088235295,2.8860745866974242,0.6984244951858644,0.6826437041709322,0.7058847034988704,0.682957090924781,0.4111407319172507,0.40524596473204627,0.4122925621381156,0.4080756851096627,0.9217780574245791,0.9094164527992191,0.9255059631369721,0.91356003649262,0.1690367014414526,0.1642242919316069,0.16998515679441192,0.16652576477772058,EarlyBlight
21.014769,36.316525,45.323257,0.9833639705882351,1.334133025759324,0.947886029411765,1.0662053056516723,0.8324712357455821,0.813354124535311,0.8343877610124473,0.8220403355080952,0.6087930093342138,0.6043988158660658,0.6087499277920675,0.606895327531448,0.951483742361054,0.9342873846626144,0.9532341186063696,0.947484143059054,0.3706289282142081,0.36529792862030247,0.37057647458684734,0.3683219385795036,LateBlight
34.344093,37.29956,59.634323,1.188480392156862,1.742099192618225,1.2449448529411768,1.483890811226451,0.7881177919067296,0.7593478922329547,0.7839401250877506,0.7631241796004137,0.5074228225138797,0.5023837439474004,0.5072872675611367,0.5043631137759081,0.9561648231772212,0.9357965204133739,0.9540822228760162,0.9453125552143931,0.2574779208079523,0.2523894261826072,0.25734037182964437,0.25438215053772967,LateBlight
17.253807,32.898506,50.742416,1.3435661764705884,1.4714033064206071,1.4965379901960794,1.9380238369857747,0.8025901670304688,0.790602753518439,0.7942466959888053,0.7764920430690705,0.572970160174997,0.5713165289423593,0.5724155017260584,0.5674242207243809,0.9442669015373959,0.9390472595631334,0.93792140601535,0.9197175489678507,0.32829480445096176,0.3264025762427457,0.32765950661629517,0.32197024626467097,LateBlight
35.572216,48.154926,56.67955,1.2088541666666668,1.47761630142253,1.243872549019607,1.6246981930026916,0.7923485678928355,0.7638083121799475,0.783291194869931,0.7629775145283041,0.49529774540358845,0.4917060645075686,0.49463401050178857,0.49032195580954796,0.9483730786886482,0.9369464932564173,0.9468775374397222,0.930670148691404,0.2453198566018779,0.2417748538735212,0.2446628043450835,0.24041562034890032,LateBlight
14.507631,43.873566,53.34198,1.8318627450980387,2.111649365628606,1.8338235294117633,1.991172625913111,0.7676533500351618,0.7495464559509364,0.763542536704617,0.7514998393802562,0.5309035345346033,0.5261837244537467,0.5310540276543709,0.528687776524108,0.9214127334209775,0.9095028539926395,0.9213286153941336,0.9146660223112005,0.28185856298133466,0.2768693118800165,0.28201838028792936,0.27951076504600525,LateBlight
19.557932,50.97234,59.13687,1.8470894607843122,2.3534332948865817,2.1643075980392172,2.2919492502883503,0.75494607545256,0.7305276316856152,0.7396715508389536,0.7285429176597403,0.49642554524144217,0.4920758961350401,0.4961588273117428,0.49325080236421304,0.9267953696125432,0.9067927498839968,0.9142232462893535,0.9092278130470217,0.24643832196826315,0.2421386875571028,0.24617358191936384,0.24329635403293995,LateBlight
29.038582,43.44923,54.85161,0.661795343137255,0.8174086889657823,0.6091605392156861,0.9469896193771628,0.8350201255704062,0.8139238414656884,0.8444713853209743,0.8097224920905324,0.5188053031597549,0.5147769737214183,0.5192421795964707,0.5119998713914622,0.9648217786680932,0.9565647909808862,0.9676196206313467,0.9496791597497929,0.26915894258668527,0.2649953326737817,0.26961244107209353,0.2621438683048738,LateBlight
15.946914,38.26508,59.377533,1.1876225490196073,2.2361553248750488,2.0226102941176474,2.1854056132256825,0.7865174291359529,0.7196945131391822,0.7327056094707697,0.7221933389301654,0.47567936323918836,0.4692581457207234,0.4736361058386247,0.4704140038257452,0.949638240810157,0.9052120586259879,0.9142301460583254,0.907363278015382,0.22627085661163968,0.22020320732525167,0.22433116075397688,0.22128933499536824,LateBlight
35.818306,47.314198,69.7664,1.756188725490196,2.1980930411380246,1.9293964460784305,2.2383852364475203,0.7304572626892918,0.6982452235885722,0.7132135801474587,0.6940263786673537,0.3968991195422202,0.39154310671851894,0.39590526328578496,0.39187207637334537,0.9276806491022671,0.9094089365413027,0.9205496750937647,0.9077483549495556,0.15752891109338957,0.1533060044187895,0.1567409774973867,0.15356372424115702,LateBlight
8.566929,57.888393,66.10722,1.6765624999999997,1.9459746251441754,1.5831035539215688,1.823590926566705,0.7451541909278234,0.7255392052828739,0.7493407641246961,0.7314308874221004,0.4433065286724755,0.4403053470443464,0.4449269001559948,0.44038079601772495,0.9290904036642438,0.9176824593685549,0.9330484553167071,0.9228595670825464,0.19652067836364034,0.19386879863584228,0.19795994648242257,0.19393524550120508,LateBlight
30.532822,40.247795,44.536102,2.1765931372549026,2.85102652825836,2.3946997549019597,2.462252979623223,0.7842756386288987,0.7710759661775695,0.7805404100427195,0.7776956192605,0.6344702256510233,0.6319851182625872,0.6353652777579956,0.6322110463422694,0.9144751113566658,0.8882136467400941,0.9059050465763608,0.9034571307326411,0.40255246723766047,0.39940518970537625,0.40368903618049484,0.39969080711718713,LateBlight
16.054901,67.61968,68.173996,1.2573223039215682,1.9570934256055372,1.8333333333333335,2.0865513264129176,0.7906323711561152,0.7424466930490593,0.7499409487394731,0.7396969680924372,0.481402215271625,0.4766180323679997,0.4795925492581462,0.4756940197925413,0.9586164787138438,0.9356021908627938,0.9396576448314151,0.9313424017906827,0.23174809286842799,0.22716474877834364,0.2300090133039274,0.22628480046638666,LateBlight
24.371637,49.87618,61.882248,1.8810355392156861,2.210073048827374,2.0685355392156866,2.3856978085351788,0.7250359631376332,0.7082106074392274,0.7183814639482512,0.7020973737118049,0.44457271826510003,0.4427708101224817,0.4459172904969446,0.4405197334935491,0.9219087667398213,0.9082113028929789,0.9140681775514591,0.9009168075381976,0.19764490182562,0.19604599029651873,0.19884222996413647,0.19405763559722755,LateBlight
33.90461,36.17628,36.78125,1.2152573529411757,1.6051364859669355,1.4625306372549018,1.7445905420991923,0.7950752897897876,0.7698654871463996,0.7821406298282348,0.7635787315157968,0.5479348197617723,0.542669123675546,0.5471201688078728,0.5453008007688949,0.9041358068215479,0.8735802850930475,0.8846299352150517,0.8625969561531169,0.30023256670736587,0.294489777790785,0.29934047911635525,0.29735296331919797,LateBlight
12.353307,55.062378,67.82312,2.404871323529412,3.3392079969242605,3.115594362745097,3.243860053825451,0.7293416465377383,0.6967248790606115,0.7078098057270457,0.6988104806334261,0.46345790478162896,0.45956076526114265,0.46295866115575357,0.45944064281260794,0.9266119339971586,0.8981607895039769,0.9049232104461816,0.9010687123577029,0.21479322950457744,0.21119609696740707,0.21433072193912783,0.21108570426806236,LateBlight
44.738247,54.953033,56.708176,2.7799019607843145,3.3166013071895444,3.1115502450980386,3.34477508650519,0.7035375276783579,0.6809456272789632,0.6921206701886599,0.6827890295007201,0.44896415278510926,0.4427784382013442,0.4481799832186139,0.4445318866366854,0.8783196398362975,0.8549427889344766,0.8638029110982857,0.8537105606760331,0.20156881048605094,0.1960527453360216,0.20086529735783704,0.19760859823677093,LateBlight
56.04427,28.283241,82.591644,1.185876225490196,1.563921568627451,1.256924019607843,1.7097731641676275,0.7869254293626008,0.7534483652918018,0.7767703573011034,0.7536326082531227,0.46520674959334835,0.459872682007874,0.4640851224126637,0.458716922813027,0.9703929571829408,0.9609398296316721,0.9686191505770869,0.9572970713984111,0.2164173198672083,0.21148288365711523,0.21537500084477706,0.2104212152750526,LateBlight
31.172897,48.0798,55.11261,2.1892156862745096,2.6270818915801626,2.472977941176472,2.657224144559783,0.740128693541044,0.7193804086568295,0.7268174929276299,0.7199382346940268,0.49437371180735545,0.491596436216509,0.49423207330282976,0.48996221187733785,0.9092961607853581,0.8912743667043762,0.897539290000456,0.8900268854002455,0.24440536692618217,0.2416670561007722,0.24426534228121366,0.24006296906773333,LateBlight
22.79872,33.013058,60.432037,1.0998774509803921,1.4958246828143018,1.0297794117647059,1.2129488658208378,0.7996985547037059,0.7759687616148956,0.8042451462938269,0.7842108405714725,0.5096327748423615,0.5042044420101787,0.5100553147629943,0.5071326560543147,0.9577546099619783,0.9425770627793381,0.9604470181070196,0.9534363302236339,0.25972556519352513,0.2542221193427956,0.2601564241179772,0.25718353083670387,LateBlight
14.869007,41.61393,64.229996,1.9152879901960784,2.0996847366397544,1.974325980392156,2.333041138023838,0.7478043405451165,0.7338033109917002,0.7460460322891099,0.7291627340735791,0.4917026017958041,0.48902543427734685,0.49140029638097527,0.4863286899550428,0.9352055957306081,0.9290085411248655,0.9332083340009891,0.9211186369487643,0.2417714486127631,0.2391458753701477,0.24147425128331035,0.23651559467338817,LateBlight
21.415384,48.205288,65.70026,1.0009191176470584,1.4089657823913877,1.0828431372549017,1.3201999231064974,0.8086094708774115,0.7702238744349381,0.7907064067107176,0.7740498300214618,0.47745115339510497,0.4717537761952905,0.4760875873071551,0.47200570858111407,0.9618415083701033,0.9462921248626428,0.9587182819661136,0.9496757596865079,0.22795960387831604,0.22255162535451628,0.22665939078794803,0.22278938893315955,LateBlight
41.71381,52.5495,49.911545,2.5412990196078433,3.100684352172242,2.814859068627453,2.830880430603614,0.7417382392518501,0.7210261009805186,0.7306249542475985,0.7263865870369189,0.53862489655696,0.5322533750770397,0.5366997910219177,0.5347969141927268,0.8870461152224541,0.8624056728774208,0.8748871091321476,0.8743783488504723,0.2901167791909959,0.28329365528089995,0.28804666568297005,0.28600773943006275,LateBlight
52.82121,43.025635,58.97856,0.8308823529411762,1.2527489427143412,1.0003982843137254,1.2239292579777006,0.8221539891302002,0.776290820570737,0.7915706485647063,0.7720337922908032,0.46292266025274736,0.45414377796322103,0.4587508880408521,0.45416272161631605,0.9530565963888489,0.9291841544710175,0.9434792419574137,0.9308132840379381,0.21429738937548057,0.2062465710627074,0.21045237727827043,0.2062637777059394,LateBlight
30.802696,33.94815,42.800293,0.668872549019608,0.8433064206074588,0.6585477941176471,0.9570780469050368,0.8516206453658872,0.8295323531645131,0.8532353330090138,0.8305123026538646,0.5949826765767454,0.5921838244819857,0.5945182601467037,0.5895604078878984,0.9596142051619466,0.9491552135915383,0.9602376025996717,0.9422956736934821,0.3540043854264281,0.3506816819781113,0.35345196164786363,0.3475814745489452,LateBlight
13.057912,56.0486,76.15544,1.7635723039215685,2.2575317185697794,1.7692095588235288,1.990280661284121,0.7253411161044814,0.693001955045089,0.720430857216419,0.7018352918874731,0.3998945015684258,0.3932741190152272,0.3993454055705881,0.39529729131611124,0.9321272199176523,0.9129989870208434,0.931910264728813,0.9232983385260044,0.15991561238465973,0.1546645326872031,0.15947675295033753,0.1562599485218545,LateBlight
10.225785,61.517506,70.26123,0.6193321078431373,0.9970934256055364,0.7551164215686273,0.9808227604767398,0.8396225011360178,0.7930637712102556,0.8154139208893857,0.790007029869837,0.45297263016563594,0.44344716064428963,0.44939907843340454,0.44339694995520496,0.9739114645803396,0.9579626044418745,0.9681917322538524,0.9586485746513342,0.20518420367917398,0.1966453842834824,0.2019595316967933,0.19660085522957851,LateBlight
37.887547,46.236103,71.59169,1.9315563725490188,2.466651287966167,2.174877450980394,2.4299577085736255,0.7218445193882127,0.6935659904966006,0.7066923638040841,0.6909351001504631,0.43518728438834436,0.4294639097094334,0.4344972784430055,0.43140172123615744,0.932403128652235,0.9136417347988137,0.9238878485037093,0.9149263889677355,0.18938797249330172,0.18443924974291234,0.18878788497437868,0.1861074450855193,LateBlight
39.569607,49.472843,70.913376,1.3520220588235285,2.034109957708572,1.6332720588235294,1.8853979238754324,0.7573421282141053,0.704406354951239,0.7296493804610321,0.7146878812592813,0.387311187766635,0.3809366338980781,0.3855862259361844,0.38073789460175445,0.9458597926743075,0.9184855045429964,0.9345974517894254,0.9244449593700853,0.15000995616920157,0.14511271904559836,0.14867673763171024,0.14496134438577668,LateBlight
25.842398,55.272522,62.285873,1.4725490196078441,2.246243752402923,1.954473039215686,2.1098961937716276,0.7810517710320597,0.7313279212178265,0.7442035908692854,0.7316319368895747,0.4752737129505496,0.4683520499979649,0.4738600230000093,0.47142814407588063,0.9442142643716543,0.9149506681582622,0.925957156735297,0.9201131839125912,0.22588510222180144,0.21935364273729624,0.22454332139756933,0.22224449502682928,LateBlight
31.593662,34.81572,57.970734,1.4490042892156862,1.5864513648596699,1.3567708333333335,1.8926412918108433,0.7864843562251854,0.7664477306267772,0.7885517825863809,0.7603615745069119,0.4984504988661671,0.49539620126833317,0.4989407870542629,0.492042637620111,0.9495623380333905,0.9448393257621059,0.9527678068999357,0.9341931416365469,0.24845289981993088,0.24541739623109485,0.24894190898632731,0.24210595723615588,LateBlight
15.637679,48.7028,55.82614,2.2356004901960773,2.293702422145331,2.193014705882354,2.912172241445598,0.7359866033497646,0.7249291209562679,0.7343950378762455,0.7056938438266561,0.4823412151422528,0.4795128051596822,0.48279331998591773,0.47683205688779495,0.9098529035628129,0.90760083997084,0.9115701087710852,0.8826864956971473,0.232653047824905,0.22993253031210736,0.23308938982302474,0.2273688104758453,LateBlight
16.750422,45.230183,67.75484,1.9627450980392158,2.611303344867359,2.3636335784313744,2.544405997693197,0.7459517641522968,0.7137034018244258,0.7262336567718728,0.7206125582069477,0.4857403185017527,0.4818355210834667,0.48464971075875035,0.48133082774991875,0.9381637175042068,0.9177648727904699,0.9255337263007624,0.9198716030811741,0.23594365701818418,0.2321654693777759,0.2348853421385404,0.23167936574242196,LateBlight
14.751324,49.257294,58.533005,1.1198223039215685,1.5805613225682429,1.350428921568627,1.5275048058439065,0.7979935176164639,0.7622891011255765,0.7787917361791745,0.7651392713641815,0.4930681615862106,0.4874777558027715,0.4922550241497812,0.4889996811056848,0.9533978505250352,0.9342690363006069,0.9438010028574462,0.9364755030317788,0.2431162119700055,0.2376345624025065,0.24231500880070167,0.23912068812146142,LateBlight
16.439512,43.35074,68.83533,1.1793198529411761,1.525228758169934,1.3320465686274507,1.7287504805843905,0.7746799752689724,0.7408414686321331,0.7567924196901079,0.7285144466614197,0.44472907884327684,0.440482070038986,0.44372604628289075,0.4375962585543052,0.9549871550116281,0.9417636066637688,0.9491578085780674,0.9339927257283629,0.19778395356878956,0.19402445402583016,0.19689280414984608,0.1914904855007263,LateBlight
24.567793,48.159298,56.92665,1.6063419117647058,2.215793925413301,1.9742647058823524,2.025497885428681,0.7649798893746501,0.7305521347619118,0.7429153824168399,0.7365434223279074,0.5020441995761395,0.4963053536802466,0.5014397015507327,0.49916919547751426,0.9338595034879088,0.9088376669475955,0.9187104271282402,0.9166668385942301,0.2520483783280466,0.24631900409167465,0.2514417742912879,0.24916988571366885,LateBlight
13.725667,54.618965,47.300247,0.9516850490196077,1.7009150326797386,1.268351715686273,1.3219223375624756,0.8329847961600064,0.7958585692629188,0.8158326098202121,0.8092363968422308,0.5833970493900872,0.5788182611675099,0.5830325219105891,0.5808538849387432,0.9608353814184238,0.930127896388511,0.9478036234536698,0.9456965852133195,0.3403521172370598,0.33503057946097964,0.3399269216054215,0.3373912356484307,LateBlight
14.054749,40.535004,56.029373,1.439828431372549,1.7563398692810457,1.4117647058823524,1.5393156478277583,0.7909772386550086,0.7760107229442998,0.7953158398637181,0.7818276727676988,0.5565360074922414,0.5517802454763673,0.5566735060660372,0.554502045209031,0.9476526841560293,0.9362205967847853,0.948672986762913,0.9441015744757393,0.30973232763540415,0.3044614392979601,0.3098853923558543,0.3074725181409983,LateBlight
21.447443,47.418106,52.04396,1.3813419117647063,1.719923106497501,1.3707414215686273,1.7559707804690503,0.7923155470007947,0.7653615434145631,0.7848700409940346,0.7664550165021813,0.5305964374152897,0.5280330483902711,0.5306590105331948,0.5255004279678881,0.9388611585664288,0.9239651470773915,0.9393303412385081,0.9223715411898529,0.2815325793977974,0.27881890019232236,0.2815989854600693,0.2761506997944335,LateBlight
16.348211,57.83178,76.75673,1.3522671568627453,1.949127258746635,1.4180147058823531,1.7122337562475982,0.7781240443176639,0.7433236427973435,0.7705094804305839,0.7519124670813525,0.4635582070468234,0.4586002620277963,0.4637546762422775,0.4594122103762699,0.9616129348012191,0.944670862928235,0.9597465466115285,0.9513954690371291,0.21488621132046556,0.21031420033196344,0.21506839973657965,0.21105957904281009,LateBlight
23.714853,35.862076,48.332565,1.3645833333333326,1.8256670511341784,1.5874080882352937,1.7014071510957316,0.7757392925818595,0.7483803688808645,0.762139169940348,0.7506235465781848,0.5126839892202875,0.5076716126092395,0.5126450265892728,0.51010114324825,0.9217827932506202,0.8954419392598743,0.9090105942230441,0.9025584472604493,0.2628448728028278,0.25773046624926577,0.2628049232867162,0.26020317634317164,LateBlight
19.095842,36.54162,58.30121,1.7981617647058823,2.1799307958477514,1.7940257352941167,1.9941253364090745,0.76899162557687,0.7525760244980216,0.7713627960838159,0.7549803984546163,0.5408719657909236,0.5361232142291891,0.540980031469415,0.5388135213344009,0.9373516934443606,0.9241318732150876,0.9374957935156644,0.9305984602190761,0.29254248337853794,0.28742810083543696,0.29265939444864925,0.2903200107727768,LateBlight
37.385273,46.60264,51.546204,2.5367953431372556,2.815624759707806,2.637561274509805,2.905344098423685,0.7416390511852975,0.7298926699773156,0.7363320953743087,0.7247237994959879,0.5265274612730553,0.5231600767447145,0.5266246157904344,0.5237404997257896,0.8952950338467213,0.8839515733165322,0.8911359701436489,0.8802537126320922,0.27723116747464877,0.2736964658995356,0.27733348595642265,0.2743041110530199,LateBlight
13.644592,50.67422,49.925583,2.064031862745097,2.2049365628604374,2.1557598039215673,2.379392541330256,0.7230943984005572,0.7099477979273341,0.7174571311631872,0.6996615197093032,0.43248430678152283,0.4291084436206062,0.4323492227677414,0.4281664326393738,0.8692968598808647,0.8604307011408215,0.863488262559852,0.84938788974799,0.18704267561229437,0.18413405638649893,0.18692585042787008,0.18332649403912746,LateBlight
37.73915,36.78314,51.73561,0.7856311274509803,1.0872433679354097,0.9291973039215684,1.1744405997693195,0.8444274584954786,0.8106363450657734,0.8214199869326287,0.8005790249797142,0.5426964278429117,0.5374315336289408,0.5412856876078568,0.5371114279432292,0.960706804480437,0.9456684735721933,0.9535263687200084,0.94131106947525,0.2945194127934567,0.2888326533387553,0.2929901956091103,0.28848868602721467,LateBlight
10.816356,45.07792,64.35881,0.8050857843137257,1.1840369088811997,0.8475796568627451,1.0862283737024219,0.8137617573688126,0.7794380258699474,0.8064260557086088,0.7814271569099982,0.48560403231373434,0.4794394826725758,0.48491498728859134,0.4810454072355357,0.9681088633734921,0.9531003648893102,0.9664255919486893,0.9569745554455246,0.23581127619935835,0.2298622175453471,0.23514254489709469,0.23140468382240234,LateBlight
8.538749,46.437786,50.014496,1.9879289215686275,2.255347943098808,2.088939950980393,2.548465974625144,0.767743781779534,0.758132742594418,0.7611251383840358,0.7474822494318077,0.5755187020952721,0.5723009984901949,0.5758055646033173,0.572992520868932,0.9195580186370573,0.9088801216729128,0.9154705850989487,0.8970376565446906,0.33122177646142653,0.3275284328728741,0.33155204822814505,0.3283204289717336,LateBlight
30.50447,42.759556,48.628708,2.4916053921568624,2.7444213763936958,2.4734374999999997,2.793479430988081,0.749361310050842,0.7381859418889337,0.7479099538271141,0.7366248436623931,0.5554467394663026,0.5512435952912534,0.5552308382925872,0.553184306231674,0.8948076255838283,0.8843247112394116,0.8955746506192261,0.8822569512809558,0.3085210803837467,0.3038695013496272,0.30828128379108916,0.30601287666101856,LateBlight
37.130295,37.84123,57.09459,2.136488970588236,2.503160322952709,2.222886029411765,2.306405228758171,0.7398462862183248,0.7191809023989363,0.7344714165288029,0.7279459500969084,0.5007192840027418,0.49545319484857286,0.5006086257390454,0.4983669735649865,0.9135302661213508,0.8987703138482941,0.9100371083780084,0.9067272384137705,0.2507198013722184,0.24547386828565793,0.25060899616433563,0.24836964034032397,LateBlight
28.694263,72.497086,77.51555,0.9458639705882358,1.3510188389081126,1.2466911764705884,1.679354094579009,0.8152738497728879,0.7711817446856154,0.784364527349431,0.7611545659302832,0.4624971972590607,0.45690200840527534,0.4607669011893363,0.45528210322778156,0.9727954398238143,0.9611385053721602,0.9641431683772446,0.9516940783908912,0.2139036574724865,0.2087594452847743,0.21230613723162356,0.20728179351951237,LateBlight
26.173616,38.876106,74.86992,1.8173406862745092,2.3804536716647466,1.9323376225490188,2.1241830065359486,0.7457817765151903,0.7122629284340997,0.7393673330820696,0.7214819798557511,0.4457652806741598,0.44101979116878354,0.4474939591359321,0.4442357573034381,0.9427962327235498,0.9250981899877636,0.9392202675830458,0.9331625374110576,0.1987066854545125,0.19449845620255746,0.20025084346315125,0.19734540806695916,LateBlight
38.83565,40.91345,55.643356,2.0268075980392153,2.3204921184159946,2.0587622549019606,2.3261822376009222,0.7626692089278084,0.7459370792845366,0.758295672817561,0.743637994382465,0.5286061103869256,0.5245528703916744,0.5286411835701269,0.5261948766149332,0.9236966908200058,0.9127501915180082,0.9224936925360565,0.912536244741295,0.2794244199383946,0.27515571383614473,0.2794615009664246,0.2768810481758048,LateBlight
63.82554,39.90443,58.347214,1.0514399509803916,1.4198539023452519,1.0362132352941178,1.245890042291426,0.7878182839085749,0.7618557785843469,0.7907149217417753,0.7662157878807584,0.4832404484322451,0.47750763542466146,0.48361673321794024,0.47950620684158346,0.9468144816931111,0.9281826713403954,0.9475878995442106,0.9369819052246806,0.23352133100099737,0.2280135418888514,0.23388514464839238,0.22992620239960343,LateBlight
48.279697,39.231575,44.648285,0.45664828431372534,0.6748173779315647,0.4782475490196075,0.5724875048058439,0.8774894877160232,0.8515209046745786,0.8729045446997438,0.8567517536857654,0.573970522118189,0.5678081294737329,0.5732068095101068,0.5694846502053351,0.9694190778114277,0.9548551462463032,0.9679726135281036,0.9617009497302845,0.3294421602606265,0.3224060718964594,0.3285660464687559,0.3243127668194929,LateBlight
23.313086,69.8063,49.932587,1.4225183823529415,1.954694348327567,1.5214460784313717,1.6748635140330648,0.8099963353728896,0.7831344771013561,0.8053195654461612,0.7891714363731782,0.501053085255395,0.4959312328194656,0.5010906119460614,0.49708747571111206,0.9307890877044226,0.9050127461564375,0.9259758802395294,0.918610965496014,0.25105419424395015,0.245947787685835,0.25109180138047826,0.24709595850884541,LateBlight
56.16889,24.551561,52.15352,1.2758272058823528,1.7471126489811613,1.4694852941176464,1.7015301806997305,0.801027758842722,0.7727305880464955,0.7909213545203329,0.7742752142246443,0.5553148126047289,0.550239322006163,0.5553103819223524,0.5525256619864628,0.9470044475430326,0.9275132647517086,0.9389602411438654,0.9294044560908632,0.30837454109822515,0.30276331148180197,0.3083696202707488,0.3052846071535789,LateBlight
46.363174,48.340153,49.638306,1.8981617647058824,2.191895424836601,1.8779411764705887,2.1880507497116497,0.766137408075991,0.7493549963594942,0.7637142639749637,0.7503337066041622,0.5416606717475565,0.5385518469165507,0.5414040960778499,0.5370521694883729,0.9161055837480474,0.9032863454677406,0.9169992875818375,0.9034559852131455,0.2933962833180142,0.29003809181722784,0.2931183952498737,0.28842503275216796,LateBlight
15.751728,49.202988,69.63646,2.219424019607842,3.043137254901958,2.7446997549019616,2.883014225297961,0.7230986019915896,0.68569416264998,0.6979244147259803,0.6880908756017239,0.4607306006758843,0.45674470786792576,0.4606721247332114,0.45676628426852495,0.926342719446228,0.8990184466178166,0.908916157748572,0.9043318697111107,0.21227268639916116,0.20861572816535687,0.2122188065062115,0.20863543844447494,LateBlight
31.108038,51.214603,47.958984,1.4524203431372542,1.9944636678200693,1.4109374999999997,1.5569088811995386,0.8180825273257053,0.7979958386261954,0.8221022807395751,0.8097994460143428,0.598325898415904,0.5947973041303019,0.599484018941859,0.5967528266602122,0.9486000313141315,0.9295639245603186,0.9500680752232726,0.945016520893188,0.3579938807151987,0.3537838330006748,0.35938108896668314,0.3561139361269533,LateBlight
34.17198,40.175056,52.393448,1.661611519607843,2.0303267973856225,1.6028492647058827,1.8613763936947332,0.7869846181421262,0.7656635420490335,0.7881958141431805,0.7721475718741736,0.5404806430736933,0.5355359811872226,0.5414453344293056,0.5381031520018422,0.9360188056276555,0.9219361865852487,0.9382814760583025,0.9284321422151776,0.292119325537353,0.28679878714616125,0.2931630501752627,0.28955500219431773,LateBlight
41.57989,56.093136,60.67563,2.2182904411764697,2.5216455209534807,2.3037683823529416,2.644306036139946,0.7208591363735349,0.7094474385442838,0.7213364758266123,0.7081243219693996,0.47388943460565425,0.4714851175401753,0.47386696728265504,0.46932490285903544,0.9151244549673082,0.9035893442645846,0.9118539243321151,0.8988996364512918,0.22457119623086663,0.22229821606187292,0.22454990268166086,0.22026586444364304,LateBlight
41.525826,37.966816,43.61577,0.4567708333333334,0.7550019223375625,0.5416053921568627,0.6447058823529409,0.8742926905062505,0.8431625122678843,0.8637285916505262,0.8465692815949467,0.5910548593295991,0.5852547622535889,0.5897822918703507,0.5869462363733084,0.9722971453284867,0.9542717002651073,0.9671519843797016,0.9609520148799,0.34934584673713226,0.3425231367405048,0.3478431518038435,0.34450588439279173,LateBlight
63.976925,38.813118,52.949554,0.5685968137254903,0.7094809688581312,0.5009191176470588,0.7483583237216455,0.8687902896556766,0.8491059806575975,0.8710229258603011,0.8473622461371713,0.5559951179750534,0.5509021486563086,0.5565083123490461,0.5505203720911752,0.9701427990454,0.9627679693157739,0.9736965765608218,0.9607277696025547,0.3091305712120936,0.30349317739413756,0.3097015017135834,0.303072680087406,LateBlight
21.506613,40.408615,49.439484,1.5087622549019604,1.7986312956555173,1.3590073529411768,1.7967243367935406,0.7728850840245907,0.752571919459666,0.7784597140447039,0.752073244664498,0.5185001404381113,0.5130709054596501,0.5175972513952971,0.5138024681640462,0.9243146048723357,0.9098719409433865,0.9318268944264934,0.9099674972151728,0.2688423956343412,0.26324175402918515,0.2679069146519664,0.2639929762914657,LateBlight
44.916187,55.06452,58.485977,0.4144914215686274,0.6281584006151479,0.42751225490196076,0.5894655901576316,0.882442359772269,0.8445838360679798,0.8669554321422834,0.8441946088881158,0.4980453234049642,0.4874140516629177,0.4944145001919118,0.4878713682939936,0.9755673748847041,0.9629594947162144,0.9747998484101682,0.9652410868254552,0.24804914416555537,0.23757245775846136,0.24444569800001795,0.23801847200105353,LateBlight
26.059135,47.270416,72.35896,2.363449754901961,2.8208842752787384,2.618382352941175,2.8041830065359505,0.7222351128282866,0.6963867114611183,0.7060835720987899,0.6975382912249882,0.46050559897875937,0.4562202779108332,0.45992370114511805,0.45654459164982014,0.9270226096095872,0.9128977294737437,0.9191509314866385,0.913413425364183,0.21206540669078594,0.20813694197703786,0.21152981087502387,0.20843296416470103,LateBlight
9.617034,46.327797,53.00612,1.7007659313725483,2.30963475586313,2.1353553921568635,2.314925028835064,0.7738079396216527,0.7461386107767847,0.7541267448914145,0.745527534452343,0.5481750831540024,0.5456206094438273,0.547854048498624,0.5435202457330277,0.9321630350902734,0.907992142670786,0.9148289449268084,0.9077813964999465,0.3004959217908975,0.2977018494498535,0.30014405845633263,0.2954142575216908,LateBlight
8.175458,43.078003,60.72087,1.351470588235294,1.9293502499038833,1.5803615196078429,1.7398539023452526,0.800378683546588,0.7632647650731625,0.779553976077639,0.7699626051999963,0.5483093668470517,0.5442298420194559,0.5481030624179275,0.5453448426167978,0.9571577966931392,0.9389054581378492,0.9499018549787404,0.9449060236335246,0.3006431617722147,0.2961861209445219,0.30041696703191056,0.29740099736874004,LateBlight
13.636766,47.95421,51.219788,0.876470588235294,1.3563091118800452,0.9911764705882349,1.2214994232987322,0.8323528366106604,0.8008800923758249,0.8239899275461563,0.8076794783593679,0.5854937581871431,0.5825126654095942,0.5863344263828253,0.5826784921584585,0.9661593036167144,0.9477146022282237,0.9617304876470882,0.9529114840667553,0.34280294087610486,0.3393210053625899,0.3437880595616768,0.3395142252240547,LateBlight
47.426296,39.117653,59.332336,1.2967218137254894,1.8093041138023829,1.2243566176470584,1.3834986543637058,0.7756562629985153,0.7439646273310584,0.7819422777164018,0.7639540456142938,0.49148202860041124,0.48552348987942884,0.49152925422902327,0.4885939044847715,0.9452774869532078,0.923680844363169,0.9483313458029776,0.9416419559761947,0.24155458443717542,0.23573305922469984,0.2416010077629398,0.23872400349967404,LateBlight
20.975338,35.9042,52.43579,2.0059129901960784,2.0700346020761247,2.05064338235294,2.3511572472126123,0.7667738854631576,0.7602196932971614,0.7641396854810691,0.7530455500497597,0.5637485205327311,0.5614187664115273,0.563766442726031,0.56017209028972,0.9260469517960461,0.923795195871471,0.9243978529250948,0.9134461436927138,0.31781239440284315,0.315191031279041,0.3178326019439633,0.3137927707395543,LateBlight
17.744596,49.63643,55.919785,2.488694852941177,2.691918492887351,2.445435049019608,2.7345482506728165,0.7121977611641269,0.7003636163711221,0.7126780079831321,0.6967002162164025,0.47207418764001624,0.4671929686222207,0.4728488181232849,0.4696040435365872,0.889214708223154,0.8802454528724326,0.8911404364794719,0.8783489959955835,0.22285403863598127,0.21826926993004328,0.22358600480058735,0.22052795770591285,LateBlight
44.41263,28.932577,36.62494,1.214613970588236,1.7240753556324488,1.4083026960784315,1.375101883890811,0.8306018819594762,0.8046634665506576,0.8211820966621569,0.8193543388251017,0.6424799807390426,0.6378946448140641,0.6422464014079313,0.641051875377894,0.9337450753266915,0.9061713559616378,0.9231797169262711,0.92516339569581,0.41278052565044043,0.40690957788246107,0.4124804401214376,0.4109475069255149,LateBlight
10.762348,50.455326,64.214966,1.4422181372549017,1.9347020376778157,1.7003982843137249,1.8662668204536719,0.7809790874529078,0.7450588919337537,0.7613353562731273,0.7473254266334888,0.4699668267034207,0.46425030974284104,0.4688016099199614,0.46509201289024343,0.9440569312134373,0.9249642786738471,0.9340422258418019,0.9276184785395227,0.22086881820168305,0.21552835009632385,0.21977494946354767,0.21631058045429838,LateBlight
20.321182,44.253185,56.889694,1.3315410539215689,1.6124106113033436,1.4697303921568625,1.5503114186851208,0.7872892274376025,0.7589663025800921,0.7728579817944385,0.7636556805023068,0.491468277716059,0.4858776418238388,0.49046621453377437,0.4881127763574463,0.9391202363656825,0.9263113750448096,0.9327967435506699,0.9291493647590996,0.24154106800118927,0.23607708282429457,0.24055710759909038,0.2382540824433744,LateBlight
17.12707,49.723602,70.4819,1.757628676470587,2.793233371780084,2.433057598039216,2.5584928873510204,0.7509819935599673,0.7005371387725431,0.714227458763232,0.7088985917570755,0.47494419646764396,0.46956785516092353,0.4739365268100641,0.4710934561987967,0.9456058157936417,0.9135698776735818,0.9247029904870587,0.9208333770249585,0.22557198975829598,0.22049397060043008,0.2246158314447866,0.2219290444733276,LateBlight
27.558882,51.4928,71.87889,2.022365196078431,2.903529411764708,2.39702818627451,2.378531334102268,0.7515189624870066,0.7115565501416585,0.7306519353359116,0.7275466051267023,0.484540110732427,0.4793787395834803,0.48382484815832216,0.48108643685171043,0.9422284754434292,0.9170964058212822,0.9315257338315179,0.9320865166149879,0.23477911890859257,0.22980397596464625,0.23408648369542348,0.23144415972267476,LateBlight
15.097661,67.9985,58.650604,1.2489889705882355,1.6771088043060371,1.635508578431373,1.9301806997308735,0.790581020757054,0.7544238235900491,0.7603204727481846,0.7407559151301841,0.4747609429737409,0.4708121901151311,0.4732188118467132,0.46773937234622115,0.9413065685952401,0.9212000056730144,0.9231389054657602,0.9093092463950829,0.22539795297331564,0.22166411836100636,0.22393604388561494,0.2187801204428369,LateBlight
21.530344,81.60563,65.88057,1.1786764705882349,1.2755401768550558,0.9909620098039217,1.7631064975009612,0.8187006052446154,0.8006206662855687,0.8219099245221323,0.788151787488341,0.4895988233073741,0.4857493619400175,0.4897105251669362,0.48354493982578267,0.9582307008862649,0.954821736776586,0.9648828243960861,0.9375526613113793,0.2397070077839653,0.2359524426251341,0.23981639845927646,0.23381570883111977,LateBlight
7.4921594,45.611523,39.82773,1.5676776960784309,2.206505190311418,1.7710477941176466,1.9240599769319502,0.8003680926881458,0.7807408998086052,0.7965784430174448,0.7881751495729417,0.6041039883232094,0.6019152856758117,0.6051591750912907,0.6014203859860285,0.9143898099973062,0.8797408748218992,0.9032838583227012,0.8951347267923829,0.36494162870800834,0.362302011130194,0.36621762719717144,0.36170648067958355,LateBlight
70.052155,57.23286,39.906525,1.8275122549019596,2.468804306036138,2.2970281862745097,2.5438831218762012,0.7780059487012145,0.7559605828959453,0.7629689995967283,0.7509167438192496,0.5615680882700688,0.5566750769776743,0.5591283369404633,0.5554141050141916,0.8900824290335574,0.8518295567708878,0.8618429189738647,0.8473235449363565,0.31535871776329977,0.3098871413280995,0.31262449716980817,0.3084848280487155,LateBlight
40.906456,39.975906,48.950882,0.3362132352941177,0.47123414071510955,0.3079963235294118,0.4869819300269127,0.9156942019041932,0.8918074166558025,0.9097573221428106,0.889476226982435,0.5946565765230856,0.5882640314827445,0.5937518796511051,0.5880298058233531,0.9822332390458997,0.975127060682012,0.9837243258728298,0.9742958522144962,0.35361644400215636,0.3460545707363314,0.35254129458922034,0.34577905253665037,LateBlight
52.491215,27.730288,62.88521,1.0580575980392157,1.3962629757785459,1.0660232843137254,1.2639446366782003,0.8001744947682655,0.7757004282990217,0.7993135774518891,0.7741013451443797,0.4764005367114385,0.47028392333758207,0.47622679154836295,0.47273070402816486,0.9594117966259477,0.9464487475857769,0.9591062245142564,0.9515235887146426,0.22695747137894665,0.2211669685497888,0.22679195698844792,0.22347431853096442,LateBlight
32.9844,44.951656,49.434967,1.775949754901961,2.0184544405997698,1.640533088235294,2.063237216455209,0.7647370479015766,0.7498687688404458,0.7714041463061166,0.7496900257688542,0.5371751336510677,0.5345926793297124,0.5375325960624288,0.532500670143171,0.9173077419333532,0.906149384325556,0.9236130497922141,0.9040671519991255,0.2885571242130425,0.2857893327929208,0.28894129182961426,0.2835569637029262,LateBlight
21.078037,41.087452,51.76436,1.9320465686274508,2.3442368319876965,2.0609987745098026,2.0926720492118425,0.7806951738004074,0.7654518887931193,0.7753105262176898,0.7737185654496388,0.5816438904290341,0.5773978273952789,0.5816229174529377,0.5799037776840731,0.9290711423655567,0.9140780003127644,0.9243378710285909,0.9232984634250835,0.3383096152734222,0.3333882510807883,0.3382852181064668,0.3362883913722589,LateBlight
32.809303,46.22731,62.518677,2.2504289215686266,3.1519261822376032,2.625,2.6901653210303715,0.7412742250418938,0.7069243383606174,0.7227090168702159,0.7181020224243618,0.48827545772227643,0.48333315190280046,0.48772051208094763,0.48477093201847127,0.9221112287018259,0.8909937576759032,0.9091470862740282,0.9069632992902334,0.23841292261389854,0.23361093572829558,0.2378712979045018,0.2350028565300573,LateBlight
24.868515,44.10328,56.1353,0.8791973039215686,1.5832372164552089,1.3103553921568627,1.4817070357554787,0.8256705605597268,0.7713904347663353,0.7872198874731531,0.7797998814078656,0.5336391122390365,0.5283516211659464,0.5319910359253363,0.5283873504369283,0.961492044178925,0.9307110477273093,0.942607754452823,0.935154424734637,0.284770702111267,0.27915543558868366,0.28301446230491245,0.27919319210175725,LateBlight
35.07335,47.0892,54.852707,2.0580269607843147,2.6095809304113815,2.358915441176473,2.4349404075355627,0.748911012196481,0.7212053321561118,0.7355941528985885,0.7274711420542069,0.5032169546661869,0.4988722753201264,0.5025349451416224,0.4984936627615319,0.9137030742996579,0.8906911533321199,0.901086256672256,0.8980064099369511,0.2532273034635112,0.24887354708308,0.25254137108849345,0.24849593181340787,LateBlight
29.914522,33.850822,39.21501,1.74500612745098,2.05687043444829,1.7749693627450978,1.8439061899269513,0.7903795227635639,0.7755827759147303,0.7881116280758823,0.7825810523520124,0.606490915504013,0.6024378225365391,0.6068037831505294,0.6043580596589407,0.9047304256453184,0.8879262349138352,0.9030945662475469,0.899530128048036,0.3678312305888959,0.36293133002256656,0.36821083124579473,0.3652486642747198,LateBlight
18.553478,56.446987,58.824097,1.8698529411764704,2.3983391003460226,2.094975490196078,2.318431372549021,0.7489541195410928,0.7213309025690946,0.7368446443950133,0.7283684941721468,0.48751162361129163,0.4840130761214836,0.48742521150049917,0.4838700528346215,0.9230740918863064,0.9013974176782047,0.9138144670211193,0.9046826532202676,0.2376675831561177,0.23426865785658105,0.23758333680630633,0.23413022803017938,LateBlight
15.307048,65.37297,68.34047,1.4340686274509806,1.615470972702806,1.3738051470588235,1.8722645136485971,0.7730460352088018,0.7568926595468161,0.7776643560459806,0.751426901473986,0.48878515304996106,0.48635782025481644,0.48864652019023924,0.48253889224359264,0.9526292610628896,0.9466520486987755,0.9546193591091977,0.9381719152890292,0.23891092584207385,0.23654392932301635,0.2387754216940299,0.23284378252767352,LateBlight
21.408327,51.247215,62.6725,2.3427389705882358,2.6656824298346793,2.1478860294117648,2.565874663590929,0.746356769843384,0.730863828971026,0.7496348619840154,0.7283017673810729,0.49025098832702163,0.4853179064272828,0.49043261899800555,0.4873267522565167,0.9205792759890581,0.9096979753078503,0.9271849464705686,0.9130790394852397,0.24034603155562148,0.23553347029896082,0.2405241537772429,0.23748736346488444,LateBlight
11.621261,47.4016,44.25226,1.9662377450980388,2.277862360630527,2.071905637254902,2.347650903498656,0.7911915381728083,0.783119422650911,0.789618407116747,0.7820068414386374,0.6223882097905309,0.6212815454902977,0.6225663790948294,0.6181097997302724,0.9143081572107923,0.9009172025204517,0.9097029783990515,0.8978815300501094,0.3873670836862619,0.3859907587668129,0.3875888963792468,0.38205972452259734,LateBlight
33.359787,55.38979,71.98596,0.663235294117647,1.037293348712034,0.7251531862745095,1.0248366013071897,0.8383819556713209,0.7830259062250483,0.8102965074419496,0.7854486901741724,0.3975131539145749,0.3826521728496826,0.3905023626452873,0.3834015392366302,0.963740803137876,0.9431911342792869,0.9603872297872794,0.9438733847608081,0.15801670753511252,0.1464226853865834,0.15249209523155147,0.14699674028901727,LateBlight
10.880272,49.685837,59.090973,0.7059742647058825,1.0462745098039214,0.8054840686274509,1.0211764705882354,0.8360053507842274,0.7917827551016234,0.8146223485679586,0.7958675242215234,0.4859628125975349,0.477667039476484,0.48234126914405945,0.4777202668000984,0.9644868464481074,0.9473638942350234,0.9594811300597654,0.948626529455772,0.23615985522770683,0.22816580060222888,0.232653099919502,0.22821665331155716,LateBlight
19.025745,54.045918,56.40799,1.8909007352941183,2.4967320261437926,2.340042892156866,2.510572856593617,0.761708658516131,0.7409796270320259,0.746428302483216,0.7385533927864625,0.549338093337247,0.5458747712013098,0.549047781598047,0.5457251667586708,0.9309086192504181,0.9088930584814799,0.9144974712767172,0.9083879999821477,0.3017723407914019,0.2979792658340823,0.30145346647773674,0.297815957633779,LateBlight
12.504934,48.705063,58.14171,2.4986825980392164,2.7952941176470594,2.534803921568628,2.7884044598231448,0.7280276989215856,0.7137468491342507,0.7261384661734249,0.7139744875111204,0.5009443918078225,0.4960778484881113,0.5011887133729842,0.49881334013631173,0.8993513390387158,0.8874846872211962,0.8978963471769094,0.887762007593354,0.25094528368370916,0.24609323176059353,0.25119012641246735,0.24881474829794384,LateBlight
18.700874,46.679443,58.770752,2.5414215686274497,2.9660284505959247,2.577787990196079,2.8672971933871594,0.7218529984035259,0.705192756372808,0.7179530549126589,0.7069490154519552,0.49936769413528165,0.4947975953021783,0.49922914445645933,0.49643191965634614,0.9061595988934302,0.8905712984371489,0.9048167915335892,0.8942138910352919,0.24936809394598822,0.2448246603168182,0.24922973867472833,0.2464446508536849,LateBlight
6.9284496,40.39093,35.187576,1.7209865196078422,1.933810073048827,1.7092524509803915,2.1404998077662447,0.814895810362328,0.808379143933589,0.8186724347234234,0.8039231904138252,0.6523192431530785,0.6486926094679641,0.6526079551411592,0.650811010955467,0.9024523430628518,0.8906448348574205,0.9031174446705087,0.8789567221578809,0.42552039498780525,0.4208021015783567,0.4258971431135253,0.42355497198087694,LateBlight
13.887514,62.550873,63.355545,2.5923100490196083,2.8520415224913487,2.5610294117647063,3.0613148788927322,0.7001064697559205,0.6825206383821094,0.6945628733265884,0.6757871142925878,0.41839145921419346,0.4142455601250789,0.41808349594902117,0.41433924682448653,0.8917528673631953,0.8809220426914697,0.8930590534388825,0.8721844967606491,0.17505141314338213,0.17159938408334036,0.17479380958495522,0.17167701145908276,LateBlight
31.36655,44.030575,50.6976,2.316360294117647,2.644152249134949,2.35438112745098,2.456255286428297,0.740848167528947,0.7236347780376959,0.7385869564903039,0.7296392644819115,0.506861561291942,0.5021348413556854,0.507695456818927,0.5047500595950184,0.8862254023863013,0.870245589834207,0.8843520740796533,0.8794661152699325,0.2569086423153051,0.25213939890329934,0.25775467687457904,0.2547726226611746,LateBlight
52.93048,37.86693,55.190445,1.278952205882353,1.8871818531334108,1.6571997549019604,1.828527489427144,0.7921081226437088,0.7477448340462829,0.7631801167773504,0.7525081983603289,0.5048378243660087,0.49973688315275766,0.5040109927735178,0.49999509694351507,0.9472894141549324,0.9223029559642629,0.9317003641407224,0.924717811041533,0.25486122891060503,0.24973695238323296,0.25402708083654696,0.24999509696755504,LateBlight
27.961113,57.97434,56.774902,2.38517156862745,2.6690657439446364,2.4517156862745124,2.861237985390233,0.7330100276784577,0.7216938393858998,0.7301879263348275,0.7162932276767837,0.5044827958385368,0.500302093936707,0.5046666162791045,0.5017738203064845,0.9107973471040667,0.9002945364077026,0.9083086742107568,0.893115761412604,0.2545028912970668,0.2503021851974536,0.25468839358660084,0.25177696674496425,LateBlight
43.88809,37.486378,66.20123,0.7510416666666666,1.0223760092272203,0.8634191176470588,1.1893579392541331,0.8338275880884064,0.7959489226665416,0.8141038459805815,0.7921161173213096,0.4894643330139429,0.48238004252479666,0.48676280165599384,0.48119573375945135,0.9696897258975483,0.9587294471420063,0.9651544364544623,0.9519888384938103,0.23957533329278397,0.23269050542622463,0.23693802507599238,0.2315493341882968,LateBlight
19.545937,47.31041,61.595276,1.2482536764705876,2.026820453671665,1.8077818627450972,2.025836216839677,0.7885272755551181,0.7422735188932558,0.7533006871058935,0.7407815991881997,0.5038064259476834,0.4988883761754009,0.5023144443815124,0.49844354913249206,0.9543627882009211,0.9259485857201839,0.9339059637381518,0.9259845455553355,0.2538209148261786,0.2488896118829283,0.25231980103430757,0.24844597167179502,LateBlight
30.300732,62.935917,67.47005,1.6665134803921562,2.3867435601691662,1.8361825980392148,1.830003844675125,0.7597774943130836,0.7302930479599358,0.7568394492829392,0.7472044002980099,0.4729651392625744,0.46808397077024655,0.4729210178077059,0.4700668112592275,0.951166612776395,0.9301147041596131,0.9461948451792945,0.9464163799544918,0.22369602295766636,0.21910260369204104,0.22365428908427648,0.22096280704741822,LateBlight
9.915518,33.109497,30.0027,1.0564644607843134,1.2860284505959254,0.9750919117647054,1.1403306420607464,0.8744791378555801,0.8674965742574121,0.8761208613620748,0.8684799208101347,0.7593864514930976,0.7567896481343419,0.7597476581200427,0.758444982718728,0.9458595525779973,0.9342807444278692,0.9500296372096366,0.9417262651789734,0.5766677827112786,0.572730571523301,0.5772165040188894,0.5752387918112116,LateBlight
27.906229,39.1921,50.76805,1.952481617647059,2.016424452133794,1.8519607843137245,2.279277201076508,0.767417369845203,0.7575564626275976,0.769844670671476,0.7500168492500905,0.5430320574683621,0.541615869351901,0.5434658229444712,0.5378164784293493,0.9145661220924582,0.911886825414727,0.918964567908565,0.9004007565301231,0.2948838154383226,0.2933477499338155,0.2953551007087113,0.2892465644701468,LateBlight
26.423515,54.06948,54.66844,1.0933210784313725,1.4511649365628612,1.1357536764705878,1.3801768550557467,0.8004644746877367,0.7665543228935268,0.7885627558660553,0.7707931108470665,0.4711663139992762,0.465835039484967,0.4704968901098084,0.46708031456700577,0.9523461789756305,0.9368112419908124,0.9504966990081715,0.9399023094434995,0.22199769544766454,0.21700228401196076,0.22136732360300113,0.21816402025601309,LateBlight
23.253899,47.86363,59.7294,2.335692401960784,2.7831141868512104,2.5992647058823533,2.9222606689734696,0.7252718253272828,0.7084599987884899,0.7170753387038623,0.7040421531195283,0.49233707966347995,0.48858513097936224,0.4922090676590623,0.4885404652224728,0.9115441051471547,0.8946757896766097,0.9015622582300541,0.889409928355486,0.2423958000115638,0.23871543021412053,0.24226976628580338,0.23867178615979018,LateBlight
23.237911,40.14539,35.78929,1.3761948529411767,1.746928104575163,1.4429227941176472,1.5989542483660126,0.8338528551111157,0.8208032936426148,0.8328334707262169,0.822059353899905,0.6578269023914632,0.6556302786944342,0.6584091151149453,0.654619015354951,0.926438168725614,0.9068476807325034,0.92287135582872,0.9147381645255899,0.4327362335099477,0.42985106234094145,0.43350256286644523,0.4285260552642856,LateBlight
20.301174,41.491722,66.96387,1.4924019607843146,1.9048058439061895,1.5646446078431366,1.6990388312187623,0.7753202615164435,0.7512651988432696,0.7688488419604885,0.7537770344277399,0.469313101920523,0.46334936880584904,0.46888260050993813,0.4660988088596617,0.9494177232427379,0.9354600338384428,0.9469691888242452,0.9424319759282352,0.2202547876342632,0.21469263757277873,0.21985089306096223,0.21724809962039546,LateBlight
20.618862,32.883465,54.05484,1.0696078431372549,1.2026758938869677,1.1172487745098039,1.5841291810841984,0.8168280041317307,0.8013872287444384,0.8138241303902092,0.7909254548582836,0.5731640803457644,0.5712213432568003,0.5730052367117416,0.5681304358198576,0.9601713449153879,0.9552762126647272,0.958397354348918,0.9410911476928068,0.3285170629986059,0.3262938229921033,0.3283350012990791,0.32277219210486124,LateBlight
51.71965,28.720055,77.372345,1.4132659313725495,1.6977162629757778,1.2407169117647057,1.797093425605537,0.7610281092382153,0.7366485952235714,0.7723547707156269,0.7442398066810946,0.45443316039592363,0.4507782940859574,0.45504225759151395,0.44867952134976746,0.9590091256808284,0.9507386956245604,0.9640137996205538,0.9478551462570777,0.20650949726742723,0.2032010704190459,0.20706345619398175,0.20131331287865642,LateBlight
19.407352,47.18931,65.302505,2.719669117647059,3.252502883506345,3.083792892156863,3.6509034986543645,0.7036944678655082,0.6829657576517503,0.6905070944061265,0.6749591003721289,0.4671251429270553,0.46244847131479133,0.4668887158346578,0.46387019046435546,0.9061718982174446,0.8878294160516014,0.8936096926335125,0.8740895882183419,0.21820589915462188,0.2138585886213874,0.21798507297373582,0.21517555360143742,LateBlight
27.272911,39.257954,53.416504,1.1289522058823527,1.8334794309880813,1.5152573529411764,1.5811149557862356,0.8172218580063642,0.772902451139936,0.7856024061803243,0.7813237422803655,0.5684569743316603,0.5632276213505283,0.566923018453974,0.564032155338871,0.9580069173591821,0.9319041154233731,0.9436377138796275,0.9412769951427412,0.32314333166630593,0.317225353452174,0.32140170885296493,0.3181322722562122,LateBlight
27.723303,39.188328,43.8228,1.2147977941176462,1.7064513648596698,1.2142769607843142,1.4323721645520955,0.8254448908631886,0.8065217583010756,0.8241204900279988,0.8115661323115835,0.6107659112708551,0.605901379087948,0.610332545275147,0.6086420027890888,0.9459220329221444,0.924187020364812,0.9459452183510183,0.936363611657852,0.3730349983705181,0.36711648118067736,0.37250581582203934,0.37044508755911315,LateBlight
16.41607,42.58125,57.255142,1.2540747549019604,1.607104959630911,1.1001838235294112,1.3900192233756241,0.7986152740070354,0.7766316606792996,0.8067688860600178,0.7783131094176952,0.5362146663261401,0.5311637236838543,0.5369725338269496,0.5337875169085796,0.9517069592539243,0.9381674440391972,0.9576331299149448,0.9465197086843008,0.2875261683832538,0.282134901357698,0.2883395020845346,0.2849291132074272,LateBlight
27.834324,35.78706,72.22592,3.3436274509803905,3.8873971549404054,3.4068321078431394,3.666805074971166,0.6721280557491383,0.6502454716632659,0.6678443141145666,0.6554287662466459,0.4088322717498971,0.4027046871014062,0.4078906594001894,0.4054513645605398,0.8940377113802367,0.876785021564676,0.8920286272464126,0.8837769105613812,0.1671438264241817,0.1621710650134415,0.16637479002592134,0.16439080902400377,LateBlight
47.309402,52.544815,41.32611,0.9697303921568626,1.5967089580930436,1.0669730392156858,1.1146789696270667,0.8480546037747076,0.81320220720447,0.8382922469309783,0.8301363586213397,0.5635683029100521,0.5577286412706585,0.5629384541528911,0.5607565423900815,0.9518084007502916,0.9208222063828718,0.9469758424279573,0.9447251667505573,0.31760923204491626,0.31106123729361485,0.31689970316404675,0.3144478998332793,LateBlight
6.7479067,52.961926,64.23494,1.0166666666666666,1.5378700499807774,0.966482843137255,1.0812456747404846,0.8201428550027553,0.7984567081928501,0.8247861538294231,0.8038304847390073,0.526272064753532,0.5211665217816494,0.5267544786106475,0.5237106691999598,0.9650153887004153,0.9471169486235351,0.9667422689230745,0.9628189842382362,0.27696228613994583,0.2716145434259824,0.27747028073637514,0.27427286503386966,LateBlight
25.65952,46.114063,54.03659,1.1528186274509804,1.4315417147251066,1.1308823529411764,1.5371318723567873,0.81063165269174,0.7910720278631189,0.814661596542631,0.7879204428874276,0.5296193268790206,0.5268539670416191,0.5298634591118044,0.5248586856861448,0.9568307886692643,0.9464671362185997,0.9576522289614097,0.942518565620196,0.2804966314037869,0.2775751025874915,0.2807552853019269,0.2754766399401874,LateBlight
59.258244,49.49635,69.047226,0.6742647058823532,0.942622068435217,0.7223039215686274,0.985682429834679,0.8267855273759254,0.7905050710733594,0.8144972485294716,0.7873482765130819,0.42210124174185804,0.4119567262886778,0.41897971584318056,0.41105915728938297,0.9627080035715919,0.9477594680701206,0.9600510674392885,0.9453730437968856,0.17816945828001848,0.1697083443344846,0.17554400228803232,0.1689696307914577,LateBlight
15.117341,42.112392,59.093124,3.207751225490196,3.6509034986543636,3.3884191176470573,3.6919031141868506,0.7017576342388437,0.6849308620068639,0.6947432627916547,0.6841341625533605,0.4799282840635551,0.47623177142314554,0.4801817707984515,0.4764146931898959,0.8843026811691913,0.8684335566302155,0.8777863433200271,0.8669560665795665,0.23033115784418842,0.22679670011282715,0.2305745330071366,0.22697095988722263,LateBlight
25.291237,44.702896,73.24802,0.9696691176470585,1.4078738946559008,1.034298406862745,1.2764167627835443,0.790237849114863,0.7539255523238706,0.7798285471088731,0.7572785799263743,0.43025089545575296,0.4221948662379448,0.4293261976679841,0.4249613823196757,0.9622768429274051,0.9451789722905157,0.9597653413285306,0.9502977668483635,0.18511583304047724,0.1782485050776761,0.18432098400404895,0.18059217646304954,LateBlight
46.438637,43.971413,69.74364,2.6220894607843146,3.2665282583621695,3.1626838235294126,3.3327181853133423,0.6979331406953336,0.671442542323211,0.6815863626342967,0.6691257779653892,0.43279289503095686,0.42923774448775404,0.433268479371294,0.42694933984924854,0.9122976446774947,0.8907425456795304,0.894216111001434,0.8885286530239772,0.18730968998927683,0.1842450412929344,0.1877215752167134,0.18228573879770915,LateBlight
7.8791957,41.413628,54.152084,1.3608455882352934,1.7329950019223381,1.3938112745098046,1.4842291426374474,0.8014997726382187,0.7829836702227958,0.7993818466720789,0.7902587820441125,0.5741182310223407,0.5691075744903128,0.5739674697335426,0.572311515239126,0.9465321477275093,0.931995804438014,0.9452369203637109,0.941757588012225,0.3296117431922218,0.3238834313422469,0.3294386563123251,0.3275404704753044,LateBlight
25.838139,61.3566,58.203995,2.550337009803923,3.277447135717033,2.399540441176471,2.5348712033833154,0.7327377881810059,0.7080079281039534,0.7327103898023677,0.7248621423443632,0.46931386043218015,0.46347712347881637,0.46930713528607476,0.46696463958914747,0.900008530856817,0.8716076152011963,0.9059208359289894,0.9006976633083061,0.22025549959375587,0.21481104398819797,0.22024918723042206,0.21805597462662238,LateBlight
15.648471,57.79211,72.58362,0.8196997549019608,1.2838139177239511,0.8816789215686274,1.037877739331027,0.8305602164230084,0.7863958326811709,0.8134148339773188,0.7983310825436889,0.44838900094928236,0.43907248081912875,0.4460620719147202,0.4417851899809211,0.9668532110665283,0.9480403804996748,0.9643469148971234,0.9579941207374474,0.20105269617229551,0.1927846434126642,0.198971372000853,0.19517415408647856,LateBlight
32.260242,71.39793,69.924805,2.2992034313725522,2.4248212226066914,2.1224571078431365,2.716278354479048,0.7169314044407954,0.7084771639706486,0.7196726634791908,0.6970150744115966,0.43392261641718843,0.42985960027042147,0.4342455216616737,0.4303063122073634,0.9308813159147877,0.9271379693491504,0.9361946662397571,0.9183801449463002,0.18828883703833846,0.18477927594464652,0.1885691730832191,0.1851635223255009,LateBlight
17.309967,37.90925,61.97882,2.083670343137253,2.274079200307576,2.118933823529411,2.771641676278354,0.7651147263677537,0.7490120327385196,0.7640122633440856,0.7370749536443647,0.5377490764863964,0.5354521159171098,0.5378835195263767,0.5327131354906529,0.9368014356349673,0.9311025142005797,0.935731880010375,0.9160279276963421,0.28917406926197214,0.28670896844011007,0.2893186805780821,0.2837832847242827,LateBlight
31.631056,39.292175,52.156784,1.2740502450980395,2.012302960399846,1.7994485294117644,1.9160322952710498,0.8059687378316612,0.7569953888785843,0.7704412380701463,0.7634077128468606,0.5422207971049807,0.5374390855192512,0.5410241062395694,0.5381802822427968,0.9470160744001956,0.9164252894297426,0.9251663367517391,0.9204235904474708,0.2940033928131606,0.28884077064376906,0.29270708353232494,0.2896380161949364,LateBlight
31.138872,49.39042,64.955215,1.8724264705882345,2.2407074202229906,2.095404411764704,2.509434832756632,0.779088645567335,0.7566057145829725,0.7639817350533553,0.7499595269448232,0.5210755284989717,0.5181530706949231,0.5205492088345178,0.5167240221250942,0.9518622413020646,0.9424716398541624,0.9461297554096055,0.9355722797548617,0.2715197064004826,0.26848260467057794,0.27097147881824246,0.2670037150411348,LateBlight
20.505165,29.116243,49.383484,1.1002144607843136,1.4399077277970005,1.0361519607843133,1.4025067281814687,0.8302358992924629,0.8158511207803596,0.8324279849141452,0.8081250896830179,0.626336935659975,0.6220953230298256,0.6264972064819369,0.6246199312956641,0.9592924418975814,0.9468197370616208,0.9616627324490042,0.9482010720981072,0.3922979569719276,0.38700259093558315,0.39249874972967064,0.39015005857180013,LateBlight
29.065477,42.674385,60.091125,0.9786458333333333,1.7124490580545948,1.502634803921568,1.6862129950019222,0.8046791884117751,0.7541172088086668,0.7706369331660948,0.7582994535874594,0.5020247147557562,0.49681851999473153,0.5008964385381396,0.4972896659593979,0.963706186906407,0.9365435298601722,0.9442736638077702,0.9375157327667967,0.25202881422559836,0.24682864180975544,0.2508972421401922,0.24729701187000955,LateBlight
30.29111,49.643684,51.951782,2.52714460784314,2.7390080738177645,2.6807291666666684,3.1486043829296437,0.7255210113935617,0.7139831870692797,0.7190413139965137,0.7011344230801404,0.48972845102815665,0.4861727699323964,0.49000895919267473,0.48434310900186356,0.892035976526921,0.8831357646276361,0.8854745764145305,0.8656596717554514,0.23983395574643765,0.23636396222373882,0.24010878008908837,0.23458824723759109,LateBlight
14.215204,48.499508,57.057693,1.400337009803921,2.17205690119185,1.8895220588235293,2.022329873125721,0.7745264692456378,0.7319062059962738,0.7460499867145712,0.7354944232436097,0.48254711512397463,0.47614453825492414,0.48114176710946605,0.47882190407662556,0.9396881681890373,0.9065132546383334,0.9186192067930656,0.9129576035588867,0.2328517183144704,0.2267136213099949,0.23149740005721964,0.2292704158235652,LateBlight
50.759686,63.09007,60.082367,2.47518382352941,3.2275586312956555,2.674724264705884,2.9898654363706294,0.736594323580707,0.7174991491848223,0.7301689354945878,0.7218718564309752,0.49655176986972416,0.49319422994177264,0.4971553232146136,0.4932050016431689,0.9198087413391316,0.8955725345773629,0.91334400971816,0.9032630836052095,0.24656366016075548,0.2432405484478581,0.2471634154006269,0.24325117364583823,LateBlight
26.456556,35.054325,53.40573,1.659313725490196,2.4990080738177616,2.272824754901961,2.386897347174164,0.7815624843720428,0.7447552377764598,0.7565218033621022,0.7474391979384122,0.5459967941059684,0.5420881571430687,0.5458492501663356,0.5425955331645618,0.9325762307813019,0.898579445778872,0.9076471137465083,0.9031293838720917,0.2981124991739952,0.2938595701147683,0.2979514039071508,0.294409912610135,LateBlight
10.214687,47.18898,61.221786,2.5164522058823517,2.7892349096501383,2.659957107843138,3.110342176086122,0.7377073194470283,0.7245306338907345,0.7317950532487143,0.7194024937080418,0.5174794560968371,0.5147677597530093,0.5177002302073382,0.5138902380038622,0.9167096252620143,0.9077665668030421,0.9119598521357405,0.8971483053201486,0.2677849874822783,0.2649858464811318,0.26801352835673103,0.26408317671566617,LateBlight
26.857252,31.863956,58.373337,1.6591299019607837,2.6196693579392547,2.3508884803921575,2.4701883890811205,0.7786163132460283,0.7387076981189,0.7494210375504838,0.7433113947514045,0.5344893830031241,0.5304555902648173,0.5336558074358928,0.5307752876140892,0.9425926994474002,0.909454707667512,0.918657266438257,0.9146213131333448,0.2856789005430603,0.2813831332431957,0.2847885208100547,0.28172240594181913,LateBlight
14.819031,36.06788,52.945923,1.3399816176470585,1.6668665897731643,1.325428921568628,1.5485428681276419,0.7988409118996439,0.7794255025640939,0.7959982206984958,0.7821022159152398,0.5660532976633712,0.5623488087164293,0.5661303474556428,0.5628855812764387,0.9460598400546928,0.9329841329188121,0.9466456501462414,0.9377413023593644,0.3204163357955771,0.31623618266478726,0.3205035703102469,0.31684017760891425,LateBlight
14.525521,53.448193,54.28386,1.5241115196078432,2.1282583621683977,1.7980698529411763,1.9318723567858518,0.7639893660545612,0.733443975527584,0.7505030380583884,0.7384535450127669,0.48838753432833804,0.48290910934382386,0.48809496855137047,0.4855121127529253,0.9299701059107001,0.9022898317207712,0.9173822651776596,0.9113060818033332,0.23852238368731357,0.23320120788724524,0.23823669832516334,0.23572201162980924,LateBlight
30.775919,76.18754,50.459,0.8975796568627452,1.021114955786236,0.9907781862745095,1.5396847366397548,0.8578700580623405,0.8380138724818987,0.8527736693662534,0.8229258661889102,0.5062558886078222,0.5016912900001832,0.505401341826815,0.49848141119370193,0.9560479968971708,0.9500615851827958,0.9514843216594732,0.9247005299155276,0.2562950247500957,0.25169415046204796,0.255430516320345,0.24848371730566457,LateBlight
48.288578,38.62776,53.951553,0.49488357843137243,0.8538869665513262,0.5617034313725491,0.6454440599769319,0.8800066590028796,0.8451908294462172,0.8627559212293211,0.8470080886002723,0.5553305540241025,0.5469314327105889,0.5527685089701228,0.5495680349745371,0.976432391265853,0.9593684482931822,0.9732502607235894,0.9692870429879844,0.30839202423271656,0.29913399208685737,0.3055530245090527,0.30202502506577406,LateBlight
14.924519,49.593266,46.44931,0.8458639705882354,1.3028835063437145,1.0299019607843132,1.0961630142252983,0.8445198301371385,0.8075484193591305,0.8277417741012878,0.8135998854694646,0.5331899967317462,0.5271804922422731,0.5326289364069696,0.5296912406450835,0.9540595801043624,0.9293299843363337,0.9440641401277924,0.940542759956623,0.2842915726147995,0.27791927140080547,0.28369358389801974,0.28057281041612786,LateBlight
18.89936,45.91351,64.95181,0.9238664215686276,1.9253825451749322,1.7153799019607847,2.0258362168396773,0.7981380851455512,0.7234252279783097,0.7371190471078177,0.7203089925988677,0.45348075639016056,0.4464813930530271,0.4508063917438392,0.4469414446175596,0.9643315330867569,0.9256724612818418,0.9337729244744656,0.9217945440394972,0.20564479641619213,0.19934563434257166,0.2032264028370998,0.19975665491683106,LateBlight
53.222843,37.110672,47.51741,2.1738357843137255,2.7649058054594384,2.2856924019607843,2.2586697424067674,0.7666714748423009,0.7442065949558909,0.7612748599012436,0.7588709136780412,0.5713538750631414,0.5661959108031823,0.5722513392764048,0.5700726148764489,0.9105205755870213,0.886393196718143,0.9059163337045105,0.9071938549958496,0.3264452505496678,0.3205778094102452,0.327471595303639,0.32498278623207205,LateBlight
34.25554,50.322876,53.569427,1.6787990196078424,1.7922952710495972,1.6450980392156858,2.142191464821224,0.7744670981739484,0.7639856903387706,0.7800906813882142,0.7509680740842778,0.5052619206053733,0.5035381670079544,0.5067362529520633,0.49877558577742764,0.9305293809273122,0.9259300091033275,0.9319239659513995,0.9114698873220166,0.25528960841383064,0.25355068563373057,0.2567816300558975,0.24877708496761608,LateBlight
25.134842,48.65,60.310913,2.843198529411765,3.166289888504423,3.0305453431372555,3.4105959246443667,0.7136308038424543,0.6993892872638239,0.7066133715686216,0.6948508176638809,0.4937646915390089,0.48938150580031,0.4934510075578238,0.4907958513649608,0.9014951573036473,0.8904057487774921,0.8950043800241894,0.8819496256672555,0.2438035706106126,0.2394942582193788,0.24349389685983147,0.24088056771705668,LateBlight
25.824741,26.85915,66.713196,1.083333333333333,1.656132256824298,1.0197916666666664,1.101453287197232,0.8152328978728461,0.7867534974581974,0.8179106348432821,0.8009316822029567,0.537595453099839,0.5319229726908782,0.5377700508864811,0.5350955913819344,0.9698443248385862,0.9539373633725959,0.9716130711701694,0.9693648606135398,0.28900887119362123,0.28294204887630076,0.2891966276304485,0.2863272919163821,LateBlight
28.799778,42.830544,41.178345,1.9644914215686264,2.1422529796232235,1.9125,2.2375701653210305,0.8080876580953744,0.7993827598450468,0.8091265831570195,0.7958677475892226,0.6055848308144544,0.6042228883784073,0.6064287114944454,0.6014793286683934,0.9112955926985058,0.9034846039075992,0.9136432070399952,0.8991902577124761,0.36673298731257137,0.36508529884034524,0.36775578212481336,0.36177738281538124,LateBlight
23.158457,47.55256,39.651596,1.0470894607843138,1.4934256055363317,1.4089460784313723,1.6296808919646293,0.8155746547845393,0.7839291255286841,0.7927078432513239,0.7735430659980166,0.5315167496851516,0.5265718174734844,0.5307231167337999,0.52774102567504,0.9332576048549477,0.9049738587575824,0.9101925485580752,0.8963039832410774,0.28251005519586814,0.2772778789573286,0.28166702663563864,0.27851059018054325,LateBlight
38.374786,44.214184,57.66629,1.5015012254901958,2.049980776624374,1.5387254901960774,1.85750096116878,0.7624934851722964,0.7341541808333404,0.7594336020442622,0.7345798685801526,0.47667327906056756,0.4708571994986792,0.47606321409900293,0.47308939195699856,0.9335120755747446,0.9092755001422625,0.9318637491821086,0.9177939385535124,0.2272174149703537,0.22170650231973899,0.2266361838182731,0.2238135727822426,LateBlight
23.280216,32.54569,45.797318,1.0515931372549023,1.4195309496347555,1.1702971813725485,1.217331795463284,0.8278598233427916,0.7949935623575468,0.8146187232858487,0.8044823815302323,0.5489955296298676,0.5433573095516998,0.5488018969825649,0.5466799486805766,0.943037284886712,0.9232053908753024,0.9366071758253517,0.9341440817528165,0.3013960915535788,0.29523716584326176,0.3011835221316618,0.2988589662893978,LateBlight
27.52578,39.866863,56.762726,1.0009191176470589,1.3988158400615136,1.128155637254902,1.355878508266052,0.7960313060511829,0.7610066213505846,0.7804631424092004,0.7639106504457922,0.4837893338684626,0.4777977937389805,0.4823136286721701,0.4790620004743934,0.955661097983011,0.9380722298867219,0.9500247508732291,0.939973132876633,0.2340521195648908,0.22829073170183736,0.232626436402916,0.2295004002985277,LateBlight
31.090405,37.46239,57.140717,1.8701593137254886,2.1581853133410243,1.9623468137254902,2.125028835063439,0.7625794361506204,0.7422222032770699,0.7508563996036941,0.74124784358504,0.5181793662822833,0.5143177174869369,0.5178216106122131,0.5146415014348643,0.9275348481519239,0.9164468548776338,0.9239627561183931,0.9177304925820274,0.26850985564070873,0.2645227145209726,0.2681392204170264,0.2648558749991315,LateBlight
20.83639,54.975586,58.171783,1.4265624999999997,2.2590388312187626,1.5393995098039217,1.6269434832756626,0.8037040618994352,0.7691497181431783,0.7988375115078472,0.7889385638774445,0.5385604194146997,0.5335326207764506,0.5385303706073041,0.5357062479493245,0.9551198282661496,0.9290303750179352,0.9515699351644223,0.9488881876311988,0.2900473253601372,0.2846570574325878,0.29001496006644034,0.28698118409194323,LateBlight
15.751197,51.740643,54.7415,1.976960784313726,2.5880815071126477,2.3151960784313723,2.433679354094579,0.7444404919166453,0.7195323329004605,0.7311432381489053,0.7262899999630914,0.518259749134561,0.5159479349085062,0.5179321918132379,0.513455330415754,0.9185830292675666,0.893521324002761,0.9046535202654877,0.8998737270392586,0.2685931675730181,0.2662022715363522,0.2682537553164646,0.2636363763323511,LateBlight
45.519516,55.418358,58.94455,1.9204044117647059,2.2869973087274125,1.9127757352941166,2.528073817762399,0.7809381831390237,0.7641185628609847,0.7767613791469126,0.7565034510661597,0.5475388865231599,0.5430958316901155,0.5469677985506034,0.544357048868463,0.9424948322146892,0.9316264415797049,0.9427232675993062,0.9244190615310431,0.2997988322550217,0.29495308239917833,0.2991737726512935,0.29632459665278227,LateBlight
20.981266,45.465588,53.423706,1.455514705882352,1.7430526720492125,1.4628676470588227,1.9511572472126113,0.7781038388608549,0.755397886726325,0.7728622308879826,0.7493045673624833,0.5034222080445254,0.5000944771359039,0.5032574091353618,0.4988862561619782,0.935209761277982,0.9224881772476006,0.9348824551970417,0.9132339732853844,0.25343391955242545,0.2500944860618331,0.2532680198496369,0.2488874965873149,LateBlight
50.525352,43.925404,44.8721,1.3317401960784316,1.5884044598231448,1.3551164215686269,1.7209381007304874,0.7819814502073072,0.7551222157836005,0.7755214917203934,0.7520973011961086,0.48942309132966866,0.48568280107519346,0.489651101586898,0.4836932847406379,0.9125899915924219,0.8958519263932474,0.9110556712552778,0.8871619965059153,0.2395349623266892,0.23588778326024595,0.23975820128526273,0.23395919370318782,LateBlight
19.650751,46.71921,48.35608,0.7609068627450982,1.0017377931564777,0.7510416666666667,0.9301038062283736,0.8349462538919621,0.813398706143891,0.8356199687010671,0.8157160042433176,0.5578585040461984,0.5532723568700141,0.5581647975309375,0.554391614988677,0.956551143503315,0.9428591050246828,0.9571144601320773,0.9469452343009118,0.31120611053666236,0.3061103008765002,0.3115479412027524,0.3073500627697534,LateBlight
13.920627,61.909706,78.78133,1.2039828431372548,1.6004767397154944,1.1211550245098043,1.3694886582083805,0.753998839411939,0.7238831420822289,0.7641735191520511,0.7349825527602615,0.3903982948205925,0.38437379096046276,0.39304023848703984,0.38773389823237137,0.9530039326572687,0.9374812732163817,0.9562797180678451,0.946504720260345,0.15241082859882626,0.14774321117731753,0.15448062906994914,0.15033757583847093,LateBlight
27.290592,48.04322,46.306335,0.8959558823529411,1.470173010380622,0.9361213235294116,1.037723952326029,0.843794730286752,0.8153190483562586,0.84251138853595,0.831803061194201,0.5827342214126274,0.5780008779294495,0.5826483369370797,0.5801836799610837,0.963194510123904,0.9397259055182683,0.9615445307357374,0.9574554347639255,0.339579172805381,0.3340850148872145,0.3394790845355448,0.33661310249318516,LateBlight
60.435276,46.615433,73.80858,0.9202818627450983,1.355355632449058,0.9196691176470588,1.1784390618992688,0.7941512759522994,0.7613065115385769,0.7933738318334016,0.7626539490051587,0.42852732176665076,0.42012251190917027,0.42785571734794975,0.4222237217198778,0.9609161502679079,0.9423579605465016,0.960942173205342,0.9498820610080037,0.18363566550049865,0.1765029250128709,0.18306051486732866,0.17827287118298482,LateBlight
19.43615,51.56326,57.136993,2.632751225490197,2.960553633217996,2.675551470588236,3.0883506343713942,0.7240739579938884,0.7063620250166661,0.7192300095774403,0.7007348912246439,0.44711746287904414,0.44202885792164337,0.4479336567140314,0.443231080393142,0.8877109678610062,0.8738181728991375,0.885885501766511,0.8683713338611244,0.1999140256113934,0.19538951123551238,0.20064456081720375,0.19645379062647192,LateBlight
30.647635,43.337646,50.850906,1.2887561274509804,1.6233448673587083,1.3537071078431373,1.6968242983467896,0.8047479963546323,0.7855068930082533,0.8012190650737381,0.7768258554931751,0.5451456456779706,0.539646351409,0.545295060463421,0.5406182669187249,0.9480315936561965,0.934645666052548,0.9454124798692273,0.9316874534338838,0.29718377500165155,0.29121818458904586,0.297346702965806,0.29226811052620577,LateBlight
29.187551,30.24044,44.060745,1.3723651960784313,1.436493656286043,1.372395833333332,1.6145482506728186,0.8066636497307239,0.7914059368384458,0.8029417959905811,0.7828427812361867,0.5510873051052375,0.5487703101084646,0.5509448065448188,0.5459457328947782,0.9239872479810723,0.9205483566056549,0.923985551040589,0.9107002587208941,0.3036972178481532,0.30114885325654034,0.3035401798587078,0.29805674326601655,LateBlight
8.213271,44.206913,67.76959,1.4873468137254893,1.9750249903883124,1.7533700980392157,1.943098808150712,0.7757316718946573,0.7433132251039904,0.7540498915819414,0.7423768566786155,0.49720841776206204,0.49175876828399784,0.4960663642116303,0.493079166702088,0.9533666040042407,0.9381076054017903,0.9450258666274487,0.9391080929291264,0.2472162106934532,0.2418266861841947,0.24608183770214584,0.2431270646356255,LateBlight
28.322763,35.984097,53.221466,1.7077512254901963,2.1220453671664745,1.788174019607843,2.0506881968473656,0.7853369140115134,0.7648969766471222,0.7778176761663447,0.7675529308421787,0.5675348351463111,0.5635672401530338,0.5675367292630933,0.5651654244936692,0.9378275432341744,0.9228605951118249,0.9348996678998553,0.925454531008807,0.32209578910455056,0.31760803417370737,0.3220979390626496,0.3194119570431093,LateBlight
32.580456,70.36482,68.28757,1.5498774509803916,1.8178239138792769,1.5842830882352936,2.182883506343714,0.7549591659256332,0.731193397333546,0.7530313539780975,0.718093450533749,0.4283362898901049,0.4232667987861932,0.4277847877867898,0.42179932050422236,0.9436806786526383,0.9339474289681097,0.9424304493912897,0.9206825992571421,0.18347197723682002,0.1791547829547118,0.1829998246617888,0.1779146667778237,LateBlight
56.91146,35.740147,58.018265,0.695925245098039,1.009181084198385,0.712683823529412,0.8941176470588236,0.8417049993173328,0.8093985464709571,0.8342972143056536,0.8163486101060261,0.5428723875201464,0.5369160635497416,0.5422955757048707,0.5387002021469192,0.9706935100645978,0.957528753993017,0.9699877803707982,0.962371182791656,0.29471042913182405,0.2882788592977502,0.2940844914290772,0.29019790779313154,LateBlight
41.261383,47.937454,61.62401,1.3196078431372549,1.94008458285275,1.8191482843137246,1.9391311034217613,0.7932737393849467,0.7462080343387755,0.7561628845276261,0.7459928841384473,0.49133960092692686,0.4854656272410354,0.4890634865021072,0.4856522716058308,0.947911057023063,0.9234637476103599,0.9281926734968993,0.9235013623324306,0.24141460343903173,0.23567687523253195,0.2391830938295968,0.23585812891590366,LateBlight
11.20054,66.88835,50.472702,1.5143382352941164,1.6616685890042293,1.4682598039215675,2.0640984236831987,0.8005525246348172,0.787253399208601,0.8016207857447532,0.7765935842450138,0.526943524301949,0.5241715038546415,0.5270089761151715,0.5220284947659279,0.93856605567335,0.9326951815306556,0.940435373717116,0.916395019663873,0.2776694778037587,0.2747557654532365,0.2777384609059614,0.2725137493475805,LateBlight
44.231667,34.68386,62.709885,1.4544424019607844,2.2024452133794687,2.0398590686274503,2.2377547097270276,0.7585151061101489,0.704742018927683,0.7147913151007116,0.7009841168842151,0.43437701287465186,0.42804125159840534,0.4319136898963057,0.42834122676415565,0.9335459922222531,0.8993337424300996,0.9067980896119879,0.897719865802251,0.18868338931390546,0.18321931306992936,0.18654943551984213,0.1834762065458218,LateBlight
16.494537,49.277645,63.17038,2.4564338235294128,2.637154940407535,2.3972886029411753,3.0059361783929255,0.7318813794334447,0.7190959532315786,0.7319382803540941,0.7117488023560904,0.5102124145190331,0.5071938919140382,0.5108497977628084,0.507052560057095,0.9220015353945222,0.9163371055051953,0.9238818659484347,0.9046376380853764,0.2603167079293417,0.257245643994909,0.26096751587430217,0.2571022986604539,LateBlight
38.65199,46.311382,48.774414,1.4998774509803903,1.6338946559015757,1.4540134803921565,1.9994771241830058,0.8185824229980877,0.8084346023470339,0.8164378329182557,0.7978549274682929,0.6043391840020573,0.6020314494544992,0.6041403746845722,0.6001378362925466,0.9496139880464161,0.94522829531311,0.9511547156363848,0.9329731753645321,0.36522584932027247,0.36244186613228513,0.36498559232401523,0.36016542254989947,LateBlight
41.343136,45.526955,51.350082,1.5967218137254906,2.086274509803922,1.959895833333333,2.142468281430218,0.788236712576657,0.7584274591724829,0.768327114130733,0.7574043869480678,0.5417293034947245,0.5361092917268591,0.5398433946473686,0.5363547322382453,0.9308410266729048,0.9097733371343141,0.9151108336491425,0.9073430833667235,0.29347063826487935,0.2874131726758745,0.2914308907443946,0.2876763987943598,LateBlight
11.883207,52.20181,60.390198,1.5507965686274505,1.9442675893886967,1.5828737745098034,1.7782391387927714,0.7705315639801578,0.7503052956319205,0.7699281774731586,0.7531696981159068,0.5113627894505132,0.506298019521489,0.5113128411943896,0.5087909761050147,0.9419999747887563,0.9273347368163652,0.9408002824580416,0.9335399017454975,0.26149190243460985,0.2563376845713821,0.2614408215702791,0.2588682573658936,LateBlight
12.427462,33.961414,56.883575,1.746629901960784,2.2721414840445986,1.841452205882352,1.9223068050749719,0.7691765922907094,0.7468553906626241,0.7631363335682964,0.7559128779085822,0.5414826550563033,0.5365336482665115,0.5414361684556234,0.5389015137116326,0.9360589422850694,0.9169083299270031,0.9325876640246297,0.9297017003791336,0.2932034657268236,0.28786835572217273,0.29315312451190617,0.290414841480689,LateBlight
15.851825,45.19359,63.169907,2.3883272058823537,2.6885659361783927,2.412469362745097,2.7013610149942355,0.7346547719269997,0.7202154720821217,0.7336631702993128,0.718676262442107,0.4898410646698706,0.48727488492762017,0.49018892362272337,0.4848500217223774,0.9175394223701833,0.9072293153706007,0.9167058782078812,0.9067878130047267,0.23994426863691234,0.23743681348122547,0.2402851808424041,0.23507954356418986,LateBlight
43.561966,45.03044,44.50879,1.6638174019607845,2.08249134948097,1.7198529411764703,1.8946559015763178,0.7792253800793132,0.7528228924045455,0.7704021868879581,0.7592355320659556,0.5438511256456021,0.5385275943747335,0.5434172959250397,0.5398813153306922,0.9124690775738862,0.8906262761555467,0.909521132426532,0.9004915091671716,0.29577404686598846,0.2900119699030375,0.29530235751048217,0.29147183464319826,LateBlight
43.63793,50.48129,63.92505,1.4865808823529414,1.8373548635140335,1.5063725490196085,1.7966013071895424,0.7519059741964413,0.7238447893179049,0.7489640108331881,0.7243921227875088,0.4126345621609729,0.40869799036137106,0.41312726936451705,0.4073994247887124,0.9262929946459535,0.9088617640627604,0.9253325723894877,0.9108832922401758,0.1702672818897778,0.16703404732542335,0.17067414069258222,0.1659742913181737,LateBlight
29.98119,43.561676,64.63217,2.211734068627451,2.65104190695886,2.300061274509805,2.5651057285659338,0.729991402264656,0.7051492299546583,0.724644131844754,0.7090939286878232,0.4680519014131535,0.46234930953665143,0.4674506809390784,0.46516788011103316,0.9208238800998382,0.9051338789958674,0.9176619242650087,0.9082090593152187,0.21907258241646838,0.2137668840290183,0.21851013911040806,0.21638115668699254,LateBlight
16.523735,39.34645,52.775223,1.989675245098039,2.3608150711264893,2.206617647058825,2.6029373317954643,0.7744056924359679,0.7577988431648579,0.7655397668055947,0.7527069299732772,0.5732156733729643,0.5688674922957349,0.573217636733614,0.5711530697059204,0.9323767499472511,0.9198921543493263,0.9250035113592056,0.9116763932236549,0.32857620820042094,0.323610223790838,0.3285784590624695,0.3262158290344959,LateBlight
12.938027,33.82777,52.61325,2.411825980392158,2.6803537101114974,2.5689338235294135,2.915586312956555,0.7412452188858012,0.7291952553447012,0.7354088208928682,0.7240384154443266,0.5427183637678962,0.539929302610618,0.543164630382805,0.5401896158332713,0.9075156117334353,0.8973579807916832,0.9014911212094269,0.8883499348578349,0.2945432223709025,0.2915236518175883,0.29502781569888925,0.2918048210540972,LateBlight
36.434067,50.408237,70.50014,1.773835784313725,2.311111111111111,1.9675245098039222,2.0131334102268363,0.7250366131818845,0.6851205579781634,0.7067252584142613,0.7004009230370242,0.38839724104503015,0.3820429747705195,0.3870514931543439,0.38396874160028316,0.9266134799378686,0.9042943317302823,0.9186002570315025,0.9166339180251583,0.15085241685139125,0.14595683457150782,0.1498088583530071,0.147431994526105,LateBlight
10.105024,39.15104,52.60791,1.1689950980392148,1.5137716262975762,1.1676011029411775,1.4084890426758943,0.8042703473448054,0.7814580251379158,0.801421433891969,0.7877703331675863,0.5672999892819953,0.5637150144242606,0.5676696733566863,0.5643975107032425,0.9511620988401105,0.9368371259412991,0.951220777827098,0.9412300941196329,0.32182927783935195,0.31777461748734437,0.3222488580488869,0.3185445500880168,LateBlight
28.472769,44.215477,60.73259,1.3689031862745102,1.9987697039600154,1.7207414215686272,1.822683583237215,0.7822368903050781,0.7434992257751155,0.7591683040512631,0.7524742814093752,0.5186877555206755,0.5140906346039954,0.5180215782905462,0.5149943300585338,0.9502686033373128,0.9274476383862059,0.9374865402842402,0.9338393021584458,0.26903698772707596,0.26428918058753875,0.26834635557462844,0.26521915999243806,LateBlight
23.786264,39.24864,49.289963,1.2617647058823531,1.5045597846981942,1.2965073529411757,1.5915109573241066,0.8107475419855874,0.7936372956625382,0.8041038012806091,0.7907475254678403,0.6002797046920875,0.5979566628486055,0.6008043067889145,0.5975611352085213,0.9520860201153346,0.9429637624683843,0.9507667103545239,0.9396675373625546,0.3603357238652198,0.3575521706450408,0.3609658150561081,0.3570793103116966,LateBlight
54.231236,65.36693,69.62514,2.2349571078431363,2.746113033448675,2.16936274509804,2.823867743175701,0.7371706820719764,0.718662940896171,0.7367409536644649,0.7142534444745937,0.46404966654050905,0.45879883571399793,0.4638417994131162,0.46050044383715644,0.9398884634324434,0.9262129885770775,0.9416526932339632,0.9241237491375752,0.21534209301635765,0.21049637165252008,0.21514921488279753,0.21206065877421806,LateBlight
35.629974,40.0286,54.27069,0.6787683823529413,1.0350480584390616,0.6910232843137257,0.8778162245290272,0.8410097217176584,0.8043546763526193,0.8324937230533036,0.8136050354561841,0.5255719454808443,0.518615916042957,0.5246599774494864,0.5210100763302287,0.9654201294668717,0.9472957269909178,0.9647958032103496,0.9553019151408771,0.27622586987651954,0.26896246837307536,0.2752680919372957,0.2714514996376307,LateBlight
11.754925,51.995064,64.87457,1.8021752450980386,2.1894348327566333,1.631372549019608,1.909050365244137,0.7685889789475402,0.7508728762908299,0.7767913257852874,0.7578031253729177,0.5104997377150292,0.5053244817756817,0.510967548041256,0.5083804731550194,0.9384270544440553,0.9252414819551649,0.9442626828797763,0.9348152436220667,0.26060998220711357,0.2553528318818612,0.2610878351512933,0.25845070548532145,LateBlight
46.07333,53.914547,51.757584,1.4916973039215686,1.8743252595155702,1.4704044117647057,1.790173010380624,0.7665833073546565,0.7406720389823831,0.7623961819375515,0.7411981507079936,0.47838773464030154,0.47256357822454526,0.47812468834641786,0.47474430766721737,0.9231694907098641,0.9035587986677066,0.9242661902509653,0.9078887536529393,0.2288548246542796,0.22331633546438592,0.22860321760635918,0.22538215766242553,LateBlight
7.9388127,47.309063,51.256317,0.7285232843137254,0.9361937716262977,0.7461397058823532,1.019084967320262,0.8407318390403544,0.8181156662382358,0.8381460780340444,0.8183918998998302,0.5834537483268463,0.5810112486634181,0.58299816258292,0.5782391034135793,0.9683213675604068,0.9593441475747368,0.967555346548052,0.9557444523816859,0.34041827643664685,0.33757407107342435,0.3398868575750609,0.33436046071654013,LateBlight
66.925735,38.710648,68.13312,0.5597426470588235,0.825836216839677,0.6408394607843135,0.9623068050749711,0.8636621055111539,0.8214195708868616,0.8369593706978057,0.8119355128584081,0.4812760111222458,0.47091018606019175,0.47561661371660874,0.4690459111983706,0.9766297767930365,0.9654986351670635,0.973243844618497,0.9597972364421574,0.23162659888174003,0.2217564033352444,0.2262111632432538,0.22000406681190973,LateBlight
17.87917,49.067307,58.545273,1.8494791666666661,2.493164167627836,2.1842830882352935,2.355001922337564,0.7785626920532217,0.74449687614776,0.7585499613722975,0.7501228649092817,0.5259896971949172,0.5220866013945955,0.5256586534375123,0.5225702590013972,0.93411620237881,0.9112826439231952,0.9221895182566172,0.916199042638908,0.27666516155520066,0.27257441935575927,0.2763170199337386,0.2730796755927874,LateBlight
21.567444,49.881756,48.190857,1.2670955882352934,1.55530949634756,1.2487745098039216,1.5584159938485207,0.8063914405678358,0.7874982637488329,0.8029313585012711,0.7841987566678849,0.5512602403845174,0.5476183689217934,0.5519667154034055,0.5485809425526735,0.9400948179616293,0.9265774002079009,0.9409609937645921,0.9264307495745039,0.30388785262879586,0.2998858779805654,0.30466725491322405,0.30094105053197967,LateBlight
49.989532,31.132929,56.380753,1.0451286764705883,1.4069050365244131,0.9757352941176467,1.1956324490580545,0.8023844931271322,0.772268904852082,0.8034309925899358,0.7802635927381715,0.480976214292201,0.47466099001820594,0.48107621952014973,0.4773503155290543,0.9499402016789417,0.9326320468566851,0.9532640208445725,0.9427485802426644,0.23133811871485727,0.2253030554450634,0.23143432898779928,0.2278633237356877,LateBlight
12.87178,34.248646,59.246292,1.9678308823529418,2.639661668589004,2.371323529411764,2.4539484813533243,0.767281462973746,0.7396431014267977,0.7501359490089409,0.7442101015720921,0.5587314433521798,0.555125895615347,0.5586073471380629,0.5558703621241095,0.9391397484139132,0.9184623050852543,0.9266606963605308,0.9241988831409429,0.3121808257904102,0.3081647599827411,0.3120421682766243,0.3089918594879885,LateBlight
17.198772,43.40243,45.25287,1.111213235294118,1.4461822376009228,0.9732536764705887,1.1836678200692043,0.8246830215689989,0.8008703919059416,0.8291731270854502,0.8123166410785262,0.566130326316204,0.5607054510625594,0.5661714613417417,0.5639626835223035,0.9430657970281037,0.9260175144008976,0.9501343031208099,0.939446990029651,0.3205035463748916,0.3143906028512682,0.32055012363784324,0.3180539084056779,LateBlight
54.493782,47.456585,56.033234,2.8353553921568664,3.615563244905806,3.3111825980392164,3.365997693194925,0.7388550642652033,0.7186664485571576,0.7264473236871843,0.7247231761942172,0.5569292291640083,0.553400641694773,0.5555678699247648,0.5532169247391721,0.9030515056267676,0.8765871357750429,0.8867816823376928,0.8851057530587864,0.3101701662972165,0.30625227022818646,0.3086556580927404,0.3060489658178668,LateBlight
23.572176,38.961983,60.268143,1.2161151960784315,1.6088119953863902,1.2685508578431368,1.4175624759707801,0.7782547517906518,0.7540519082919188,0.7758495248441576,0.758915983367081,0.48594554701766135,0.48056047675988717,0.4862576302597323,0.48337740248215744,0.9479197441711097,0.9311217182701843,0.9456771920169554,0.939309711191292,0.23614307466629414,0.23093837182369006,0.23644648298581053,0.23365371323039763,LateBlight
9.721637,57.180016,68.73151,1.47061887254902,1.9947097270280665,1.7250612745098033,1.9423913879277206,0.7562111977723562,0.7226631378558599,0.7380226447126462,0.7247289060893912,0.45727114369951655,0.45171594618462585,0.4563978766018946,0.4530445322984582,0.9449827652864631,0.9253667672975908,0.9354638357996627,0.9273242885969412,0.20909689886026392,0.2040472960374718,0.20829902176671825,0.20524934824552873,LateBlight
22.36436,52.747913,63.69757,0.5218137254901959,0.7652441368704342,0.5348345588235294,0.8113802383698576,0.8685981616597971,0.8328767094546043,0.8529027385367138,0.8271082649691842,0.4828457912775732,0.47430614582351244,0.4799205023807007,0.47381355732159347,0.9753410137304968,0.963824809527471,0.9747256973164218,0.9616438293944818,0.2331400581544658,0.22496631996595506,0.2303236886053442,0.22449928710174294,LateBlight
28.800808,42.050766,54.859253,1.357352941176471,1.6695732410611297,1.4914828431372542,1.735609381007305,0.7901761237844936,0.7639079191384445,0.7779544564175228,0.7628222459559562,0.5269741612244222,0.5228268278835022,0.5263817324302631,0.5225448379146465,0.9431856214312115,0.930186400056187,0.937571380067583,0.9274250832462065,0.27770176659818335,0.27334789195472525,0.2770777282362851,0.27305310763124413,LateBlight
28.60569,45.450615,66.86694,1.4634497549019607,2.4950096116878124,2.2800551470588246,2.4967627835447908,0.772686798790075,0.7164778053300552,0.7253201576307129,0.7165387950338152,0.47825742751868866,0.47303595303676155,0.47683413544722947,0.47332583960203195,0.9527899743680804,0.919557433781464,0.926446766228713,0.9195009090921253,0.22873016697679371,0.22376301286539726,0.22737079272770677,0.22403735043496847,LateBlight
15.371639,45.762466,53.915024,1.3276654411764701,2.0631757016532095,1.4155024509803922,1.4685428681276427,0.804875965120577,0.7715236703338154,0.8011651384228351,0.793116213978627,0.5589215692656148,0.5536969118386911,0.5585528914808954,0.5563414564188283,0.951276864005899,0.9243882213439651,0.9480533903496143,0.9461804740125674,0.31239332059033736,0.3065802701797033,0.31198133258166894,0.30951581613022294,LateBlight
18.697466,47.08778,55.939835,1.904258578431372,2.137946943483275,1.8394607843137243,2.0493348712033836,0.7644566433827938,0.7539389483108832,0.7696981705007304,0.7578031591161166,0.5516843131601317,0.5471211995772977,0.5519786577403497,0.5500238578209121,0.9282272418121501,0.9195137932997909,0.9306695132877733,0.9228497271438894,0.30435558138696617,0.29934160702690116,0.3046804386008381,0.3025262441721989,LateBlight
19.255285,77.62671,74.447205,1.924479166666666,2.260730488273742,1.8493259803921565,2.19918492887351,0.7200627417465556,0.700289946113477,0.7274321381814801,0.7057264798342184,0.38910831144662367,0.38527122913260853,0.39088523086440446,0.3863954059367086,0.9205890932035415,0.9066213652819965,0.923704385860068,0.9091636573483044,0.1514052780368427,0.14843391999735092,0.1527912637079188,0.14930140972899383,LateBlight
23.073162,48.875477,62.57863,1.341390931372549,1.3833448673587083,1.1760723039215684,1.7684582852748945,0.7871955810742911,0.7778339769682229,0.804115402268879,0.7644551289770081,0.5016465227124468,0.49970382310170247,0.5026189742994431,0.4962977415303989,0.9548625629595717,0.9534897364863386,0.9604254894440557,0.9405416083856958,0.2516492337494894,0.24970391082245758,0.2526258333258243,0.24631144824817466,LateBlight
22.498081,58.247955,79.614716,3.455147058823526,4.169657823913879,3.863725490196077,3.984652056901194,0.6559606142909694,0.6299133403902477,0.6427557329154922,0.6337999905408216,0.3607137345972783,0.35491474090238895,0.3600712988402324,0.35617198479960843,0.8862463939187941,0.862572134236378,0.8727947899365736,0.8686697443492988,0.13011439832711572,0.1259644733098099,0.12965134024849198,0.12685848275609252,LateBlight
48.284782,28.602232,51.528824,1.185539215686274,1.523168012302961,1.201164215686274,1.3856824298346793,0.8046448689919522,0.7841327926695356,0.8037558823361263,0.7834934332016632,0.5492793249457458,0.5442293096743971,0.5494077106806812,0.5466904417668661,0.9474997848477758,0.9326258782798156,0.9468078500295096,0.9387072627975889,0.3017077768128542,0.2961855415086708,0.3018488325553871,0.29887043911925126,LateBlight
25.18945,32.535824,49.190643,0.7938419117647058,1.294855824682814,1.0892769607843134,1.3082968089196463,0.8419061340003161,0.7975805530218778,0.8115949965835398,0.7970357185572485,0.5713356413330607,0.5662302190265239,0.570392340133979,0.5678546767857224,0.9657446050158696,0.94420495173625,0.9529961671388295,0.9436257827276919,0.3264244150574598,0.3206166609388253,0.3253474216835168,0.32245893394741726,LateBlight
43.466526,47.884926,34.94339,1.2360600490196085,1.7852825836216841,1.34283088235294,1.4583929257977704,0.8383506469158697,0.8163118903229469,0.8316289642788524,0.824188674639296,0.6303521615880315,0.6263406658108686,0.6307309736921423,0.6278083566985979,0.9304673543409989,0.8998217765131602,0.9244611263047712,0.9181646570730482,0.39734384761870384,0.3923026296484022,0.39782156117463785,0.394143332740594,LateBlight
33.270638,36.45218,49.619644,0.7615808823529412,0.9403152633602466,0.817922794117647,1.1529411764705881,0.8369463910610109,0.8150120129586812,0.8313254314907595,0.8079963731663273,0.5543539943189162,0.5518563422610356,0.5537730817404266,0.5481265453200175,0.9610150248799105,0.951916333429683,0.9581309083280621,0.9410435613833472,0.30730835101733694,0.30454542249372935,0.3066646260602892,0.3004427096844572,LateBlight
25.869112,39.66405,60.204025,0.8794730392156858,1.2635755478662056,0.7902879901960781,1.0114263744713572,0.8105171961653415,0.7774652732919154,0.8143851617371298,0.7859506411787083,0.4770365930968635,0.4702073324075363,0.4773168016592772,0.4729149029814939,0.9594316447423439,0.9417150262923918,0.9635455750062268,0.9533459160848792,0.22756391115346253,0.22109493544981135,0.22783132914624177,0.2236485054619958,LateBlight
19.110016,40.08367,51.080627,1.3783700980392155,1.7446828143021917,1.5444546568627449,1.7533256439830835,0.7888680729893931,0.7652076028497885,0.7779767370055642,0.765980884576068,0.5507509717120664,0.5462837787135336,0.5503070616395008,0.547737627735136,0.9413581127520309,0.9258743981106266,0.9342921498542478,0.9255071938561509,0.30332663284178535,0.298425966885537,0.30283786209030134,0.3000165088369144,LateBlight
33.129135,51.359947,61.461212,2.2258272058823514,2.4426605151864655,2.2260110294117643,2.642153018069975,0.742536414513252,0.7315686259843971,0.7389849203314953,0.7277502099895538,0.514801885176835,0.5117679123388721,0.514895035836559,0.5114379221239771,0.9252074628538236,0.9179992856971719,0.9252012859915242,0.9113022733072788,0.2650209809816232,0.26190639609968747,0.26511689792913146,0.26156874818649123,LateBlight
13.636696,33.342884,52.44034,1.5778799019607839,2.0267281814686666,1.7515012254901954,1.8384928873510187,0.7992298585026362,0.781801940083505,0.7949857883428866,0.788078695440605,0.613664936112564,0.6092226674266448,0.6137929348687501,0.612064851123487,0.9489255038408553,0.9345103910585896,0.9433055440386371,0.9405928326575438,0.3765846538140372,0.3711522585064362,0.37674176689479366,0.37462338198081624,LateBlight
35.53196,49.719135,57.339615,2.890042892156863,3.261022683583238,3.044852941176473,3.4976701268742776,0.7068124472321043,0.6930610813179575,0.7008199308604932,0.6874124950366326,0.4810710982690948,0.477886003937716,0.4810471736608345,0.47704003315130294,0.8910006447056406,0.8771419227004124,0.8851619093768267,0.8682262993817013,0.23142940158983302,0.22837503275955873,0.23140638328707708,0.2275671932289962,LateBlight
42.849472,36.521217,52.425827,1.0393075980392157,1.7989696270665128,1.7708333333333333,2.064682814302192,0.8129552550029933,0.7583578548028932,0.7622438523136573,0.7433365876569044,0.5106346802168299,0.5050610321010235,0.5088979020556138,0.5054862422568289,0.9540630918301855,0.9205729897018164,0.9217299975764158,0.908841383041317,0.2607477766401441,0.25508664614695103,0.2589770747166051,0.2555163411109295,LateBlight
43.2772,45.689716,43.446793,1.6759803921568623,2.2863514033064205,2.083210784313726,2.127120338331411,0.7881825273418236,0.7632043238465949,0.7702730880334561,0.7641778329689531,0.5737192188205614,0.5700145869371582,0.5730829811125003,0.5694066660702432,0.9178081417668098,0.8880908893444079,0.8978371308784745,0.8958847074094386,0.32915374204407527,0.3249166293211391,0.3284241032407904,0.3242239513652294,LateBlight
17.807358,57.63848,57.2325,2.4175857843137254,2.7087427912341417,2.298406862745099,2.6710957324106124,0.7245802152325443,0.7093854460538749,0.7307060592358586,0.7105787392718995,0.4771219200171461,0.4724503160417336,0.4778183632350326,0.4744309884514884,0.8988567965923928,0.8867558295316096,0.9038428194191035,0.8883297367925136,0.22764532656084796,0.22320930112793397,0.2283103882446055,0.2250847628030563,LateBlight
9.8878765,55.350826,74.0909,1.9702512254901956,2.5026682045367195,2.2760110294117646,2.4319261822376013,0.7283092529452401,0.6946062890653493,0.708340774982143,0.7000837696961968,0.44178344248066925,0.4362823030830691,0.44122613737825617,0.43836520122118305,0.9352844992886158,0.9177731523121148,0.9252414151619819,0.9200974290509077,0.1951726100500708,0.19034224798346694,0.19468050430573577,0.1921640496416883,LateBlight
21.049726,57.21739,66.92401,1.9594975490196072,2.49753171856978,2.2475796568627473,2.5259207996924253,0.7325140345256582,0.7005709724685543,0.716720235545924,0.7012948840621648,0.4352575721082955,0.431118369480655,0.43456191229977315,0.4292529784577532,0.9258359115068633,0.9054697450031026,0.9149324291574934,0.904395233293121,0.18944915407760807,0.1858630485036586,0.18884405562163573,0.1842581195148523,LateBlight
28.23381,30.968332,53.453445,1.706158088235294,1.7927566320645902,1.7571078431372547,2.183006535947713,0.7919978218774854,0.7833903822717646,0.7919655884680394,0.7688633893480484,0.5746722158444206,0.5730353787206717,0.5745573430437829,0.5694705353812713,0.9399920026195561,0.9370410898108235,0.9382000275500875,0.9233361015204621,0.3302481556635364,0.3283695452655436,0.3301161404455312,0.32429669066743183,LateBlight
44.983128,52.15894,54.034775,2.335753676470588,2.709880815071126,2.625214460784314,2.7830219146482116,0.7293940380645297,0.7076639085351197,0.7166078141804967,0.7050883218312073,0.4599959450921424,0.45520589350871754,0.4578436133990904,0.4529220764424246,0.8877516888884137,0.8698808142414169,0.8738411963139793,0.866368829408163,0.2115962695012133,0.2072124054850699,0.20962077433033577,0.2051384073289175,LateBlight
34.034958,37.805386,49.759964,1.4727328431372535,1.8535332564398312,1.5387561274509804,1.7200153787004993,0.7870151964008354,0.772707368501036,0.7853333471539639,0.7718139072706413,0.5747706021146498,0.5700002254960365,0.5747325862231761,0.5727068947144051,0.9376548418326671,0.9216543119962863,0.9348598799884698,0.9272978848622925,0.33036124505523706,0.32490025706553244,0.3303175456667806,0.3279931872534166,LateBlight
44.43129,55.484756,59.570587,2.553278186274513,3.2034448289119584,2.7897977941176477,2.7738562091503276,0.7029918856910228,0.6755340199548187,0.694318288189958,0.6884995402071417,0.4206269914882634,0.4145540313374706,0.4208006082341117,0.41736557884029424,0.8852327573237265,0.8560652995834584,0.8746014428915772,0.8753672425199148,0.1769270659684676,0.17185504489814857,0.17707315189019834,0.17419402640069387,LateBlight
30.881502,46.053177,41.12329,1.9454656862745097,2.6850903498654364,2.1717524509803927,2.1578162245290273,0.7754033816417157,0.7488386771181207,0.7656160472391004,0.7649198626192395,0.5676132176042022,0.5625458250570841,0.5681077837054338,0.5665763765683393,0.899553108139005,0.861638079421826,0.887869631866795,0.8888083609195719,0.32218476479899544,0.3164578052891554,0.3227464539067,0.3210087904853086,LateBlight
44.922577,28.674341,86.08894,0.8444852941176468,1.462083813917725,0.948682598039216,1.098654363706267,0.8239901707868891,0.7859867252999907,0.8071290615249206,0.7882714799253938,0.4881563640272555,0.4805805021295974,0.4866724517748923,0.48328529064198594,0.9815345530610472,0.9680249380599288,0.9792561832656845,0.9759729633856585,0.23829663574031035,0.230957619027136,0.23685007531658492,0.23356467215090884,LateBlight
23.711914,55.5558,61.93808,0.8890012254901958,1.35597078046905,1.1506740196078427,1.4045982314494427,0.8108546632622105,0.7670604397119954,0.7831512800729928,0.7596690971925817,0.4653601305275505,0.4582754595141887,0.4632076863320417,0.4589596273497825,0.9590534381260049,0.9375491909249336,0.9470010348808123,0.9353095971956843,0.21656005108461884,0.2100163967929408,0.2145613606770831,0.2106439395370512,LateBlight
9.082855,57.26129,63.552002,1.9710171568627435,2.3080353710111488,1.9609068627450974,2.2298808150711262,0.7445430064162977,0.7269998842145596,0.7429451542483432,0.7275792431116954,0.49001944102294315,0.48655627106921456,0.4903835583770023,0.4864530511220311,0.9240159305560421,0.9110571607797389,0.9244056893603523,0.9140689378913939,0.24011905258043767,0.23673700491677901,0.24047603432649084,0.23663657094593338,LateBlight
13.419832,37.29217,59.953125,2.5616115196078426,3.3061745482506737,3.0420343137254924,3.1321184159938507,0.7332731547437086,0.7082223682762958,0.7177877515287673,0.7084485732496119,0.5082629072693706,0.5057381886976078,0.5077141735426354,0.5032354103722685,0.9095515816962334,0.8833587185178632,0.8925882437691488,0.8894993895622886,0.2583311829059129,0.25577111550713716,0.25777368201608125,0.2532458782525455,LateBlight
20.59989,44.720448,55.343018,1.4158700980392152,1.6457670126874278,1.3931678921568624,1.6376778162245293,0.7949686665167082,0.7824240156892323,0.795350528000025,0.7793381383752931,0.5666825552960117,0.5635099214476019,0.5670709268605961,0.5637814645103431,0.9468355327164292,0.9382803110006633,0.9476879772193306,0.9385836727074516,0.32112911847681735,0.3175434315698825,0.32156943609053557,0.31784953972542723,LateBlight
61.145824,58.053345,61.25531,3.3012867647058814,3.3787620146097646,3.309252450980392,4.006212995001923,0.6911443345257501,0.6842675600373619,0.6893852881931474,0.6686217384736878,0.4352094984800443,0.433493981775984,0.43432355724487387,0.42900717217787576,0.8769316600540579,0.8741718371570325,0.8766347080301339,0.8508049933854435,0.1894073075672517,0.18791703223599718,0.18863695237784123,0.18404715378005754,LateBlight
26.565016,32.95061,52.73201,1.0318933823529415,1.6048289119569397,1.5501225490196076,1.8854594386774326,0.8221400321849224,0.7756884357203296,0.7783685172355628,0.7623518005806476,0.5536590758066945,0.5493557623728511,0.5525605522517943,0.5490229086537353,0.9578565522064936,0.9345381793822258,0.9366916099711929,0.9230911116834969,0.3065383722231231,0.30179175365225647,0.30532316390480796,0.30142615422660773,LateBlight
8.631622,57.859272,61.380722,1.7029718137254894,1.973717800845828,1.6755055147058808,1.8659746251441751,0.7454489747838458,0.7296814598970668,0.7469665230270661,0.7314503610223616,0.46903414950685507,0.46542899041796104,0.4708194409035741,0.4673925570569902,0.9211292349147071,0.9086136184492483,0.922418052088731,0.9136024339394291,0.21999303340361887,0.21662414512148248,0.2216709459327541,0.2184558023922718,LateBlight
35.770035,48.461105,47.691437,2.644424019607845,2.877908496732026,2.635784313725492,2.925428681276433,0.7111014861821721,0.6991408979131234,0.7101369773632281,0.697086527874297,0.48987139839134874,0.4844148128963968,0.4905997485815529,0.48697798237726675,0.8609156776517899,0.8488245442636133,0.8613700857304579,0.8463283267628358,0.2399739869618955,0.23465771095345114,0.2406881133082829,0.23714755532023354,LateBlight
55.88009,34.642063,43.012665,0.6192401960784317,0.7880661284121492,0.5418811274509806,0.7311956939638602,0.8662443154917049,0.8461682776452567,0.8692145716500221,0.8493127671001888,0.6043992090935895,0.59998321268078,0.6051641097853728,0.6012618759296855,0.9619292619924009,0.9516179402785274,0.96668527888678,0.9551094096573818,0.36529840395295654,0.35997985549875017,0.3662235997723228,0.3615158434464846,LateBlight
49.31429,26.915968,80.71896,1.0574754901960781,1.302760476739716,1.0476102941176468,1.5904036908881212,0.7980080952857818,0.7723004032005741,0.8006295880517654,0.769464263771263,0.4712616394476671,0.4670628159208284,0.4710522621540049,0.4647030040065398,0.9732550330835822,0.9670434321331913,0.9735045370628124,0.9597667813000063,0.22208753281490295,0.21814767401589363,0.22189023368040536,0.21594888193270212,LateBlight
19.623568,48.92403,60.96527,2.6298100490196084,2.865697808535179,2.789797794117646,2.915463283352557,0.7199175860433257,0.7097159836051091,0.7152524511537293,0.7094622751016885,0.5089994639805312,0.5066281762093476,0.5087925776115756,0.5045689896165271,0.9058618817619364,0.8974914399541547,0.9001348729727301,0.8957112846466634,0.25908045433246807,0.25667210892920983,0.2588698870326312,0.25458986528264305,LateBlight
15.558002,57.8184,50.44667,2.3534620098039207,2.4337716262975784,2.3599571078431385,2.78646674356017,0.759107769712021,0.7536905428417094,0.7593094279873536,0.7437347041196447,0.5469888905031726,0.5445066760810964,0.5469294397781203,0.5428378235690658,0.9043003722436112,0.9011863433152673,0.904036259858536,0.8868665551087694,0.2991968463338917,0.296487520296884,0.2991318120960084,0.29467290269720026,LateBlight
15.331392,45.20842,68.510315,1.634007352941176,1.983129565551712,1.630346200980392,1.8752941176470583,0.7494626144189801,0.7253441642787256,0.7494263918752946,0.7279668376454661,0.44646142570405123,0.44085246284231244,0.4469840282102524,0.44343329913670193,0.9412518197370872,0.9286952035457915,0.9413883450331589,0.9325725021667352,0.19932780464169406,0.1943508939941325,0.19979472147506372,0.19663309078325977,LateBlight
20.28804,48.107292,56.664993,2.1634497549019613,2.70803537101115,2.2056066176470606,2.2780469050365237,0.719047245988353,0.6905139340370211,0.7130705120580999,0.7041753849820327,0.43878936219063686,0.4327244615675974,0.4390241910709591,0.4355841815755175,0.8971983179278461,0.8713612260294339,0.8951951300140706,0.8917868045416534,0.1925361043716659,0.18725045963896708,0.19274224034551,0.1897335792388134,LateBlight
13.387199,50.53398,53.207275,1.7608149509803916,1.706605151864666,1.7885723039215666,2.346574394463668,0.797654805657327,0.7926513421944066,0.7950427601973438,0.7748075699963848,0.5714803385839738,0.5698739397671714,0.5710233145265532,0.5661200011124615,0.9415948597993324,0.9434868614251696,0.9406741656121176,0.9222946890875253,0.32658977738805334,0.3247563072257577,0.3260676257328909,0.3204918556595734,LateBlight
29.398619,41.437584,62.41591,0.7730698529411767,1.090319108035371,0.7072610294117647,0.9428373702422146,0.8235350002824987,0.7952298693219513,0.8236034350743479,0.7993330636550444,0.49818308597017863,0.4922683049800862,0.49856434580407866,0.49409785083330343,0.9675668214911736,0.9542631652203555,0.9703277483503241,0.9604497465842419,0.2481863871467704,0.24232808408796716,0.2485664069070489,0.24413268619808937,LateBlight
66.21313,56.073074,49.23677,2.0820465686274514,2.801168781237987,2.3035232843137243,2.5540023068050752,0.7708284063321125,0.7510672902418433,0.7629473403717878,0.7569584501450989,0.5055877198645182,0.4993743174768125,0.5039930450536357,0.5013994147534999,0.9076565088074999,0.8759983477568151,0.8978335137542228,0.8869398702434608,0.2556189424778026,0.2493747089554323,0.25400898946243605,0.25140137311515226,LateBlight
18.440636,45.6638,63.190598,1.8198223039215675,2.2213917723952337,1.9693014705882337,2.157139561707036,0.7755879155901632,0.7495643791948536,0.76388546099926,0.7508101224072559,0.5095069367738699,0.5046121147521826,0.509093211244656,0.5063666915721291,0.9416856390656748,0.928875619994149,0.9368957307002376,0.930932843175576,0.2595973186206923,0.2546333863546699,0.25917589773539595,0.2564072263337038,LateBlight
15.458748,58.15759,79.41469,1.935692401960783,2.937362552864281,2.377512254901961,2.5533256439830825,0.7360259914886375,0.6870876677354218,0.7085009017450863,0.7013941840429558,0.43494019303907683,0.42963787926326025,0.43425499777309234,0.43072829770623866,0.9464957892576421,0.9187845503489381,0.9342835067183413,0.9294028276899406,0.18917297152086943,0.18458870729783178,0.18857740309090845,0.18552686644491415,LateBlight
38.402756,40.303627,51.03586,2.3750919117647062,2.684905805459439,2.6220894607843164,2.7421760861207223,0.7398535372530314,0.7261228979736872,0.7306222709069018,0.7234539568506392,0.5270898270593157,0.5240253237294479,0.5266489851642137,0.5230700051013878,0.8942303569535375,0.8805781891030605,0.8832308489076612,0.8780308667302474,0.2778236857894194,0.2746025399097527,0.2773591535744961,0.2736022302367659,LateBlight
18.537512,51.77876,61.869003,2.6261335784313706,2.869419454056134,2.7896139705882366,3.4309265667051134,0.708796183683293,0.6967107240402532,0.7008952257419058,0.6800353730116306,0.4732123083191238,0.4711952629991654,0.47324844825475226,0.46853828533627334,0.9094938363348306,0.9011831474906088,0.9038597043736395,0.8818460075492257,0.22392988874471348,0.2220249758728527,0.22396409377553092,0.21952812482585507,LateBlight
26.876394,37.59782,56.908127,1.2231617647058823,1.7622452902729726,1.6932291666666675,1.8815224913494806,0.8094372676667668,0.75330831208544,0.7645806264626479,0.7498920268080463,0.5076327837025959,0.5028143696295233,0.5062167033250005,0.5018500862193671,0.9504024197281016,0.9286039932574102,0.9313418127219972,0.9237715695878448,0.2576910430896465,0.2528222903059349,0.2562553507252315,0.25185350903838616,LateBlight
17.19248,39.37555,43.131058,1.0080882352941172,1.368950403690888,0.8340379901960782,1.1916339869281045,0.8607749772006509,0.8394778095786526,0.861463293641969,0.8471596717602478,0.6563706792348873,0.6539666590190638,0.6572649152889914,0.6542416510706148,0.9601403067330029,0.9459915678601523,0.9670222334729083,0.9529871329560048,0.43082246855926737,0.4276723911085565,0.4319971688698451,0.42803213799560413,LateBlight
58.52808,51.623085,53.671677,2.6928308823529434,3.054855824682816,2.8787683823529404,2.963660130718953,0.74358352121258,0.7264101276525337,0.7334459370770889,0.726162483566744,0.5335621471662455,0.5285677096255031,0.5319673837081574,0.5291760788345138,0.886614918827012,0.8715704037812784,0.8787857830766894,0.8754043739667227,0.28468856488865424,0.2793838236587502,0.282989297329302,0.2800273224106715,LateBlight
5.540751,39.33809,61.124405,1.2580882352941172,1.64386005382545,1.22156862745098,1.385497885428681,0.8072902258423585,0.7896486519418063,0.812886856985502,0.793191844735542,0.554026726361006,0.5490415862370419,0.5541465199509849,0.5511650264054964,0.95868789168822,0.946075195670715,0.9598870937412987,0.9545504483812264,0.30694561352229305,0.30144666341768717,0.30707836557378726,0.30378288633257144,LateBlight
24.603645,43.139915,62.866043,1.5715686274509797,1.9329488658208382,1.6976715686274504,1.870603613994618,0.7745590044175464,0.7531398440360738,0.7706584830856896,0.7581657704018558,0.5215444463326228,0.5164687571645211,0.5215946556006943,0.5191850470835907,0.950904305264639,0.9396727779140668,0.9469648581434065,0.9416185696105929,0.27200860950040207,0.2667399771270651,0.27206098475120694,0.26955311311519026,LateBlight
59.342987,43.33703,50.799576,0.9515625000000004,1.2342945021145713,0.9283394607843137,1.1093271818531334,0.7978475752918875,0.7717942621848203,0.7995270373662562,0.7772666594435612,0.49683117496707635,0.49081713696380536,0.4963093646800152,0.4925689894741254,0.9390148427460482,0.9209164653903634,0.940503195532632,0.9289233530334975,0.24684121641916562,0.24090146193734685,0.2463229854690803,0.2426242093915611,LateBlight
14.733118,30.631985,51.061783,1.7367340686274508,2.338638985005766,1.9404411764705873,2.0180545943867756,0.7979926394206339,0.7752668293641524,0.790260897421573,0.783567947026257,0.6111730891896816,0.6081407964042239,0.6113080679017492,0.6090845498912446,0.9400019954493223,0.9193504894165685,0.9329646371086534,0.9304060539435772,0.3735325449496585,0.36983522825116366,0.37369755388176956,0.37098398891622003,LateBlight
9.10147,36.890087,48.201935,0.7633272058823526,1.0731564782775855,0.6950061274509802,0.8312802768166091,0.8474970844963279,0.8315318919879012,0.8545392271513589,0.8362534079962943,0.6081833163419335,0.603366308519962,0.608836873322521,0.6066886094788824,0.9667872217272185,0.9533785672540382,0.9697599086848065,0.9638864617573273,0.36988694627667223,0.364050902257006,0.3706823383171435,0.3680710688714198,LateBlight
16.585672,58.077652,67.98407,1.562990196078431,2.1448058439061906,1.8657781862745095,2.1689811610918888,0.7556046679041939,0.7272296162710609,0.7403438699740208,0.7265103183864287,0.4839518117302481,0.4793577246194475,0.48403804837175995,0.4811485245051589,0.9502822059589963,0.9318052202467566,0.9406533045955356,0.9310365583625942,0.23420935607698948,0.22978382815233406,0.2342928322715422,0.23150390263349147,LateBlight
25.135416,39.79437,51.145645,1.5314338235294112,1.6827989234909655,1.2814644607843135,1.813579392541329,0.788719004472271,0.7767337703820645,0.8011063613646887,0.7773489015246524,0.573821246564013,0.5721118863543141,0.5748062644281259,0.5695982795070686,0.9306252573660763,0.9238659972658982,0.9419489985166023,0.9179491640368918,0.32927082300827787,0.32731201050789155,0.3304022416258166,0.32444220001741275,LateBlight
29.247519,35.244076,60.010345,1.5526348039215685,1.7349019607843141,1.319944852941177,1.9743483275663207,0.7708147103605647,0.755416028484709,0.7802555867171761,0.7480899358084194,0.5193003002257036,0.5173058958457869,0.5196643812416947,0.5135630833099095,0.9446217704566927,0.938172978460764,0.9529211834836747,0.9296397840721706,0.26967280181450587,0.2676053898768121,0.27005106913131344,0.263747040538781,LateBlight
11.505185,51.577854,67.10242,1.5112438725490183,1.821791618608227,1.5051776960784315,1.8378162245290277,0.757808028581587,0.7299459867614118,0.753318645962004,0.7334408215116165,0.4402086888246249,0.435628045581859,0.4398723539244655,0.43428546458342165,0.9367421650438995,0.9237071098806748,0.9369960838170115,0.9230360323072396,0.19378368971669543,0.18977179409747022,0.19348768774705025,0.18860386474843838,LateBlight
27.948742,59.18228,61.078964,2.079993872549018,3.1521414840445994,2.6857843137254913,2.7508804306036128,0.740376099910102,0.7053849348837292,0.7200988515150788,0.7162051462508183,0.4779345481723638,0.47374797484630127,0.47705921119740646,0.473997034099818,0.9285632980766372,0.8918429353068761,0.9077576256439055,0.905611104640494,0.22842143233672155,0.2244371436709717,0.22758549098829164,0.22467318833542405,LateBlight
21.880924,40.71545,46.75049,1.2286764705882358,2.1086658977316417,1.942677696078432,2.104390618992696,0.8009701892849103,0.7499108721841686,0.7597536980869077,0.7518059639557731,0.5365318664539545,0.5306404036498595,0.5352795168811427,0.5332057043372428,0.9350005058018236,0.8885921742158807,0.8972283830138592,0.8888180513970115,0.287866443720564,0.2815792379856859,0.2865241611925096,0.2843083231377752,LateBlight
23.039623,41.49625,54.465363,1.5063725490196072,1.7615993848519798,1.6398284313725489,1.8652210688196842,0.7654623820876613,0.7455972357805107,0.7565436056093816,0.7426971286767486,0.5010970617898256,0.4971594622434485,0.5003991373278558,0.49660279039623284,0.9331834054785154,0.9219276564376181,0.9272638422313714,0.9173352458243955,0.2510982653343963,0.24716753089819488,0.25039929663846233,0.24661433142932476,LateBlight
18.35722,42.29497,51.42006,1.312530637254901,1.9017608612072279,1.3125306372549015,1.452672049211842,0.8087436226693843,0.7797530897400863,0.8065870009654267,0.7973712053664094,0.5884435530862283,0.5841258395688297,0.5888602346137455,0.586749640192138,0.9510895024423324,0.9292487593317899,0.9510895024423319,0.9459562178072562,0.3462658151687448,0.3412029964519902,0.34675637590935543,0.34427514026560346,LateBlight
25.129507,51.216515,53.717026,1.5200980392156858,1.8037677816224524,1.4451593137254901,1.6761860822760475,0.7565804919760377,0.7336937262282542,0.7602115045546739,0.7394977198371665,0.4486238180432139,0.44298104136041666,0.4487779796980632,0.44485081749252414,0.9150599625659636,0.8992372388512847,0.9192473886294038,0.9063642562141437,0.20126333011567066,0.1962322030047592,0.20140167506187526,0.19789224982376705,LateBlight
34.40431,45.597855,59.400772,2.049019607843137,2.7584467512495188,2.523897058823528,2.82805074971165,0.7526718925134485,0.7260227298776032,0.7350307344000115,0.7270166129562944,0.5144752739512155,0.5110282162703725,0.5139439726180274,0.5097216370247641,0.9317873707225082,0.9082779884655093,0.9159785227290704,0.9059635632380154,0.2646848075071782,0.2611498378244787,0.26413840699039964,0.2598161472512054,LateBlight
20.122738,34.93343,47.830307,1.714154411764705,2.3657362552864285,2.1145220588235296,2.1978931180315255,0.790761633894984,0.761979548850621,0.775991403398437,0.768482808554012,0.5757741127151418,0.5722603586898044,0.5755519190733734,0.5722069908573028,0.9301560188426127,0.9037723194824648,0.9138428616350213,0.9105994354607273,0.3315158288729088,0.32748191812778366,0.331260011549043,0.3274208403859693,LateBlight
22.070267,53.26632,56.107666,2.022150735294117,2.3072356785851587,2.1388480392156857,2.441953094963474,0.7385907293997466,0.7208776769666226,0.7316449515894765,0.71808164370818,0.4985874303260421,0.4943560223584742,0.4992151336175652,0.49612254308796466,0.9148169942422062,0.9028840621418978,0.90990112573727,0.8972135498666081,0.24858942567912587,0.24438787684209223,0.24921574963280346,0.24613757776006934,LateBlight
30.957754,38.359642,42.520737,1.1184129901960782,1.3502191464821225,1.003216911764706,1.24567474048443,0.8301367038306129,0.81902512120121,0.8357121657486642,0.8204189360304514,0.632155159308698,0.6286121890531117,0.6328064385261786,0.6307328103475008,0.9401421178661384,0.9278686497624702,0.9463074551301665,0.9334536166058466,0.39962014544060537,0.395153284226145,0.4004439886401862,0.3978238780488565,LateBlight
18.643433,47.848717,55.763657,1.2623161764705877,1.6406920415224915,1.2507046568627456,1.6293118031526332,0.8026774740831467,0.7831563831006,0.8050082428376425,0.7830120383656441,0.5449444761546562,0.5423580969837879,0.5451365660274992,0.5402307078142828,0.9583740722155792,0.9459784219472075,0.9587569717503184,0.9463531287293433,0.2969644820914727,0.29415230536387593,0.29717387562025394,0.291849217665521,LateBlight
27.236115,41.61908,43.77974,1.400888480392157,1.7048212226066897,1.2321691176470584,1.4345559400230683,0.7733246530248201,0.7542077927232912,0.7868409334436848,0.7651216100204056,0.511985530673016,0.5065361715352019,0.5126636317271231,0.5098704578251257,0.9130998512680158,0.8943765790747156,0.9235658790223524,0.9111210583933,0.2621291836185298,0.2565788930735395,0.2628239992956433,0.2599678837628034,LateBlight
51.730877,25.188923,85.50853,0.8210171568627449,1.4615301806997305,1.176164215686274,1.4864129181084194,0.8305128509787496,0.7701642698700607,0.7884402952268562,0.7740057447708197,0.4833522035409005,0.47451502133695667,0.47912835632339584,0.47506522287958347,0.9818312294893127,0.9676498855699447,0.9739719717924737,0.9670991207529511,0.23362935266784415,0.22516450547441244,0.229563981833159,0.22568696598962834,LateBlight
27.950565,39.85428,57.85913,1.4191482843137246,1.6842445213379478,1.4587316176470582,1.7646136101499417,0.777068379102947,0.7522183372936998,0.768764962941544,0.7510406385516185,0.4825440480503863,0.4788013887549322,0.481714927084481,0.4776310891483887,0.9380658305510667,0.9265360952582424,0.9363383430847336,0.9230305311849352,0.23284875830885354,0.22925076987365176,0.23204927097600683,0.228131457321076,LateBlight
21.973146,49.915276,51.328293,2.6858455882352947,3.002783544790466,2.5668198529411765,3.0069357939254133,0.7299400628098169,0.71570464670027,0.7345692397693334,0.7187060794119903,0.5009030848306657,0.4959725349815712,0.5017462014630303,0.4994125517571461,0.8861845267712727,0.8729222974378316,0.891228364901148,0.8727465743886451,0.25090390039287713,0.24598875545604587,0.2517492506825798,0.24941289685258416,LateBlight
33.62258,57.515285,62.714096,1.5582720588235284,2.323690888119954,2.111764705882353,2.3132641291810843,0.7603228249017785,0.7171009417691978,0.7272899272983654,0.7166039316224839,0.47582328176860494,0.4719172436935989,0.4753565898943845,0.47135345759015185,0.9410315975242541,0.912111115884521,0.920086232435842,0.912505486845291,0.22640779547304524,0.22270588489536358,0.22596388755601804,0.2221740819821911,LateBlight
18.591406,55.29568,60.294052,1.2224264705882348,1.8166551326412923,1.8955269607843126,2.3613379469434834,0.8005210155513438,0.7684914505721412,0.7665377696810852,0.7483234182126846,0.526649047098799,0.5230819728381314,0.5250217353558105,0.520486261345088,0.9596791635679661,0.9401461786159018,0.9374774398483728,0.9222003685981068,0.27735921881007297,0.2736147503082317,0.2756478225960267,0.2709059482489872,LateBlight
22.380928,44.156815,54.763504,2.922303921568629,3.128366013071896,3.0767463235294144,3.4786005382545175,0.7037424692887037,0.6940624171041457,0.6968454231295463,0.6843093566149959,0.46688333994649395,0.4647727734862945,0.46755738697988186,0.4629098311263836,0.8776168232065316,0.8691129133779775,0.8711489292807602,0.8544595203785473,0.21798005311959345,0.2160137309741424,0.21860991011945502,0.21428551175345698,LateBlight
28.076761,43.14451,59.513306,1.5624693627450974,2.102022299115725,1.6764705882352937,1.8525797770088428,0.7794512320571,0.7553982106359058,0.7693949634358854,0.7588156374942551,0.5515243446362228,0.5466834122216585,0.5515104922416089,0.5490745662848625,0.9504956873334076,0.9334808170131349,0.946883743031904,0.9413745071893584,0.3041791027264151,0.2988627531983158,0.3041638230525817,0.30148287934090984,LateBlight
47.913242,48.805656,61.495285,0.4935049019607842,0.81199538638985,0.5199142156862745,0.6400000000000002,0.8693541086668249,0.8360413997549657,0.865002409989012,0.8458667973395431,0.5069801221567989,0.497699840748359,0.5057016258884405,0.5003810272918662,0.9761467877060218,0.9607490437453491,0.9748703121039977,0.9690631099338345,0.2570288442621227,0.24770513148094192,0.2557341344262122,0.25038117247366337,LateBlight
43.06639,34.8501,45.650604,0.558670343137255,0.810888119953864,0.5340686274509805,0.7681045751633983,0.8759532090398224,0.8479011654127533,0.8676940567528905,0.8463084962985415,0.6059766698781932,0.6017353655666388,0.6061299469111402,0.6020531273734097,0.9709897061945465,0.9579546249659143,0.9722672091243952,0.9601729953449314,0.3672077244366648,0.36208545017361643,0.36739351254250163,0.3624679681801031,LateBlight
23.913748,47.336502,54.558563,1.6193014705882351,2.1062360630526715,1.6621629901960784,1.843906189926952,0.7916093865507345,0.7656464338709664,0.7865373805492447,0.7733290671658634,0.5458750233255919,0.5414483079225656,0.5462050970214782,0.5426213695416078,0.941450788863976,0.9239474745888653,0.9399010415150668,0.9334197506038708,0.2979795410907155,0.2931662701522094,0.2983400080122424,0.29443795068321005,LateBlight
42.075447,54.75282,47.057205,1.349172794117647,1.5533717800845828,1.5264093137254897,2.03601691657055,0.8229059536301269,0.8067904455250755,0.8116372954904275,0.7918540539397918,0.5126281959699843,0.5070534112907832,0.5098861775271164,0.5031824473859681,0.9441478425491976,0.9358275499016122,0.936810723062109,0.9158886522510508,0.2627876673034406,0.25710316190162014,0.2599839140332141,0.2531925753573325,LateBlight
23.115814,70.464554,48.01706,2.5431372549019606,2.6949634755863157,2.4436887254901953,2.827712418300651,0.7073680666498947,0.6978101347359927,0.7094835759762336,0.6910686496553854,0.4307756528528724,0.4267200622378651,0.43083180580342273,0.4256475026951438,0.8449664933401456,0.8358614119888643,0.851029026621491,0.8277762471194728,0.18556766309081843,0.18209001151628748,0.18561604489183814,0.18117579655061244,LateBlight
32.22652,64.06766,74.822266,2.539307598039215,2.8975624759707825,2.6906556372549026,3.2340176855055747,0.7180181362294,0.6876757051578762,0.6989446845203483,0.6791717522454043,0.419206147020041,0.41381645783503374,0.41778251153167134,0.4136001695341853,0.9212422264721042,0.9101089460164474,0.916548098590298,0.8996710991523489,0.1757337936993882,0.17124406077513424,0.1745422269417111,0.17106510023870686,LateBlight
45.030247,44.36632,41.67517,1.3263786764705876,1.6390926566705113,1.1989583333333322,1.6519184928873507,0.7901759809644365,0.7693601011100094,0.7928935660527471,0.7672972865506639,0.5445902875314416,0.541646593068849,0.5447632986418788,0.5407654315796067,0.9144713231099396,0.894466558218174,0.9226877499499784,0.8936407631454034,0.29657858127357817,0.2933810317830913,0.29676705154718086,0.2924272519914783,LateBlight
40.877487,46.075546,66.81903,1.9454350490196082,2.3009304113802385,1.862990196078431,2.2255747789311795,0.7184549104436514,0.6940343479428412,0.7161838160733903,0.6936752746135346,0.4126268882129879,0.40682877173786447,0.4125749286344638,0.40882111617363737,0.915783417307707,0.9003370004891276,0.9193523998747548,0.903600970717331,0.1702609488763336,0.16550964951373945,0.17021807173773293,0.16713470502945868,LateBlight
20.099329,38.149124,57.699997,2.06703431372549,2.6754632833525567,2.4414828431372553,2.641906958861974,0.7543950030899348,0.7292371850632684,0.7422177517180013,0.7299588814838871,0.5088958560851975,0.5060215022775184,0.5087974230632876,0.5040801344315985,0.9217169347423221,0.8987617407640417,0.9075357581314948,0.9000314961364746,0.258974992340686,0.25605776076719655,0.258874817715842,0.25409678192857843,LateBlight
19.835783,37.4197,51.579605,2.2059436274509796,2.8984544405997714,2.4557291666666683,2.3721645520953474,0.7803296457699046,0.7588893478371744,0.7730803376238614,0.7711455760800038,0.5819761291580864,0.576680251827725,0.5815208300198778,0.5803713261735758,0.9217571334926562,0.897365713661129,0.9128974616691748,0.916001641263579,0.33869621490982965,0.33256011284808834,0.33816647574700753,0.3368308762444751,LateBlight
21.858225,43.994686,38.00186,1.4664828431372536,1.6463821607074198,1.4021752450980387,1.7307189542483663,0.822254129437389,0.8087556423849143,0.8236527077221564,0.8077929900030009,0.6351961986142566,0.6316493319304796,0.6359463201236386,0.6339227677919675,0.9214268867450381,0.9119757233681028,0.9248724423528215,0.9074666334240604,0.4034742107340021,0.3989808785282211,0.40442772207879746,0.4018580755250288,LateBlight
24.781479,43.833866,58.352554,1.5873774509803922,1.884352172241445,1.812806372549018,2.0824913494809705,0.7564187964324278,0.7309273614059053,0.7368941277549249,0.7242448974094401,0.47054504196304453,0.4668513995259182,0.4688801432097062,0.4640854575014692,0.9272144753018373,0.9136170958769011,0.9168779530535347,0.9045339543056783,0.22141263651600335,0.2179502292393085,0.21984858869635462,0.21537531186434797,LateBlight
42.66579,31.570942,62.696136,1.7826286764705888,2.066159169550173,1.746752450980393,2.0599154171472516,0.7516283263671821,0.727278078727054,0.7472293140891739,0.7284404487682272,0.46591045401419146,0.46236179575657543,0.46589090757624685,0.46078465523901724,0.9315580328246794,0.9206935383508116,0.9329354590266613,0.920933195545565,0.21707255115971,0.2137784301752452,0.21705433776221897,0.21232249850374,LateBlight
39.900646,54.24397,57.54265,0.46528799019607825,0.593094963475586,0.5032169117647058,0.7672126105344098,0.8683673184679889,0.8427213679727418,0.8602016463412443,0.8316388548500901,0.5041073397991817,0.4982554093897,0.5031697146555362,0.49490247498440504,0.9736548831657382,0.9664159989870473,0.9715073059852004,0.9565565876021836,0.2541242100394076,0.2482584529860975,0.25317976174653367,0.24492845974568964,LateBlight
13.853314,46.275864,72.84854,2.1792279411764706,3.2074432910419066,2.8273897058823527,3.0399384851980025,0.737656008268449,0.7043201943656089,0.7160345428003914,0.7051461972004589,0.49775012273184843,0.4926502242325419,0.49653178832023825,0.4933060843941614,0.9421308487527624,0.9148679431388571,0.9249189864754301,0.9193138607628543,0.24775518467957017,0.2427042434363738,0.24654381681249388,0.2433508929002995,LateBlight
12.750337,36.99868,51.385345,1.8545955882352945,2.507527873894656,2.0543504901960783,2.0532410611303367,0.7825628781632049,0.7539286016458016,0.7739509677349388,0.7664279443620884,0.5642421942138737,0.5598793412352535,0.5641911976494098,0.5617459407309793,0.927359694743238,0.9019301368661679,0.9195357480310751,0.9196973752746098,0.31836925373128677,0.31346487674202145,0.3183117075050754,0.3155585019277328,LateBlight
36.4277,47.59466,55.87738,2.507689950980394,3.508712033833143,2.935998774509802,2.8339561707035745,0.747389679688798,0.7283348929949142,0.7395229645057955,0.7396813206907188,0.5639712352488754,0.5590034860917824,0.5633948742938263,0.5617579442102149,0.9193665059958139,0.8873580122149837,0.905594453776801,0.9090200468760253,0.3180635541881423,0.3124848974627656,0.31741378438055634,0.31557198788328683,LateBlight
17.254673,49.255074,64.927765,2.030851715686273,2.955294117647061,2.6146752450980375,2.7064052287581686,0.7563780111556111,0.7139585791179307,0.7286629522564431,0.7214136865424711,0.49041886883404134,0.4869614294369957,0.489922286341192,0.48516631839291274,0.9361341288614956,0.9071285208060019,0.9177741481652002,0.9149499688060609,0.24051066690846062,0.23713143375932216,0.24002384665378093,0.2353863565029332,LateBlight
30.382488,40.01036,55.00099,1.2844975490196076,1.6428450595924649,1.4397977941176465,1.776424452133794,0.8003723953030801,0.7712247940357113,0.7835209378190586,0.7613228774711047,0.5296631702994832,0.526468058172712,0.5300945600031511,0.525689363363748,0.951393913242524,0.9379073182589961,0.9455172673957066,0.9328585751290243,0.2805430739716993,0.27716861627614614,0.28100024254493444,0.2763493067537827,LateBlight
21.111824,39.982334,68.434784,1.1731004901960778,1.780515186466744,1.4351715686274504,1.6413687043444836,0.7747150491378333,0.7318761148480165,0.7503500361253442,0.7339096143338452,0.4382084546406629,0.43090829803962327,0.4364890114465083,0.4334258005426962,0.9530031507463084,0.9286308142061397,0.9425040374395417,0.9342082848228609,0.19202664971855787,0.1856819613194048,0.19052265711355004,0.18785792457607708,LateBlight
29.729866,48.771557,43.57988,1.5550857843137265,1.8717723952326033,1.58658088235294,1.8460899653979246,0.7907113055147452,0.7719053255612683,0.7852255282647576,0.7731388311259632,0.5611503449494781,0.5583035042504513,0.5610410532821344,0.5566576169927672,0.913050455918605,0.8955181690573119,0.9112894698412233,0.8969517553731575,0.3148897096369183,0.3117028028583336,0.31476706346792677,0.3098677025560662,LateBlight
14.938417,35.482887,58.250885,1.419944852941176,2.0342022299115725,1.654074754901961,1.7965705497885431,0.7938413235028963,0.7625929259829439,0.7784612898193013,0.7690800976077738,0.55648782198095,0.5513588867581983,0.5559120872869919,0.5536652267648977,0.9516801414601324,0.9308560074066365,0.9437128434912946,0.938933278628136,0.30967869601310155,0.3039966220072398,0.30903824879178016,0.3065451833286256,LateBlight
45.947247,47.51176,54.732483,1.693412990196078,2.4356170703575564,2.2455575980392157,2.2738946559015782,0.777722725296841,0.7310591298871706,0.7440152390710315,0.7386092937331055,0.49442274906569494,0.48834900956818317,0.4923050298532214,0.48961528503454,0.9280025286921258,0.8965685475735571,0.9045274427023942,0.9034362873429443,0.24445385479367915,0.23848475514622547,0.2423642424187812,0.23972312733945386,LateBlight
10.64153,32.73138,53.81534,1.6298406862745094,1.9698269896193767,1.4586703431372545,1.693440984236832,0.7894586131171262,0.7782439153208885,0.8034276693310478,0.7821256151611788,0.578896322661154,0.5744628569326434,0.5794414960284517,0.5773528499012883,0.9425189737586138,0.9306287334049809,0.9485557889323151,0.9403622010463351,0.33512095239060685,0.33000757399521474,0.33575244731969023,0.3333363132891396,LateBlight
65.826805,47.619408,62.712967,1.2901960784313715,1.44399846212995,1.2372855392156867,1.7675970780469048,0.7808590643530898,0.7683414166850069,0.7888176771107079,0.7451330518638085,0.43209931212853014,0.4290205819311371,0.43252456052023347,0.4254537038323963,0.9431487590206012,0.9363712396171485,0.9454802107011536,0.9221120978435291,0.18670981554194893,0.18405865972053154,0.18707749545322108,0.18101085410470438,LateBlight
27.460508,46.68792,53.7545,1.4335477941176467,1.8273587081891582,1.6050551470588228,1.7414840445982314,0.7847660920023974,0.765119553790629,0.774785058236318,0.7654360459021391,0.553661776903468,0.5494712566903678,0.5536814602238137,0.5515951934672821,0.9455660873695749,0.9307048608797343,0.9390537015922866,0.9339613078672756,0.3065413632039055,0.301918661928892,0.3065631593955746,0.30425725745620846,LateBlight
14.136037,37.37424,50.06598,0.9651960784313726,1.7754709727028064,1.5861519607843135,1.7946328335255668,0.8179046292255586,0.7670712751376736,0.7763681931520081,0.7651710786885103,0.5492453376622211,0.5438406309359041,0.5479912371144543,0.5458077863228356,0.9571100085709312,0.9212081870552667,0.929516866548192,0.9203578224045165,0.30167044094368717,0.2957626318567622,0.3002943959542301,0.2979061396106341,LateBlight
24.991661,26.468765,41.90335,0.5906250000000003,0.8527797001153407,0.5642769607843136,0.6581161091887736,0.8693474181527814,0.8460877608855636,0.8693925414301719,0.8565221946178597,0.6365183090469403,0.6317759343340681,0.6368484192140317,0.6348609083806883,0.9693204895433748,0.9557830598489987,0.9706891159046515,0.9658764384184169,0.40515555775197626,0.3991408312036847,0.40557590905541097,0.40304837298995266,LateBlight
13.682121,63.821026,74.22273,0.8785079656862742,1.0651287966166858,0.8381280637254904,1.300392156862745,0.7908524886802899,0.7608434005095919,0.7938874870137305,0.7566967782720018,0.40731408224655213,0.40285634908537554,0.4077216691018487,0.4000893889818284,0.9608090193596099,0.9524719029175447,0.9626259341450917,0.9419596159435388,0.16590476159635104,0.16229323799839795,0.1662369594551974,0.16007151917585277,LateBlight
25.803104,53.998924,53.385498,1.9703737745098033,2.6000768935024983,1.9546262254901956,2.0225759323337176,0.7682912071410768,0.7505762261354307,0.7703568619785955,0.7643118908569737,0.5420689786744038,0.5378056266259722,0.5424062576665207,0.5401582689470659,0.9313990125370964,0.9096214357867581,0.9319472828332414,0.9296953450748381,0.2938387776411113,0.2892348920305546,0.29420454835580007,0.2917709555118907,LateBlight
25.444252,39.209675,45.493973,2.7533394607843147,3.018562091503269,2.8677696078431376,2.8099038831218754,0.7317810749086016,0.72337398229106,0.7300911241899666,0.7299234600485656,0.5472778782533115,0.5434527021294283,0.5474417907159572,0.5455465764763145,0.8616117352092311,0.8485079216624332,0.8558602506150612,0.8589798167872241,0.29951307602544647,0.2953408394517771,0.29969251422229387,0.29762106710502734,LateBlight
13.918561,35.276516,39.08722,1.2885416666666667,1.7983237216455208,1.4940257352941173,1.6065205690119186,0.8250984447010606,0.8006790861662991,0.8153160808893467,0.8089797078127584,0.6210637960621314,0.6186750625602531,0.6218544695457313,0.618618527520764,0.934141497302564,0.9082796928249236,0.9236390250596686,0.9180622719373224,0.38572023877910466,0.3827588330339331,0.38670298129400293,0.38268888259195816,LateBlight
33.33749,41.91928,65.22752,2.143045343137254,2.5588004613610136,2.4467218137254902,2.6762937331795467,0.7271460670525438,0.7064977968155097,0.7151745256256927,0.705469840756773,0.4808621711824521,0.4782054468281943,0.48031626797633603,0.4762905492798598,0.9279607833096227,0.9140248297341705,0.917752592830345,0.910077079918495,0.2312284276743019,0.22868044937615298,0.23070371728271546,0.22685268733331057,LateBlight
22.927149,41.704422,57.44458,1.7775735294117643,2.6170857362552846,2.4107536764705886,2.525090349865437,0.7686691156459257,0.7251196053528374,0.7354048283911763,0.7270436772241133,0.4913419927067777,0.4865782116614204,0.490610901284209,0.4875610161198471,0.9340323018458649,0.902974783575666,0.9105342939563179,0.9063853987308595,0.24141695379706718,0.23675835606362605,0.24069905645890385,0.23771574443981777,LateBlight
48.306572,35.959686,47.310776,1.393964460784314,1.8249903883121872,1.6871017156862742,1.8911495578623603,0.7981485777925068,0.7696154325942637,0.7809397552827607,0.7687804849704263,0.5640366372107302,0.5607123140955605,0.563945659131309,0.5601709140404162,0.9356602496364607,0.9159043453735088,0.9221302219110519,0.912855727304889,0.3181373281159889,0.3143982991783985,0.31803470645304655,0.3137914529368753,LateBlight
18.568579,78.640015,77.05272,1.3033700980392153,1.8680507497116503,1.2283394607843134,1.433171856978086,0.764964514094309,0.7321450673302508,0.7700679898592108,0.7457629534365484,0.41078274678503535,0.4046883991932168,0.41277427596857114,0.4087227153559158,0.9531342520616969,0.932775031822627,0.9558463360014788,0.9484263007131264,0.16874246505625845,0.1637727004415684,0.17038260290137813,0.16705425804791296,LateBlight
53.374958,52.20922,59.350296,1.9037990196078425,2.5541560938100734,2.364644607843138,2.443829296424452,0.7655318906810914,0.7336220936148228,0.7421614213598317,0.7352030033999323,0.470893196573848,0.46615334035103884,0.4695732800116568,0.46541427741637265,0.9302539657221256,0.9065346240015507,0.9133740134988594,0.9105718619553431,0.22174040257953662,0.21729893672043143,0.22049906530090585,0.2166104496230043,LateBlight
27.466652,57.13608,60.853714,1.9712009803921564,2.355617070357558,1.928584558823529,2.1245367166474436,0.7420352884769503,0.7184438234140842,0.7397098530404307,0.7227971738940243,0.43627609760258507,0.4303623823108068,0.4355599862843333,0.43194924611344737,0.9149159414159489,0.8983559529639159,0.9167554180322138,0.9083269888496673,0.19033683333934034,0.18521178010823305,0.18971250165200862,0.18658015121797553,LateBlight
21.381199,42.616116,48.22609,1.7115808823529406,1.9941868512110736,1.7312193627450976,1.9232910419069584,0.7792637015530685,0.7650988625727435,0.7764458397343326,0.7643922921200373,0.5709705584056729,0.5671657594980237,0.5717284284184823,0.5691408162659177,0.9219822424952278,0.9092322265163166,0.9210870758006269,0.9124591331404123,0.32600737856608597,0.32167699874697003,0.32687339586186753,0.3239212687398352,LateBlight
18.758099,53.13595,78.9162,1.1655024509803917,1.3944482891195686,1.0558517156862743,1.5116647443291034,0.7782511293099583,0.7632927630311556,0.7905241336274103,0.7516780529126947,0.43314746251187364,0.42883653595138854,0.43434641087868553,0.42759439902402885,0.963942313336101,0.9568242496753916,0.9673346286867677,0.9531949229778365,0.187616724280475,0.18390077456678655,0.18865680464319592,0.18283697007672042,LateBlight
24.245033,46.110977,56.79016,1.428431372549018,2.1222299115724708,1.8218749999999997,1.9317185697808532,0.7938531682679006,0.7582489845534319,0.7716621997261424,0.7644767890869881,0.5438590251060045,0.5387452726238459,0.5434573370091831,0.5415625325222234,0.9524032606520229,0.929381560288367,0.9392933317161377,0.9357209364470617,0.29578263918925357,0.290246468774542,0.2953458771491128,0.2932899766318843,LateBlight
21.941236,43.60358,55.491226,2.4963235294117645,2.7403921568627436,2.591758578431374,2.7774548250672844,0.7209728485382821,0.7072468300044622,0.7150081235451268,0.7069211320325601,0.490042631658721,0.4872099712799325,0.48967621838532654,0.48543678785210137,0.8925301772083964,0.8821222878922413,0.8884215800312254,0.8805280406887463,0.24014178084300486,0.23737355611459265,0.23978279885215403,0.23564887500016607,LateBlight
9.743344,53.758965,45.86197,1.2652573529411768,1.4817377931564784,1.2442095588235285,1.5491887735486354,0.7825393512422163,0.764599682012499,0.7810017504843517,0.7596978876160584,0.49284355248338674,0.4900098886662428,0.4929163996512865,0.4879932411994096,0.9143770478876345,0.8998063440839464,0.9158014018055285,0.8952453749625379,0.24289476722444478,0.24010969099070367,0.2429665770451868,0.23813740345630519,LateBlight
21.790537,28.665804,54.734924,1.1488970588235292,1.292241445597847,1.108149509803921,1.4632833525567093,0.8031051477913613,0.7841294280978981,0.8057701479373046,0.7825166375320913,0.534438343890433,0.5321573046711737,0.534597822798488,0.5285710860268406,0.95473919337443,0.9491463364820512,0.9563444433160834,0.9424153129464844,0.28562434342034876,0.2831913969148884,0.2857948321408835,0.2793873929835937,LateBlight
41.314457,46.303806,58.585464,2.3941789215686287,2.4621914648212235,2.3700367647058838,2.88728950403691,0.7307753079785267,0.7231363145511337,0.7302690835562881,0.7119841472135234,0.4925160747671361,0.4901266298136746,0.4930639544471598,0.48715983292314635,0.9149175468053375,0.912601171336554,0.9157754918456126,0.8975117393303887,0.24257208390402718,0.2402241132525108,0.24311206317507084,0.23732470281370788,LateBlight
18.515285,42.673893,37.428955,1.5941482843137251,2.12487504805844,1.4453431372549008,1.5464821222606706,0.8314022909140435,0.8150208625023726,0.8336634992975334,0.8260860190386596,0.6323036602558754,0.6275989853785794,0.6318393767771392,0.6307500829979381,0.9179511943101339,0.8908881546865656,0.9256100079329447,0.9205884984821666,0.3998079187729775,0.39388048644822227,0.3992209980461236,0.39784566720190584,LateBlight
31.308065,65.41367,52.37448,2.1617953431372547,2.5566782006920437,2.0847732843137243,2.4482583621683953,0.7518864130518397,0.7352284832629551,0.7546476035357068,0.7370770653359977,0.491246721804316,0.4860831491040979,0.4914582288230245,0.48821397170566067,0.9072056918716415,0.8904025243618959,0.9105118367765416,0.8950501724734439,0.24132334168348704,0.23627682784295664,0.24153119067786427,0.23835288216861564,LateBlight
24.35328,61.06414,66.620895,1.5939338235294112,1.7736255286428293,1.4672181372549018,1.9943406382160698,0.7489982735577945,0.7318626971973751,0.7560767267957198,0.7236041731132723,0.43333949312366116,0.4301404091261135,0.4337944354850062,0.42731996443763787,0.9407099368856697,0.9340269451787863,0.945423420548471,0.9258170667187661,0.1877831163006716,0.1850207715631803,0.18817761225775517,0.1826023520069841,LateBlight
23.255314,53.410294,68.204285,0.9637254901960786,1.2767243367935415,0.8714920343137249,1.084490580545944,0.7937173248075062,0.7692946990351205,0.8040331569499556,0.7759833375532134,0.4792500592480983,0.4754619771286997,0.48237724808500815,0.47787661911060486,0.9648470280445923,0.9534214929172056,0.9682096414498803,0.9604367266835369,0.22968061928930575,0.22606409169513214,0.2326878094700655,0.2283660630925821,LateBlight
22.931484,38.910862,66.06705,2.748988970588236,3.2765859284890424,2.9424632352941176,2.9683660130718974,0.7227201393992597,0.7056779818828927,0.7189286900921258,0.7134169432045255,0.5060134979787851,0.501089121168845,0.5057599407944323,0.5035783295975071,0.9220173883578572,0.9071351833020566,0.916528960208915,0.9158707350539593,0.256049660136726,0.2510903073537654,0.25579311771238766,0.2535911340402155,LateBlight
31.417143,40.26384,48.083496,1.4630821078431375,1.8164090734332947,1.3923406862745094,1.6310034602076136,0.8008273931387524,0.7841589588754887,0.8014839472599025,0.7901724676219137,0.5884000464204919,0.5841904626976526,0.5887050604876467,0.5867043440389701,0.9407771176822016,0.9266122392586077,0.9436406007786687,0.9341031194697481,0.3462146146276371,0.3412784967068974,0.3465736482437638,0.3442219873141982,LateBlight
41.360065,28.2081,90.77658,1.1614276960784315,1.7494502114571313,1.1182598039215688,1.329950019223375,0.78634637063259,0.7534495297987657,0.7881990250764764,0.7601006492953031,0.4378282672405692,0.4303222536047034,0.4377171857909969,0.4326841545523996,0.9728415872571143,0.959050053998054,0.973851009915447,0.9688694304554564,0.1916935915948793,0.18517724194743065,0.19159633473679008,0.18721557760072483,LateBlight
17.73489,47.74314,54.727844,2.3446691176470598,2.2757708573625517,2.1253676470588228,2.8210688196847364,0.7580479837792036,0.7577102685240005,0.7691413555475737,0.7449986073410704,0.5561698114650044,0.554595588230661,0.5566532178021564,0.5515831943626582,0.9204844938493365,0.9229357333821163,0.9279217340561372,0.9044703472828816,0.30932485918501856,0.30757626648491293,0.30986280488949497,0.30424402030331404,LateBlight
14.543731,40.488678,56.334946,1.9319546568627444,2.2395386389850063,1.8018688725490186,2.1592618223760094,0.7695192254679292,0.756512993932178,0.7743112802756081,0.7555944107236744,0.5579558925119293,0.554032414711084,0.5585878340336361,0.5558505294825982,0.9314866222520897,0.920676871295491,0.9360998860513519,0.923520228469605,0.3113147779887836,0.30695191655059456,0.31202036833038893,0.30896981112608474,LateBlight
46.112076,34.745956,63.392838,1.2398897058823533,1.8880738177623992,1.454564950980392,1.5753018069973084,0.7938617231766445,0.756144326692624,0.7758169815029134,0.7597260674924445,0.4944306627292955,0.48798529244027755,0.4936569640313849,0.4907597461837915,0.9542947271426933,0.9304279612236209,0.9463812888696224,0.9419530331018501,0.24446168024693032,0.2381296456380232,0.24369719813668406,0.24084512847437942,LateBlight
8.84159,33.409836,45.166794,0.6253676470588232,0.8222068435217227,0.6173406862745097,0.8831064975009609,0.8683994671274131,0.85092091210792,0.8632362450076453,0.8467914394011968,0.6426038097777357,0.6400751092145622,0.6429313289855688,0.6392999451961529,0.9731632531003802,0.9647812131653584,0.9735077184975826,0.9621726093223016,0.4129396563408603,0.4096961454360337,0.41336069379114976,0.4087044199278041,LateBlight
65.74986,37.59028,60.09941,0.7186274509803916,0.8347558631295655,0.7033394607843138,1.0220376778162243,0.8453188595600086,0.8291288119973591,0.8497004527358013,0.8210835337291555,0.522631141960441,0.5189453610462198,0.5231219433709939,0.5159673908274971,0.9693854147749229,0.9644511259189998,0.9700367056185147,0.9564755513324407,0.27314331054687463,0.2693042877513914,0.2736565676362454,0.26622234839733516,LateBlight
19.570364,73.29877,61.708588,1.5657781862745095,1.971180315263361,1.7003370098039212,1.874109957708573,0.7614918825199182,0.727822802929594,0.7476455427925182,0.7323446707299546,0.38860144723303164,0.3829007729421249,0.3865283950694141,0.38273003201679145,0.9181932612689112,0.8969629294034522,0.9111256622805841,0.9020369798851151,0.15101108479160666,0.1466130019196767,0.14940420019493708,0.14648227740757422,LateBlight
22.640038,40.783794,54.96849,0.6947303921568623,1.1838523644752021,0.7579963235294116,0.8771088043060361,0.8494980746516263,0.8182080126840899,0.8423141536315244,0.8188770805389134,0.5342218519407949,0.527549880579091,0.5334237247588306,0.5301641444518622,0.9690907326103996,0.947370939833753,0.9662759664629514,0.9610074588526661,0.28539298709105254,0.27830887649901326,0.2845408701355847,0.28107402006237503,LateBlight
17.48522,43.581345,56.346085,1.2779105392156855,1.435232602845059,1.3798100490196077,1.795586312956556,0.7998402450897155,0.7846120694549602,0.7918900553030008,0.7737108861749652,0.565504253974491,0.5634921586756898,0.565303370051544,0.56044695458613,0.9553733390920373,0.9499441695027291,0.9518148467475747,0.937376308239929,0.31979506126324564,0.3175234128889887,0.31956790019163284,0.3141007889048677,LateBlight
20.10648,51.16642,58.793167,2.083639705882352,2.6568550557477906,2.3723958333333326,2.447304882737409,0.7630940945773869,0.732112425337555,0.7453646140506593,0.7394023002221431,0.48955758863895055,0.48491058765521,0.4887011201797022,0.4856865403686492,0.9266095970012581,0.9065189943977856,0.916438966972393,0.9138919825684232,0.23966663259398394,0.2351382780201211,0.23882878486489573,0.23589141549526751,LateBlight
34.051895,47.58719,61.65744,3.4673713235294126,3.717862360630525,3.4861519607843126,3.9852979623221825,0.7079233553209804,0.6951936385901794,0.7027411803367919,0.6858077004709358,0.4637301401089322,0.46075653004961203,0.4642537669498381,0.4592414953636739,0.8831635957974058,0.8748326418705673,0.8825307642022984,0.8658290251450067,0.21504564284544989,0.21229657998335902,0.2155315601271146,0.21090275106386336,LateBlight
36.696606,62.836987,70.58687,2.2016850490196087,2.9777162629757794,2.6727941176470598,2.8835986159169558,0.7244888855924142,0.692175972122491,0.7040497261249965,0.6969451972557885,0.46498065878094014,0.46116522950733796,0.4648173829891443,0.46128021053241663,0.9345900550558454,0.911578927663503,0.9205938577998694,0.9143736812745846,0.21620701304035708,0.2126733689065557,0.2160551995288769,0.21277943262883062,LateBlight
34.204468,50.228855,56.52722,1.6793811274509798,2.352572087658593,2.21685049019608,2.2899500192233755,0.7713147451052329,0.7358712320575274,0.7451285321182114,0.7371354545791365,0.5091241705790128,0.5040945075627654,0.5071368525598041,0.5040183457088424,0.9340544612809283,0.9077220154472146,0.9129492421666586,0.9101783220122915,0.2592074210677678,0.2541112725549469,0.25718778722426455,0.25403449281107815,LateBlight
12.852462,57.81986,47.949265,1.3378982843137244,2.0441676278354484,1.6620098039215683,1.8021376393694744,0.8142018079594702,0.7821449907846116,0.7978215531901754,0.7898950774187187,0.5667190176620552,0.5635877878196411,0.5670264230214193,0.563413314035149,0.937819596252997,0.9051354754026213,0.9227561303792757,0.9163674602366854,0.32117044497984487,0.3176311945794368,0.32151896440446553,0.3174345624320695,LateBlight
49.845165,40.466072,60.56285,0.5813725490196081,0.6654671280276813,0.5602941176470588,0.954648212226067,0.8579356982581462,0.8381110267511248,0.8627068827378086,0.8280167866800671,0.5270528260859492,0.5229332734110254,0.5277470030286139,0.5198002463776746,0.9753858724962613,0.9718364514287942,0.9762782902725351,0.9595978822077513,0.2777846814851858,0.27345920844037025,0.27851689920568384,0.2701922961342913,LateBlight
15.455737,37.76173,45.112564,2.0158700980392155,2.1015916955017317,2.0423406862745095,2.393233371780086,0.7782553090042889,0.7730008504635899,0.7801109321656884,0.7655339622831049,0.5879921827395039,0.585948597054915,0.5883224837566897,0.583997561213072,0.9100251793555406,0.9063688936134947,0.9088437111492609,0.893375535828154,0.3457348069627662,0.3433357583906231,0.34612334489364044,0.3410531515028158,LateBlight
43.567844,52.00185,33.577362,1.415502450980391,1.6948250672818148,1.3084865196078423,1.53919261822376,0.8289775722302044,0.8138991379680433,0.8379228636801948,0.82339339916562,0.6388103703848289,0.6343943333264092,0.6398919201338252,0.638159997351422,0.901514569230963,0.882359590145896,0.9089603423506606,0.8931622773654996,0.4080786893112022,0.4024561701566591,0.4094616694525538,0.407248182219567,LateBlight
16.9096,45.495228,56.34955,1.1342830882352943,1.834863514033065,1.5479473039215683,1.7412072279892352,0.7962506464257274,0.7527127810412183,0.7677285648197265,0.7523944120824483,0.5024446460063708,0.4960764392171927,0.5014700458874564,0.4990163244925159,0.9510878086212082,0.9209352727029313,0.9332499130428794,0.9249709454704581,0.2524506223004673,0.24609183354640907,0.25147220692236755,0.2490172921100199,LateBlight
25.243816,56.061592,60.39795,1.6340992647058805,2.1244444444444426,1.7530330882352934,1.9430680507497111,0.777899327154207,0.7514247849885155,0.7688508346670581,0.7592657011069341,0.538019872047385,0.534970722571894,0.5384986110446166,0.534534196446768,0.949346321059768,0.9342280591612795,0.9456596198646142,0.9398433989583859,0.2894653827178845,0.28619367400909446,0.28998075409698126,0.28572680717099197,LateBlight
28.94592,36.839245,45.560135,0.8965379901960786,1.2622529796232225,0.8958333333333334,1.1455901576316796,0.8340168748816024,0.8163379304672858,0.8341489590302306,0.8149949893402774,0.6210830295129881,0.6165697605232474,0.6214262780876125,0.6193015650687917,0.9611514025969617,0.9454055456105385,0.961181936641327,0.9504513987136652,0.38574412954903126,0.38015826959169463,0.3861706190978227,0.3835344284966549,LateBlight
20.051647,37.223454,61.12996,1.1370098039215693,1.3041753171856967,1.0741115196078428,1.4367397154940402,0.80189171043066,0.7786322045691724,0.7998383030404784,0.773870391289742,0.4847264747062738,0.48099978762521395,0.4846187862988588,0.4794546561436473,0.9577916770856997,0.9516138100888727,0.9601266007476702,0.946695540230919,0.23495975528117188,0.23136079569550094,0.23485536803377896,0.22987676729782305,LateBlight
46.263157,30.488688,82.436966,1.3440257352941185,1.7826066897347181,1.2431678921568625,1.5801922337562477,0.7672785207833976,0.7468652493623642,0.7782245075306438,0.7484761822606506,0.4510625459033985,0.4448250636763621,0.4516501747550456,0.4474630030413324,0.9645206131974551,0.9529148706334417,0.9671830431902513,0.9582613729776164,0.20345742031685546,0.19786933727467962,0.20398788035626322,0.20022313909076744,LateBlight
55.27762,62.697987,46.16017,1.7285539215686265,1.969580930411381,1.6722732843137247,2.0534871203383305,0.7827040048669421,0.7711791631187869,0.7886070321941977,0.7641014092545382,0.5316104321941179,0.5297516301006329,0.5313334234301792,0.5254862361718996,0.9101780940998793,0.8978260981058227,0.9130808557723259,0.8934733765024995,0.28260965161761675,0.2806367895942778,0.28231520685403405,0.2761357844061095,LateBlight
15.275839,35.16071,45.468704,0.791452205882353,1.0973933102652826,0.7829044117647057,0.8561630142252981,0.8530914665344971,0.8340545369095931,0.8560758639026522,0.8407684550966186,0.6288266632860844,0.6247835925047285,0.6295612724564739,0.6271699838563853,0.9655739172565676,0.9523531458642509,0.9659457237476988,0.962826933722282,0.3954229724595106,0.39035453746311455,0.3963473957770145,0.3933421886504186,LateBlight
20.27694,44.10721,75.81058,2.1223345588235296,2.3837600922722024,2.0811887254901946,2.5082968089196465,0.7348232683009044,0.7108269531250977,0.7336186809797419,0.7104830869653028,0.4257939084157048,0.4220627106819808,0.4254999140526473,0.4193812170717374,0.9312091716823887,0.9226923185859086,0.9325428237897107,0.9186534705297855,0.18130045244392162,0.17813693174822146,0.18105017685881025,0.17588060523257174,LateBlight
9.242234,41.498695,60.65918,1.7081188725490202,2.015624759707806,1.7523590686274506,2.004921184159939,0.774022548176968,0.7568537985107983,0.7717808041432993,0.756902358156277,0.5467502251997224,0.5428801932541648,0.5470075552847916,0.544070318577761,0.9445020961118212,0.9345787062137304,0.9430647030887636,0.934926113020036,0.2989358087559471,0.2947189042276794,0.29921726553864436,0.2960125115573063,LateBlight
19.489183,64.89537,69.294556,2.1590379901960763,2.745467128027682,2.4383578431372572,2.491657054978855,0.7347336807885114,0.7089282789529755,0.7240241100832138,0.7122837568075091,0.440135105154394,0.4350501182417501,0.4394789993691026,0.4355359147170365,0.9225371341161949,0.9014901428411304,0.9125155798844864,0.9105970790656726,0.1937189107892695,0.18926860538216073,0.1931417908864677,0.18969153300840572,LateBlight
68.58331,41.10581,65.109634,2.140196078431373,2.7650595924644397,2.5087928921568614,2.767612456747405,0.7282661489231661,0.6935701192217745,0.7017615343299152,0.6899546850259229,0.4513768376700839,0.4465353828483029,0.45007264810806613,0.4463425812900082,0.9226718899097698,0.9001272841728776,0.909354000358471,0.900035075856727,0.2037410495850453,0.19939384813548044,0.2025653885750071,0.19922169987262758,LateBlight
14.114396,41.964077,52.43506,2.210661764705883,2.4470895809304123,2.4113357843137266,2.5187850826605147,0.7475944014291072,0.7390555913334858,0.7416287220859904,0.73590777010515,0.5499713250380609,0.5470290797044818,0.5499199050182242,0.5472991606628754,0.9104964918670273,0.9010495087510643,0.9023717624159645,0.8981504301183003,0.3024684583641204,0.29924081404233227,0.3024119019352527,0.29953637126228794,LateBlight
38.957066,31.041504,57.712463,1.2246936274509805,1.7128796616685884,1.453431372549019,1.7081122645136482,0.7826252832596405,0.748484912406679,0.764509621073198,0.7481776943457299,0.5056774647002171,0.5013143578244615,0.5055492681663704,0.5020097442877712,0.9505050710159763,0.9308233297172045,0.9412608337668967,0.9310158666878249,0.25570969830563933,0.25131608536095223,0.25558006254355264,0.2520137833598735,LateBlight
19.274523,51.456654,60.225296,1.6661764705882345,2.3960630526720506,1.8987745098039204,1.9040061514802005,0.7896899778446571,0.7682555571932402,0.7814492531764695,0.7772663138608771,0.572166216126497,0.5677259258738941,0.5714578009376059,0.5694528181592782,0.953669477647333,0.9334736721002677,0.9472017421791541,0.9471355574657264,0.3273741788765132,0.3223127269093704,0.32656401825244435,0.32427651210954395,LateBlight
23.813688,67.47678,58.19467,2.6797181372549024,3.3464359861591713,2.9234987745098056,3.0301883890811245,0.6914144532205557,0.6716028530019481,0.6868014212186295,0.6781602917646661,0.4272287190652417,0.42318389922540484,0.42728843171634834,0.42437494269375564,0.8827725842409614,0.8536957768744302,0.8721081140789022,0.8675219367642943,0.1825243783941272,0.17908461256361757,0.18257540387861645,0.18009409198632836,LateBlight
39.426037,43.689606,50.84996,1.6511642156862734,1.9617377931564781,1.670894607843137,2.068650519031142,0.7637561590312522,0.7462773488658879,0.7615127865710349,0.7434016877824459,0.5192833359990806,0.517446699224472,0.5195043444817814,0.5148668893525441,0.9277897752524581,0.9143207665547235,0.9269269076839454,0.9096513349770478,0.26965518304633407,0.26775108653830115,0.2698847639354454,0.2650879137515649,LateBlight
11.745938,46.664062,49.627533,1.2219362745098044,1.5193848519800077,1.081924019607844,1.3687966166858894,0.7989137946303521,0.7816398194904165,0.8065016815823529,0.7813780256009344,0.5394630653993828,0.5356139191353859,0.5398388765410489,0.5359800440025169,0.9395288250293098,0.9248940358458179,0.9464577506540229,0.9323378869460198,0.29102039893009884,0.28688227037156777,0.2914260126251018,0.2872746075689399,LateBlight
18.47311,36.601963,49.077988,1.077818627450981,1.283044982698962,1.145741421568627,1.411426374471358,0.8196222546705022,0.8026759666683291,0.813530007466819,0.7985089529607222,0.5791042636408584,0.5767658349605603,0.5787374349139961,0.5742811229917093,0.9511499040400878,0.9419279411254612,0.9480714315345993,0.9361172549516078,0.33536174816702086,0.33265882837775235,0.33493701857083186,0.32979880822461877,LateBlight
44.128983,50.721592,49.623627,1.4913296568627452,1.7606459054209915,1.4859987745098038,1.6847981545559407,0.7856155280120202,0.7676062671262746,0.7819392789262887,0.7673214752256156,0.5375805673750824,0.5335948638765863,0.5371299846300168,0.5326932371827802,0.9297793390611512,0.9172273378935939,0.9300303486756171,0.9207931430532542,0.2889928664193155,0.2847234787554726,0.2885086203886421,0.28376208494026967,LateBlight
13.089058,37.954216,60.526917,2.7531250000000016,3.5641368704344476,3.122273284313726,3.1992003075740096,0.7194961799240586,0.6934594429088338,0.7113339412072908,0.7049921407511102,0.49319264381876476,0.48793733397283756,0.4929617408724576,0.4907918088617064,0.9037728087474954,0.8755244289129407,0.8908703424391413,0.8882696428943181,0.24323898391694299,0.23808284188452045,0.24301127796400404,0.24087659964574576,LateBlight
16.720911,45.08674,58.82686,1.0551776960784311,1.6799384851980015,1.4934129901960782,1.6920876585928488,0.8138436799718013,0.7628666201580192,0.7714282606376826,0.7613087773963945,0.5277311831927638,0.5224316599655993,0.5259421727201187,0.5228210688935103,0.9597139826014286,0.9359096861322082,0.9429824361054159,0.9354461903893764,0.2785002017140344,0.27293483933441154,0.2766151690455591,0.2733418700789526,LateBlight
17.654194,44.44173,60.296997,0.6590073529411767,0.9607074202229909,0.7262254901960784,1.0223144944252207,0.8366490676862651,0.7957676781072668,0.8156366443299841,0.7904367011359787,0.4820762805331716,0.47486882841564865,0.4796640900182979,0.47433571679696984,0.9675443636943167,0.9526788483695148,0.9642339189683916,0.9496442952491105,0.23239754025269715,0.22550040420085077,0.23007763925308178,0.22499437222929516,LateBlight
15.7344055,39.06571,57.076797,1.86204044117647,2.0778777393310266,1.9426776960784313,2.237600922722031,0.7698550494834662,0.754605857990195,0.7649421085600753,0.7527228972806592,0.5416758941549448,0.5393331697631986,0.5417738669560537,0.5373721155035721,0.9353543612066788,0.9279466978132528,0.9325548264928225,0.922408074158327,0.2934127743085589,0.2908802680068192,0.2935189229165157,0.2887687905207844,LateBlight
12.9951935,37.85924,55.924347,1.2020526960784308,1.4722029988465968,1.169791666666667,1.4838600538254514,0.8135150056582606,0.7949667371346772,0.8106455314870525,0.7927101687902788,0.5783820088432076,0.5752224726903716,0.5791522080324076,0.5756105096842358,0.9591152546493872,0.9499943711491674,0.9602125309805757,0.949598421429446,0.3345257481535042,0.3308808930880254,0.3354172800688132,0.3313274588589457,LateBlight
24.92279,33.888474,52.29747,0.6115808823529411,0.8781545559400229,0.5836090686274509,0.8133179546328333,0.8765282012683207,0.8467079747183568,0.8680479258544637,0.8505870273396495,0.5903148081171447,0.5858648789212814,0.5899552817796035,0.5862832245882266,0.97704070757931,0.9670815403654586,0.978090794443355,0.9695120020974338,0.3484715726823813,0.3432376563534477,0.34804723449965136,0.34372801943356895,LateBlight
12.747154,38.357994,49.914352,2.89329044117647,3.201660899653981,3.1583026960784317,3.6419530949634753,0.7456538057013145,0.7315762243390984,0.7352516360422543,0.7233238513757942,0.5591929956175847,0.5560830055378637,0.559495089159036,0.5570673179250171,0.8835806702193144,0.871371065148447,0.8729171887173297,0.8536820225292752,0.3126968063477682,0.3092283090480238,0.31303475479307763,0.310323996700172,LateBlight
35.033436,47.612,57.021698,2.026838235294118,2.3594925028835054,2.11608455882353,2.4194079200307574,0.7612091147762363,0.7363800342843198,0.7491354490938742,0.7332626601606286,0.5078535753653579,0.5027308373393612,0.5072334038737217,0.5032992274805019,0.9197860811672247,0.9067239334030134,0.9162540788460466,0.904355341668484,0.25791525401137727,0.2527382948119352,0.2572857260053221,0.25331011238247003,LateBlight
21.034437,51.836536,59.469513,1.8447610294117651,1.8251134179161868,1.5882352941176467,2.3091118800461365,0.751997982879826,0.7435804403973296,0.7672871145308474,0.7301205809575722,0.4783500099463058,0.4759383308017438,0.47930155346571957,0.4728762372208477,0.9219045928471716,0.9227729222459559,0.9327642551143009,0.9022932158886261,0.22881873201563083,0.22651729472635013,0.22972997915465204,0.22361193572814742,LateBlight
17.81116,45.838837,66.16075,1.1961090686274503,1.3635063437139565,1.0919424019607848,1.5103114186851214,0.7799600222198679,0.7591012146857796,0.787328814698975,0.7539478812079985,0.4214491859097317,0.41712371431977185,0.4220103212074036,0.4149400201681372,0.9479435521181963,0.9406222690388307,0.9524770405738748,0.9342292278288946,0.17761941630397557,0.17399219304792266,0.17809271120557596,0.17217522033713412,LateBlight
25.104008,40.736958,46.02098,1.1941176470588235,1.6168858131487882,1.3786764705882344,1.64893502499039,0.833657079737926,0.8085387985925275,0.8222654275594397,0.810071381748889,0.62182892052858,0.6194948929101042,0.6218629475391138,0.6178866797448361,0.9540097895815118,0.9378572838921134,0.9469016967151074,0.936625517828759,0.38667120640573904,0.38377392234170143,0.3867135255220346,0.38178394900609763,LateBlight
63.391182,42.5386,65.33278,1.342800245098039,1.9787466359092662,1.6031862745098036,1.8179161860822757,0.7702628768220514,0.7253015405021856,0.748074529778229,0.7339553274385178,0.43640969564785764,0.43016085299751794,0.43476591045483604,0.4307127809661471,0.9460943036741603,0.9205585979365495,0.9356413042200696,0.9270155117207036,0.19045342245545574,0.18503835945155223,0.18902139689362252,0.18551349968759223,LateBlight
42.050514,45.479565,46.899734,1.7190257352941178,2.0768935024990385,1.8411151960784307,2.2886889657823897,0.8003518258119463,0.7873214553728884,0.7935052665210953,0.783641896195485,0.6176077105053706,0.6141484514412028,0.6177560394196684,0.6152605050942669,0.9369741476583069,0.9240171708126949,0.9324978956919272,0.9162686663805025,0.38143928407568567,0.3771783204076274,0.38162252423947485,0.3785454891288524,LateBlight
48.75444,34.363396,51.58618,0.767830882352941,1.057839292579777,0.8481004901960787,1.1459592464436759,0.8420534129841941,0.812357791736253,0.8278470195706457,0.8063301611777896,0.5435452323208323,0.538820945000836,0.542942161838745,0.5381698346083171,0.9608577190743097,0.9461171043763478,0.9567657561014699,0.9416285603132594,0.29544141957870756,0.2903280107715939,0.29478619110213,0.28962677088234345,LateBlight
54.107204,45.096447,42.282745,1.3043198529411772,1.903867743175702,1.6068780637254891,1.622775855440215,0.8178272178025935,0.7876428756252952,0.8030379025709384,0.7960523375569151,0.5946049041919601,0.5902358857432621,0.5951186197165521,0.5915496505051312,0.9342341939644697,0.9042198247487109,0.9189814657776909,0.9183610546175588,0.3535549920891301,0.34837840081913324,0.3541661715333342,0.3499309890127429,LateBlight
46.283386,52.039005,58.29303,2.079473039215686,2.874955786236063,2.6587316176470575,2.759338715878507,0.7443412351506367,0.7130595296444202,0.7213659336440056,0.7124491798110054,0.49123795146094507,0.4849271662190376,0.489054671248325,0.4859424428928171,0.9224639917115794,0.8929119043615551,0.9008655400407014,0.8972184790738207,0.24131472495554585,0.23515435653722613,0.23917447146980728,0.2361400578046388,LateBlight
31.477179,52.69436,65.765015,1.053890931372549,1.394817377931565,1.1203124999999994,1.4507650903498648,0.7971631175840846,0.7639691482971942,0.7861005127859546,0.7618879919519033,0.44926816154415883,0.4439187708203362,0.4481992423579537,0.44290660136058707,0.9559490577974052,0.9416840625884718,0.9531727432913085,0.9393449439717085,0.2018418809772684,0.19706387508663817,0.20088256085024372,0.196166257528786,LateBlight
15.927429,37.48906,52.351395,2.17405024509804,2.4000615148019997,2.263633578431372,2.6339100346020774,0.7426913869758788,0.7262681053064969,0.735483617300601,0.7160423612439232,0.4945283362587438,0.489164219987038,0.4944398092744396,0.4923727209618255,0.9008702577434505,0.890671158599994,0.8967855440787862,0.8800187700777959,0.2445582753628412,0.2392816341155273,0.24447072499534422,0.24243089634735168,LateBlight
28.34668,46.22126,59.81273,1.4335477941176469,1.5537716262975776,1.4440257352941175,2.0013533256439837,0.7902729933721723,0.7791130672963923,0.7898283722439386,0.7670626784097999,0.5636854001722736,0.562394411292757,0.563791008903691,0.5584159790250635,0.955238215876951,0.9515461603321022,0.9549110476144631,0.9375884772779376,0.3177412303673763,0.31628747385332673,0.3178603017206419,0.31182840563052006,LateBlight
36.510845,50.609604,51.016876,2.1477634803921575,2.8242368319876974,2.6191482843137246,2.7730565167243366,0.7536460196342183,0.729503300694701,0.738731647591806,0.7307343102541473,0.545749589922859,0.541357320152936,0.5449970601155748,0.5415163561576766,0.9083953206058175,0.8797177688866346,0.8882901953307374,0.881897501988066,0.2978426149009688,0.2930677480831685,0.29702179553461944,0.2932399639862876,LateBlight
31.511097,68.25307,51.470642,2.6600796568627456,2.989988465974626,2.5458026960784332,2.876893502499038,0.7209492336427662,0.7085481546540285,0.724653691111699,0.7117413423662261,0.46024188564787155,0.4557845830605517,0.46105895221312804,0.4576814832525882,0.8779107252264045,0.8629406017539661,0.8831556776583706,0.8681248115979229,0.21182259330470846,0.20773958615568097,0.2125753574158675,0.20947234011228916,LateBlight
24.379507,42.80973,62.921066,1.3880514705882359,1.6730795847750861,1.3934436274509796,1.6650211457131872,0.7836161328672304,0.7607397350791657,0.7794885164422221,0.762971518204887,0.49768658902981755,0.49368734788570934,0.4977518043628628,0.4937056772281996,0.9488725412707132,0.9384004246302675,0.9486739266780253,0.9386971208716617,0.24769194090013452,0.2437271974624254,0.24775685874648568,0.2437452957273552,LateBlight
61.57493,41.263268,54.779114,0.9211090686274512,1.2286351403306421,0.9403186274509799,1.1623836985774705,0.8021649623413099,0.7793741978525205,0.8013320249500635,0.7757496756775466,0.49436094988379126,0.4884402783255704,0.4943213006635668,0.4900259684484293,0.9484086243638352,0.9311940490647587,0.9473326957916116,0.9349042583050963,0.24439274877000436,0.23857390549076068,0.24435354828972036,0.24012544975382108,LateBlight
48.824272,53.367996,48.344574,2.48109681372549,2.5274279123414067,2.4261335784313727,2.9781161091887727,0.7453175689909775,0.7419481792150092,0.7496522675074223,0.7283067774131391,0.5355185934195467,0.5339806243946135,0.535612657247074,0.5303123495966229,0.8871747445500774,0.8852683903992759,0.8896741395870246,0.8648095745415212,0.28678016389804967,0.28513530722886127,0.2868809186032716,0.2812311881346907,LateBlight
38.125275,29.48356,50.867706,1.2078737745098034,1.6534256055363319,1.561825980392157,1.9212918108419825,0.8100602823627232,0.7840306165080418,0.7947197598302709,0.7793769495097015,0.5750867108668211,0.5725602594150558,0.5747723086716494,0.5702541210812577,0.9529609142506811,0.9357070896461973,0.9391767022617936,0.9252912004360242,0.33072472501561867,0.32782525066143603,0.3303632068157378,0.32518976261015775,LateBlight
24.694565,41.973755,60.260803,2.124509803921568,2.704913494809692,2.2543964460784314,2.4306189926951167,0.7561352201170243,0.7325607109972986,0.7476016496892398,0.7401774132449298,0.5347968615794377,0.5311863382567468,0.5352882617821103,0.5321498582650104,0.9311409244607526,0.9124319280062778,0.9269344105890798,0.9213118577975977,0.28600768315521624,0.28215892595061104,0.28653352320171305,0.2831834716514707,LateBlight
9.020996,55.34079,59.047363,0.6602634803921572,0.9944482891195692,0.7315563725490197,0.9930949634755866,0.8408143334394412,0.8056282708925088,0.8270117102353158,0.8041295797954614,0.5162867523794212,0.5105742765737632,0.515635300604591,0.5110637484420085,0.970927035385482,0.9562306520029975,0.9677878405148045,0.9562902168709877,0.2665520106824898,0.26068609189882164,0.2658797632295869,0.2611861549715966,LateBlight
29.64809,33.338028,58.82547,1.25625,2.2285274894271425,2.0540441176470576,2.265159554017685,0.8017823068105312,0.7497191510882429,0.7583007550216827,0.7472851649523444,0.5298963681626965,0.5225383593406793,0.5264295849736214,0.523585922813275,0.9569543447280479,0.9237195919613644,0.9296177711429924,0.9224657107112912,0.280790160992016,0.27304633698244885,0.2771281079354992,0.27414221856822873,LateBlight
28.321318,37.365463,67.8186,2.2541973039215666,2.6723260284505947,2.0723651960784326,2.2439677047289504,0.719153164682269,0.7009315973098167,0.729887652225714,0.7139154604780784,0.4602297451378656,0.45508921199361424,0.46108651612829893,0.4580443968807875,0.9266072666398423,0.9130152704792734,0.9325274029934926,0.9269584168357398,0.21181141830966468,0.20710619087296875,0.21260077535533206,0.20980466951388438,LateBlight
16.11927,35.83797,61.95099,1.7666053921568627,2.451426374471357,2.2106004901960805,2.373271818531334,0.7785162868684914,0.740011934547248,0.75247915762705,0.7471263212373198,0.5256956721909058,0.5220915245587013,0.5251777383119363,0.5221463815385421,0.9455946813325431,0.9245793952538757,0.9319211722948962,0.9269838989885357,0.27635593976024836,0.27257956001602907,0.2758116568184406,0.2726368437537928,LateBlight
9.738605,43.384384,71.346725,1.0322916666666668,1.6469973087274132,1.0876838235294122,1.430188389081123,0.7859317362844617,0.7481620569298376,0.7864583162846626,0.7558850978013955,0.486906954150392,0.4805491814553294,0.4860660306340506,0.4829618157428194,0.9679465237185364,0.9488695531077376,0.9662198277467752,0.9556003937102608,0.23707838200001194,0.2309275157973871,0.23626018613634184,0.23325211546560104,Healthy
6.044955,44.589287,62.028336,1.8563112745098032,2.627543252595156,1.9939031862745098,2.5178931180315267,0.742125695355153,0.7119921191089102,0.7357133805320138,0.7171946440782578,0.5154222258765112,0.5125425994325618,0.5151843506569631,0.5105132117762815,0.9369089878436357,0.9107719989706627,0.9322326099661943,0.9144955769974166,0.2656600709274973,0.2626999162330874,0.26541491516183674,0.2606237393981345,Healthy
5.480402,54.391884,70.002304,0.9439031862745096,1.3804844290657432,1.0325367647058825,1.5311034217608617,0.8051166196980273,0.7747756510024932,0.7984237499910076,0.7656178879623392,0.5119955580048251,0.5073749844303228,0.5106502232193539,0.5067257024347501,0.9708620849370986,0.9574061548463165,0.968118033622477,0.9527588523543309,0.2621394514166723,0.2574293748256703,0.26076365047397604,0.2567709375079909,Healthy
7.455371,62.794525,76.58533,1.042922794117647,1.9432525951557094,1.2117034313725485,1.514709727028066,0.7803385448514126,0.7177239532493606,0.7613488580307468,0.7486772594946831,0.45286388769103897,0.4466105323651016,0.45161349217585306,0.4480380612265188,0.9685191035770835,0.9413353219878119,0.9634244160416454,0.954272564133172,0.20508570077464194,0.19946096761943946,0.2039547463152693,0.20073810430761782,Healthy
18.278631,42.730232,70.15895,1.6066176470588236,2.3444213763936936,1.8801470588235285,2.5031295655517094,0.7432403643061188,0.7123682677600627,0.7340712581175756,0.7065083898171914,0.4791911126723516,0.4754974796730154,0.4786670414605352,0.4754200228514126,0.9524989297344195,0.9307138227466147,0.9443976471190987,0.9260227897805826,0.22962412246416639,0.22609785317538972,0.22912213658058173,0.22602419812803767,Healthy
6.813939,51.76747,62.720215,1.680269607843137,2.341038062283735,1.8370404411764707,2.493994617454824,0.7458744383175833,0.7166288842949547,0.7387055149516395,0.7131223324041148,0.498429420674403,0.4932606896445361,0.49817128835438645,0.49516155766817305,0.9375779261545027,0.9130795549816703,0.9317538842927233,0.907400428248047,0.248431887393821,0.24330610794860338,0.24817463254066927,0.24518496819237148,Healthy
20.305725,45.279293,71.31578,1.4999999999999996,2.518031526336024,1.9124540441176472,2.326935793925414,0.7381743836795789,0.692788507546706,0.7206467976668887,0.7023048228228818,0.4435083480036475,0.4391705825270462,0.44312636047453585,0.439211091217535,0.9533660518692039,0.9217335232541973,0.940547205498478,0.9276732388101169,0.19669965474892454,0.19287080055714512,0.1963609713474083,0.19290638264849785,Healthy
21.70146,47.233982,75.743286,1.6544424019607846,2.6380622837370247,1.9050245098039218,2.43438677431757,0.7210420037599047,0.6780209630062315,0.711153364692299,0.6876471284716518,0.4188362402148705,0.41485855625164797,0.4195387531909438,0.4148444692246931,0.9503294370194562,0.9207962457401893,0.9428155047185944,0.9269113077515198,0.17542379611732867,0.17210762169520175,0.17601276542901167,0.17209593364631734,Healthy
6.4903126,41.56169,77.16055,0.9134191176470587,1.08,0.7689185049019608,1.528904267589389,0.8199701703918996,0.8018326326405858,0.8329325750697496,0.7884551055369146,0.5442943609086456,0.541735750186356,0.5457318913091711,0.5386551037502882,0.9800490126245128,0.9764291216480653,0.9832048457508519,0.9666318283244768,0.2962563513169509,0.2934776230299739,0.297823297191885,0.29014932079623373,Healthy
6.756545,38.86755,69.669495,0.874754901960784,1.0240984236831985,0.7014705882352942,1.3432679738562088,0.8322112975821788,0.8152584965293895,0.8441010405581953,0.8045975989665107,0.569269662237446,0.5670792188237381,0.5707513281423865,0.5645352281679176,0.9795762568943402,0.9761159327253122,0.9836201825507083,0.9686722454505091,0.3240679483439358,0.32157884042174106,0.32575707857629815,0.31870002384260276,Healthy
6.0957594,41.38298,75.79695,0.9048713235294116,1.0595155709342563,0.7649662990196078,1.4593310265282586,0.8242907316954842,0.8057574494598079,0.8342295365458805,0.7947754140729293,0.5489226444220836,0.5461800064387959,0.5498930574428016,0.5433676308930395,0.9797827067014803,0.9763472867481513,0.9829081925124118,0.9674217415945374,0.3013160695593332,0.29831259943348315,0.3023823746237923,0.2952483823023144,Healthy
5.3769917,37.952686,71.71382,0.796675857843137,0.957524029219531,0.8064644607843137,1.4736639753940797,0.8396537230270936,0.820282006833122,0.8417407086713817,0.8091498704730805,0.587579338598536,0.5855742223784224,0.5869088322107011,0.5825342292793375,0.9827551707082064,0.9792924855865034,0.9825412093502489,0.9681367889214642,0.345249479147893,0.3428971699140941,0.3444619773269289,0.3393461282820717,Healthy
43.647346,46.997154,65.68202,1.5155943627450976,2.4081968473663964,1.7964920343137252,2.249088811995387,0.7541068547476485,0.7129208984368389,0.7389665048171262,0.7157630780503746,0.47196605758016275,0.46782568805820324,0.4720419074172095,0.46809592104349,0.9461229156948168,0.914427705221196,0.9361391868459632,0.9200814150281723,0.2227519595077615,0.21886087440713128,0.22282356235807743,0.21911379129755326,Healthy
10.006227,46.31477,67.15109,1.2690563725490196,1.6213763936947327,1.4427083333333333,2.1615686274509818,0.780711898866394,0.7537785923521848,0.7692830678955586,0.7366773362337169,0.4720670360437778,0.4684112299267454,0.47155387040169855,0.46629406854992667,0.9614549144794855,0.9507892312203834,0.9561805785051175,0.9343937321769147,0.22284728651915742,0.21940908032148632,0.2223630526908219,0.21743015836484372,Healthy
45.518917,48.10376,68.13115,1.452573529411764,2.510757400999615,1.9446078431372542,2.3257208765859287,0.7549439495177123,0.7050201646255334,0.7278410104834374,0.7083923001494252,0.45751759088881233,0.45259498091571987,0.4566420273232625,0.45286443356939693,0.9493077507585651,0.912394689308557,0.9321366227146645,0.9188509810251807,0.20932234597270263,0.20484221675010084,0.2085219411178992,0.2050861951921307,Healthy
9.933631,44.32403,73.33571,1.0056985294117646,1.6714801999231066,1.1659926470588236,1.493425605536332,0.7863884478702817,0.7420472329966921,0.7745134618082284,0.7494082134052829,0.47772604273897806,0.4707636366393009,0.47645913015424746,0.47298310011145256,0.9698076698528122,0.9498261366554204,0.9649954395679733,0.9551709124338279,0.22822217191104388,0.22161840158185972,0.2270133027073421,0.22371301299104038,Healthy
7.160984,60.352116,74.33232,0.9141237745098038,1.9001922337562474,1.4048100490196076,1.7051595540176863,0.7990686373797226,0.73008355241713,0.7546356710698293,0.7390264022838593,0.4712799344294645,0.4650059490933732,0.4686728513462479,0.46493970974165333,0.9725709800479251,0.9429909639259184,0.9578475432562756,0.9488422798492859,0.22210477659584035,0.21623053269222883,0.2196542415890222,0.21616893369465284,Healthy
43.460377,46.81894,65.8212,1.46158088235294,2.327289504036909,1.8081188725490198,2.3417762399077273,0.756521935102608,0.7146288617061677,0.7408864858821108,0.717943429778989,0.4783483719569178,0.47418712777223704,0.4782225454416175,0.4740309151046415,0.9499102416394941,0.9202809973274574,0.9380340571592258,0.919784768502638,0.2288171649538338,0.22485343214488385,0.2286968029686599,0.22470530847494383,Healthy
42.53807,46.934696,67.2863,1.5243719362745096,2.442706651287966,2.0744178921568617,2.609627066512882,0.7610185375567592,0.7163270343429362,0.7338762078330279,0.7140068531682824,0.4862788775040976,0.4820797873403628,0.48542695761227644,0.4818660096634915,0.9514172780493937,0.9221947309174331,0.9338848490284815,0.9168779696709218,0.23646714670664515,0.2324009213621294,0.23563933117671082,0.2321948512690161,Healthy
6.088321,45.282955,56.59047,0.9549019607843133,1.4508266051518646,0.9602022058823529,1.3348096885813152,0.8254393038755061,0.7943273534036853,0.8230511082389231,0.8027263558337555,0.5772530819603209,0.5738011502254379,0.5773526871177975,0.5741060080756747,0.9696701029124107,0.9539899516689766,0.9695017548568354,0.9576691948808618,0.33322112063268894,0.32924776000003547,0.33333612532214146,0.32959770850858666,Healthy
15.35721,49.90278,52.172623,1.1916360294117647,1.917723952326028,1.362040441176471,1.742252979623222,0.7910610616554655,0.7557389883310979,0.7827785812933956,0.7615957183990248,0.5197586939140386,0.5163185718035913,0.5201146890230753,0.5163315246368264,0.9472073890155016,0.9151432713976695,0.9396580252850527,0.9229076280404309,0.27014909989922725,0.2665848675893003,0.2705192897375704,0.26659824333378973,Healthy
15.421388,49.166042,53.30951,1.2615808823529404,1.9821914648212224,1.4372242647058824,1.843106497500961,0.7897588352302904,0.7541339555651,0.7800343373659424,0.7576023650494249,0.5207078645189054,0.5175004156668996,0.5215545571414716,0.5179485710421607,0.9463346044313998,0.9157853219756847,0.938865178682005,0.9216944616678654,0.2711366801718387,0.2678066802154139,0.27201915607503657,0.2682707222446163,Healthy
15.043672,49.1516,53.09848,1.3163602941176462,1.903514033064207,1.4395220588235282,2.0244213763936934,0.7890635068631365,0.7592412776157171,0.78158405467294,0.7560267100706864,0.5290191533195915,0.5259895863005944,0.5297012754215609,0.5256722122293453,0.945345054040898,0.9210710423144338,0.9402334712668448,0.9160576350701984,0.2798612645789775,0.27666504489667054,0.2805834411832283,0.2763312747100939,Healthy
14.323462,46.87897,50.31923,1.144148284313726,1.7377316416762778,1.4203431372549027,1.8816762783544794,0.8049602401679716,0.7711677772188049,0.7882670579775302,0.7666439560952882,0.5409487384713886,0.5375289655936292,0.5408473426219209,0.5372559117992209,0.9494244137392805,0.9232938514026506,0.937215579621183,0.9169399136449324,0.2926255376537868,0.28893738885215703,0.2925158480211935,0.2886439147632123,Healthy
6.1888895,45.477406,64.06383,1.9158088235294117,2.697085736255284,1.929626225490196,2.5153094963475597,0.7335693836639399,0.7049425549114704,0.7347062170575936,0.7116498851574232,0.5043329533103584,0.5009706121349365,0.5039608639196824,0.4991450303427721,0.9361669874508175,0.9101978995194225,0.9357066041485131,0.9162503167421099,0.2543517277947482,0.25097155422285305,0.25397655236267264,0.24914576131588687,Healthy
20.595375,36.8093,69.53613,1.3048406862745097,2.3423606305267195,1.6339154411764705,1.9408227604767394,0.7740986623093549,0.7179977197626685,0.7527657746750556,0.7385958343682645,0.452280938436481,0.44656030557285004,0.4513906802174404,0.4474786540485192,0.9573806039603586,0.9235008467394066,0.9466321904158245,0.9366146715965035,0.20455804727298388,0.1994161065133172,0.20375354618716354,0.20023714582907434,Healthy
16.971014,31.99313,61.85965,1.1436121323529411,2.1654286812764316,1.6754901960784314,1.9297347174163786,0.803724188980953,0.7470092672630568,0.7672887296162426,0.7567704988639724,0.5247868923042173,0.5198705513809534,0.5224928556237012,0.5196584563963023,0.9618870391787742,0.9278915383975436,0.9441715823909372,0.9357401952240928,0.2754012823343181,0.27026539019313656,0.2729987841778099,0.27004491130418756,Healthy
17.979733,34.677242,66.05676,1.2459865196078426,2.1727181853133395,1.5971047794117645,1.9893733179546333,0.7861711316483695,0.7326628753804217,0.7597573136189193,0.7430660042193553,0.4930584398995619,0.4880984743275777,0.49180183010691136,0.4878799495817183,0.9588605081918538,0.9282957691911038,0.9472701342216308,0.9343465329674073,0.2431066251561899,0.238240120640909,0.24186904009650728,0.23802684520386,Healthy
10.637708,44.526924,67.48102,1.4633884803921562,1.8043983083429445,1.383409926470588,2.190803537101114,0.7446593701114835,0.7231102143062367,0.7494436623505127,0.7087798787135733,0.4565068603317504,0.4529322681326759,0.4560514585782745,0.4514288376028943,0.9476758001839488,0.9354972010093712,0.9505221281090444,0.9216845929719688,0.20839851352995228,0.2051476395158102,0.20798293287137162,0.20378799541950032,Healthy
23.608196,35.901566,69.34334,1.2349571078431365,1.8769703960015387,1.6495098039215674,2.266113033448671,0.7813575285416409,0.7422289290009955,0.7540837241167798,0.7248363018686362,0.43137029909033325,0.42625222020311565,0.4293506224605023,0.42588046648751293,0.957931678570071,0.9360701924682585,0.94379697838445,0.9228154362778793,0.18608033493728354,0.18169095522808537,0.18434195700722078,0.18137417173562162,Healthy
5.993434,44.329636,50.313477,1.2513480392156855,1.9018223760092277,1.1724264705882348,1.4965628604382926,0.8114705446928603,0.7839489346324836,0.8147894272698301,0.7963835000668202,0.5961955228109533,0.5910029085670054,0.5953839479527502,0.5937115345992848,0.9538294893328599,0.9299530976143097,0.9567414283074597,0.9448793988747013,0.355449101419826,0.34928443793466013,0.3544820454798031,0.3524933863162377,Healthy
6.7297535,47.025543,52.62184,1.2450367647058826,1.5216608996539789,1.1348651960784308,1.8804459823144946,0.8041564767520758,0.787332568942726,0.8107679399699257,0.7752220280070784,0.5712365061127774,0.5685497473604849,0.5707648669169734,0.5658649072100731,0.9537317276977112,0.9435395088162516,0.95782594264921,0.9302269619794235,0.32631114591593324,0.3232488152236712,0.32577253330675027,0.32020309321186463,Healthy
5.490779,45.624012,57.425583,0.886029411764706,1.367566320645906,1.0531862745098042,1.506189926951173,0.8301494048946465,0.799526010061222,0.8188344400096051,0.7960474710111229,0.577915648921344,0.574294213996799,0.5772853727501976,0.5740402216648907,0.972375739009079,0.9574275726457185,0.9671641910157711,0.9531122108823255,0.33398649726817814,0.32981384423020116,0.3332584015913346,0.3295221760890768,Healthy
6.6638637,47.936512,54.46013,1.4390931372549014,1.6439677047289494,1.1148743872549018,1.9746712802768176,0.7937606336337003,0.7813447108554268,0.8111943052718132,0.7706407049100741,0.5664245436051347,0.5643729389930056,0.5672464252074695,0.5616248811715283,0.9491153102288306,0.9419606051377957,0.9605807367675923,0.9302852922394464,0.3208367635982852,0.31851681426760275,0.32176850691065323,0.3154225071509333,Healthy
6.5394845,48.787403,56.065186,1.4263174019607836,2.0036293733179553,1.150091911764706,1.7305959246443685,0.7912502486298953,0.7660128556312295,0.805496836462313,0.7748251182395206,0.5595420125426516,0.5548105042147451,0.5606009025045953,0.5575082545126862,0.9513765576885146,0.9317958511866969,0.9607938331617254,0.9410899943608575,0.3130872638002808,0.30781469558701974,0.31427337188896676,0.3108154538497821,Healthy
6.122969,44.431866,66.96735,1.2281403186274513,2.236970396001536,1.5287071078431371,1.6556247597078053,0.7863243918249313,0.7401271511163569,0.7693731717163933,0.7570767062472519,0.5182564859013121,0.5125289458888977,0.517291696733432,0.5151862365220666,0.964149356079731,0.9347534346944975,0.9553743678510989,0.9517097639375818,0.26858978517877696,0.26268592037398464,0.26759069950935294,0.2654168583017708,Healthy
6.768292,51.381973,59.821426,0.9464001225490194,1.5482506728181473,1.1708026960784308,1.506512879661669,0.8095331408023337,0.7690371765713059,0.7919753476309537,0.7729072230712498,0.5235286004720686,0.5186360315932707,0.5212418758851806,0.5187257561157752,0.9657308167049898,0.9439920039050343,0.9576099812188246,0.9455019182644092,0.2740821955122429,0.268983333266816,0.271693093176302,0.26907641005788274,Healthy
7.3575964,51.292194,59.435562,1.0143382352941177,1.5103114186851214,1.1332414215686277,1.5664436755094189,0.8041401856174778,0.7716944864812931,0.794462129745388,0.7663917375894636,0.5221510220183333,0.5174881474639077,0.521198727436083,0.5174274963868312,0.962962289136232,0.9449068547926601,0.9586206389047995,0.9428592621321157,0.27264168979479003,0.2677939827656271,0.27164811348099227,0.2677312140171442,Healthy
6.697385,51.253696,58.732193,1.1398437499999998,1.642306805074971,1.2674019607843137,1.6461822376009223,0.7979940632578358,0.7678229828064635,0.7907604529026065,0.768459706747859,0.5296491382478407,0.5256331776130384,0.5284033558946979,0.525436296977346,0.958715425652034,0.9405816505257105,0.9540886682147647,0.9404414377997753,0.2805282096466802,0.27629023740758,0.2792101065207787,0.2760833021812657,Healthy
7.195605,51.232124,58.301666,0.8914215686274509,1.424436755094195,1.1071691176470584,1.4702960399846217,0.8139162718678445,0.7750101823418891,0.7949198309924858,0.7727459016144704,0.523667493832175,0.5192537301058815,0.5218435416379605,0.5185838474761639,0.9662461566888566,0.9461174844914818,0.9580747944195023,0.9443827486517231,0.2742276440964711,0.2696244362288716,0.2723206819492498,0.2689292068631812,Healthy
9.462338,42.572517,65.13791,1.477634803921568,1.810734332948865,1.3835018382352944,2.1770857362552865,0.7551841306952081,0.7327256295636451,0.7556503378455233,0.7206313176421577,0.48577510951595976,0.4835850374674066,0.4872870301430056,0.48236133184800456,0.9478604291808728,0.936125037523733,0.9511760923998781,0.9232011060088284,0.23597745702524267,0.23385448846235307,0.2374486497455905,0.2326724544621808,Healthy
7.7019067,51.273952,58.511017,1.368841911764706,2.035801614763552,1.3499693627450975,1.7592618223760088,0.7784127139820328,0.7466003596470235,0.7800816301656446,0.7575111733163692,0.5167058142505282,0.5134968940302359,0.5178867503667429,0.5142575920468433,0.949858421633745,0.9255189826207941,0.950557605990722,0.9356363800885875,0.2669848984803013,0.26367906017869935,0.2682066862054251,0.2644608709778175,Healthy
7.7545533,51.12387,58.967743,1.3518382352941178,2.1463129565551706,1.4498468137254898,1.829204152249134,0.779607463934295,0.7454747016679842,0.7733543084060742,0.7551970548285962,0.5255648034473951,0.5216709393947128,0.526005339209948,0.5224511469474703,0.9527970444590388,0.9251431436306888,0.9493748194845235,0.9362029325328066,0.27621836262269905,0.2721405690089621,0.2766816168773724,0.27295520094672726,Healthy
8.158196,53.837154,61.15471,1.3928308823529407,1.8417531718569786,1.4219056372549015,2.121091887735485,0.7732625365517525,0.7486282391466468,0.7720479732453188,0.7388826979552293,0.507377293139527,0.5042974179794867,0.5077912406272129,0.5033552496364659,0.9514320864234799,0.9358402238158994,0.9504182517927088,0.9261091101334684,0.25743171759359346,0.25431588578077713,0.2578519440577241,0.253366507336589,Healthy
7.3429513,51.03079,56.08017,1.2238051470588238,1.6160707420222986,1.2450214460784317,1.8570242214532866,0.7885586521869998,0.7658121756557432,0.7887452063562133,0.757035155691073,0.5277277028363794,0.5251429892339923,0.5287614002115395,0.5246160747575153,0.952512908334769,0.9373729185337346,0.9516955418338341,0.9280353067545758,0.27849652834096195,0.27577515914161294,0.27958861835366783,0.27522202589398287,Healthy
9.905196,45.258335,77.40521,1.055131740196078,1.6227143406382154,1.313633578431373,1.8242060745866981,0.780255025041844,0.7435487617685549,0.7666919051777303,0.7370981513754464,0.4808693071415658,0.4761249069875511,0.4787652479399628,0.4743263674309034,0.9716044720774736,0.9563344909903495,0.9646402891123551,0.9509124504972145,0.23123529055080955,0.2266949270539042,0.22921616263501404,0.22498550284019636,Healthy
9.672363,46.643147,69.28145,1.1826899509803919,1.7313341022683582,1.562408088235294,2.212318339100344,0.7795982111151983,0.7434816505210249,0.7581257345813306,0.72884565022963,0.4604925787433869,0.45596197489214907,0.4590752137796905,0.45401136904685946,0.9649447159326772,0.948712610210999,0.9536897567136949,0.9344643920280097,0.21205341507773437,0.20790132254754878,0.21075005190686855,0.20612632322380361,Healthy
5.725095,44.81728,55.198196,0.9043351715686275,1.390926566705113,0.9578737745098037,1.2873663975394078,0.8308803324260176,0.7990217867306281,0.8262111051478537,0.8087554124388047,0.5877856250477477,0.5842578110488532,0.5867185170269112,0.584682284001934,0.970704088457217,0.9550129148147523,0.9689923274377734,0.958362614375074,0.34549194101277136,0.3413571897715975,0.34423861822225793,0.34185337322571824,Healthy
7.86467,38.53519,68.1147,1.4444393382352931,2.301022683583236,1.657766544117647,2.029065743944638,0.7576751016105099,0.7085334476377484,0.7427779856305056,0.7204398357662434,0.4523501445181558,0.4485431171980367,0.45260800952812513,0.4483681694079085,0.9504640422933113,0.9211251710702099,0.9431756951403008,0.93044570225168,0.20462065324559645,0.20119092798573165,0.20485401028901143,0.20103401533819895,Healthy
7.1312556,36.594852,64.09665,1.370863970588234,1.9549711649365624,1.6637254901960767,2.2482429834678963,0.7718924347941296,0.7322539582888344,0.7532605870397218,0.7240791754223774,0.4833317117466981,0.4791526023558131,0.48348049394581544,0.4793598994235758,0.9528829777601066,0.9328453285200271,0.9428202890497042,0.9227712242132338,0.23360954357999325,0.22958721634434795,0.2337533880260897,0.22978591317538075,Healthy
8.385166,39.08322,69.75774,1.4525888480392157,2.0990542099192613,1.6478247549019611,2.3432987312572084,0.7493837034039625,0.7063513424999405,0.7324317417604168,0.6996582540820429,0.4310479652101342,0.426787777530748,0.4314697482508885,0.42693680787478555,0.9490481921174938,0.9263815270049939,0.9422073698139242,0.9178158225725137,0.1858023483117971,0.1821478070496352,0.18616614365568512,0.18227503791831154,Healthy
7.9438686,39.4334,69.144165,1.3710784313725484,2.199154171472511,1.5184742647058824,1.921414840445982,0.7526424577257298,0.7017069469006124,0.7391958318916633,0.7141489622820368,0.42852823461015427,0.42446206882042326,0.4285795604474671,0.42416517248581126,0.9497360296842553,0.9193937604915234,0.9443467490961276,0.9295716033761773,0.1836364478580954,0.18016804786731372,0.1836804396333441,0.179916093549918,Healthy
12.059941,47.590916,72.67114,1.5551776960784303,2.3813610149942326,1.491789215686274,1.943898500576701,0.7299061033097846,0.6906243083081921,0.733410288069463,0.7083966769585865,0.42909515263799153,0.42484685049595305,0.4308856281784972,0.4266750130665324,0.946300398187135,0.917797957952895,0.9485229783065893,0.9328989167884753,0.18412265001742126,0.18049484637633068,0.1856624245707781,0.18205156677532558,Healthy
6.6293006,53.621696,72.02817,1.246537990196079,1.888627450980391,1.3551776960784312,1.782545174932719,0.7628303543211687,0.726741776936785,0.7569687102843454,0.7323744713739697,0.4841501937244385,0.47938210179356333,0.48379801369859865,0.48038238645772624,0.9617883857932201,0.9421205498835988,0.9584595037869784,0.9453715811110124,0.23440141008341134,0.22980719952001433,0.23406051805870942,0.23076723721882025,Healthy
5.9358616,51.12289,70.40689,1.290119485294118,1.7921261053440987,1.2524509803921562,1.855578623606305,0.7683829480372085,0.7407302946534073,0.7721503856464922,0.7400023106215462,0.5054300605938182,0.5017094659906182,0.5042280295996981,0.5011014538745903,0.9613967959748821,0.9463989331825048,0.9625248158977519,0.944500921317404,0.2554595461518707,0.2517123882645912,0.25424590583399403,0.2511026670752281,Healthy
5.948091,52.56662,70.00073,1.289950980392157,1.782299115724721,1.3122242647058824,1.8666974240676666,0.765156143104029,0.7391663361554766,0.7646579485542612,0.7357315857421968,0.49730123004301646,0.4938058150318148,0.49659293648187275,0.4929193887770388,0.9595975181085209,0.9441967590744661,0.9588915261600068,0.9415542169423639,0.2473085134022972,0.2438441829592349,0.2466045445636893,0.2429695238323295,Healthy
6.4538074,54.27611,72.92035,1.2655330882352946,1.8310495963091105,1.345189950980392,1.8898269896193782,0.7607050588133089,0.7269932298512982,0.7564766273365929,0.7277502438728455,0.47725442673458845,0.4728503682603911,0.4767265775366961,0.472283919287971,0.9606418741291564,0.9430586026156459,0.9581645427503538,0.941230761951776,0.22777178783776067,0.22358747076398752,0.22726822972985153,0.2230521004180067,Healthy
5.4003525,40.892193,62.161407,1.1689644607843142,2.0869819300269126,1.3965379901960788,1.4867204921184156,0.7978358792633902,0.7585236942950507,0.7864415330433215,0.7747690318973695,0.5520503182387477,0.5470600199194534,0.5509278051195887,0.5495082334168453,0.9651858090168018,0.9379186542585826,0.9584092694535651,0.9557748083113422,0.3047595538675027,0.2992746653942728,0.30352144645388757,0.30195929859290216,Healthy
5.6750274,53.433315,62.30728,2.0045496323529406,2.7663206459054215,1.9066329656862728,2.736762783544789,0.7319553768003275,0.7071987283707016,0.7366812861671149,0.7067330661134452,0.4919207219570302,0.4877788279704566,0.49219822578296857,0.4901862026732078,0.9307125107520405,0.9044824855876004,0.9341016024893204,0.9055064538968953,0.2419859966907258,0.23792818501623228,0.24225909346390212,0.24028251329117914,Healthy
6.0718307,54.42473,61.24582,1.9721200980392153,2.6030911188004593,1.745220588235295,2.5760861207227985,0.7309733574840583,0.7060088219064656,0.7417563161724657,0.7063594802897026,0.4769375145463213,0.47532986981555714,0.47856802440320967,0.4729036271073331,0.9255939695113751,0.901889965308331,0.9341772270085155,0.9029077916345759,0.2274693927816224,0.2259384851388745,0.2290273539811911,0.22363784053127156,Healthy
5.558107,47.228355,59.23648,0.9621017156862743,1.3822222222222222,0.9825520833333332,1.4923337178008462,0.8198177028255961,0.7935106078416001,0.8177573567235764,0.7883736799699077,0.5612006920764732,0.5579709599330419,0.5614045951965668,0.5577121510225047,0.9699634889262743,0.9569080212923778,0.9693259976393652,0.9534751972279704,0.3149462167871125,0.31133159212860023,0.3151751195078211,0.31104284339814914,Healthy
5.927732,51.41099,59.08661,1.9623774509803908,2.5780084582852743,1.7726562499999998,2.654194540561324,0.7372752982854558,0.7166821828347566,0.7472039713162764,0.7127193036221944,0.5045294138431771,0.5011545202203141,0.506318308552944,0.5032881873363981,0.9286479017145306,0.9063568066129367,0.9355449930410222,0.9035893807842329,0.2545499294329398,0.2511558531372533,0.2563582295759142,0.25329899951235735,Healthy
5.8405232,55.15042,64.23003,1.9447916666666667,2.7121107266435978,1.8213082107843133,2.7184775086505177,0.7250049320803899,0.6960111698580903,0.7315845093979413,0.6975497148756129,0.47108459275599834,0.46603660555964654,0.47030366009793595,0.46796266772965633,0.9311229032226976,0.904005819502563,0.9354885817668208,0.9037799004785769,0.22192069353208482,0.21719011772155755,0.2211855327015149,0.21898905838865673,Healthy
5.876133,45.13706,64.823975,1.1664828431372545,1.3743944636678198,1.089368872549019,1.8047520184544408,0.7808341627515515,0.7636819332644564,0.7873823998085724,0.7445789954185665,0.499306757485059,0.49664677297696674,0.4999331886741023,0.49369032809093194,0.9598905059953524,0.9527660158064154,0.9625420686472851,0.937975864596019,0.24930723807024352,0.24665801710843477,0.24993319313785556,0.24373014005053203,Healthy
12.021859,47.651524,71.66228,1.5291973039215685,1.9296424452133798,1.4799785539215682,2.3277662437524014,0.7316234759159317,0.706294919255864,0.731565574110786,0.6913506814057896,0.4235340342549906,0.41972071331115196,0.42388524861282156,0.4182907995198181,0.9453999123426142,0.9310903776759916,0.9471674887576352,0.9168729296032282,0.17938107817230756,0.1761654771824222,0.17967870399155356,0.17496719296292867,Healthy
5.956666,45.463364,65.31467,1.1663909313725487,1.3797770088427528,1.0905024509803924,1.8560861207227988,0.7843469578258727,0.7639493931454094,0.7871081185222728,0.7461084721977761,0.5009158327978882,0.49890873628387794,0.5022931980412106,0.49610978437336894,0.9602148264658587,0.9529731599312347,0.9628140745379276,0.9367389523678061,0.2509166715476019,0.24890992714037605,0.2522984567984669,0.2461249181509906,Healthy
6.0238304,46.227985,67.36572,1.2740196078431367,1.4072279892349095,1.026608455882353,1.926997308727412,0.7716810763978146,0.757758048618206,0.7881287158088249,0.7378465443349445,0.48442478927825744,0.4832465184055801,0.4872298014580855,0.48015787745001465,0.956466200365492,0.9519245450903443,0.9649197700034529,0.93416538908615,0.2346673764672841,0.23352719755111465,0.2373928794288854,0.23055158727730327,Healthy
5.7367625,44.54995,65.692,1.1116574754901956,1.3893271818531334,1.1796568627450978,1.8562860438292965,0.7856630350064117,0.7626111465647543,0.7830124417135773,0.7459250690061748,0.504429007636579,0.5021658852771311,0.5046653473445816,0.4991325033572706,0.9631031261762037,0.9539130497725234,0.9608430391538144,0.9384232869792459,0.254448623745224,0.25217057633616485,0.25468711281042716,0.24913325590769578,Healthy
10.300283,45.66284,75.6759,1.0550551470588232,1.7759323337178003,1.2586090686274505,1.571118800461361,0.7807765710829127,0.7366971359918576,0.7679019228287224,0.7437978556414127,0.47684079036031646,0.4700840612370596,0.4755901657696198,0.47219826325492353,0.970257788390979,0.9499423033406814,0.9645195634024405,0.9557153238126997,0.2273771393514513,0.2209790246291276,0.22618600577677445,0.22297119982096608,Healthy
8.069154,67.97433,54.660797,1.1666973039215682,1.5782237600922726,1.266176470588235,1.9013917723952325,0.7939623502484591,0.767616602719596,0.7867975558215514,0.7525051511246166,0.4630090464659572,0.4585991754269729,0.46144593852387833,0.4570423303190516,0.9467540470710102,0.9280396295355915,0.9422429805711579,0.9133039872218179,0.2143773771093149,0.2103132037022995,0.2129323541801829,0.20888769170346907,Healthy
8.7657585,68.65596,53.83011,1.254534313725489,1.5981391772395228,1.1871783088235301,1.8589004229142652,0.7876350708833743,0.7643027887808428,0.7891385813242112,0.752465454343954,0.4596606458889589,0.45536194986757644,0.4596297693399372,0.45426717273967454,0.9416331451852671,0.9257256860017741,0.9447709971242031,0.9136066743543514,0.21128790937905484,0.2073545053872012,0.2112595248634839,0.2063586642288973,Healthy
8.62094,70.19351,55.575302,1.1964460784313717,1.9189542483660122,1.3081495098039213,1.625374855824683,0.7903355283013913,0.7471290538281057,0.7809716786226736,0.7619970515477622,0.4489644428671788,0.44259091527142946,0.4480606726686497,0.44434706026046067,0.9449417289572403,0.9117653333080029,0.9398013403414984,0.9252642897685747,0.20156907095903626,0.19588671828080165,0.20075836639228284,0.19744430996211348,Healthy
8.371827,69.85194,55.28218,1.1576133578431367,1.8683121876201467,1.243351715686274,1.5813456362937335,0.7923280385555108,0.7512530544642143,0.7852406296103538,0.7640534535601305,0.4537040526929917,0.4473490014009269,0.45206121753617695,0.44894848088826317,0.9471546963525341,0.9147854260089996,0.9432402307144357,0.9278742966956359,0.205847367430045,0.20012112905440652,0.20435934440029072,0.2015547384918792,Healthy
8.638626,45.1062,78.1734,1.0555912990196086,1.6307420222991162,1.1552389705882355,1.5849442522106885,0.7772174773380981,0.7334948885653327,0.7666490995702768,0.7368331180888883,0.45758827830698595,0.4519904500674126,0.4564369776257569,0.4522858657761424,0.9693835159113303,0.9526882582399125,0.966486118650752,0.9540169631950574,0.20938703244395165,0.2042953669521422,0.2083347145441357,0.2045625043808747,Healthy
11.706337,48.6652,66.1149,1.6083946078431373,1.8364628988850444,1.4406556372549018,2.249350249903882,0.7348762162326146,0.7168963745911493,0.744239464783682,0.7044209761696474,0.43849783184049046,0.43595343711180723,0.4402187551305375,0.4342729852874274,0.9373665241331395,0.9285057181079722,0.9439154417502857,0.9124316565478491,0.19228034852881107,0.19005539932959845,0.19379255236868015,0.18859302575045417,Healthy
9.7067995,51.203613,71.24919,1.6867647058823532,2.412318339100347,1.586657475490196,1.9799615532487496,0.7265716985265479,0.6889488716548452,0.7301262393185123,0.7030492673671235,0.42305903303072445,0.41762359577172375,0.4238075750205441,0.4197545574016857,0.9376631915548561,0.9108242468588452,0.9413727934868688,0.9268071236940199,0.1789789454288916,0.17440946774530414,0.17961286064479412,0.17619388845948508,Healthy
6.4405417,48.494072,68.701004,1.6409926470588232,2.377485582468282,1.7660539215686273,2.267435601691657,0.7469491143109545,0.710484460286889,0.7394494171577233,0.714966804804338,0.4787300151381895,0.47469490185483776,0.4790544627033391,0.474738093924364,0.947915061824791,0.9245707694177464,0.9439456298089743,0.9280622670893983,0.22918242739421119,0.22533524984697406,0.22949317823598495,0.22537625782293827,Healthy
9.550225,43.578327,62.528946,1.3438112745098039,1.7567089580930406,1.5259191176470583,2.1449903883121864,0.7608310995520916,0.7327481654825592,0.7482556364759738,0.7225914037856257,0.4881360469894643,0.4843073729599168,0.4858271737523968,0.4824524068182746,0.9488176417859698,0.9331212991087785,0.9418516043449334,0.9183386870085658,0.2382768003705005,0.23455363150333597,0.23602804275624156,0.23276032484474596,Healthy
10.408124,47.717884,66.595825,1.4743412990196072,2.2469050365244123,1.5698529411764703,1.812487504805845,0.7438478796017186,0.7052074016109642,0.7380557586385991,0.7184065161875832,0.4506598983405003,0.44531457548877673,0.44971601621880913,0.44751095643624506,0.943114667520055,0.9133169021102296,0.93940478997684,0.930077779096952,0.20309434397227008,0.19830507114274945,0.2022444952437162,0.20026605613048282,Healthy
6.8096776,47.51121,53.49675,0.9667585784313726,1.463713956170702,0.9693933823529411,1.252164552095348,0.8201608510590747,0.7900311451827166,0.818837311194022,0.8008143169514985,0.5790587240577876,0.5754948040579372,0.5794614270225105,0.5765969234321252,0.9651607572121693,0.9473336344004796,0.9650637348725521,0.9549454675933771,0.335309005907433,0.3311942694976835,0.33577554540696425,0.33246401211139204,Healthy
7.0476756,69.1706,68.6196,1.4682138480392148,2.2166705113417913,1.6196997549019603,2.2332487504805862,0.7438696467398265,0.7061893609550786,0.7341871787976236,0.7014039918835401,0.4247739205435354,0.4192687524646364,0.42325818720851155,0.41994057933796347,0.9461523652527496,0.9187061507410776,0.9405927144201175,0.9180981437006058,0.18043288357392576,0.17578628679325256,0.17914749303903543,0.17635009017470438,Healthy
7.4013076,68.56897,66.23349,1.3981617647058815,2.129288735101885,1.5797028186274504,2.073986928104576,0.7508794841565132,0.707405339136974,0.7390566611224605,0.7133630149881393,0.4244207672233803,0.4197669381408378,0.4240073499969042,0.41920083078011,0.9453502614565135,0.9167828293974554,0.9382560392851955,0.9189441444511123,0.18013298765048277,0.17620428235613397,0.17978223285139722,0.17572933652673442,Healthy
6.57427,63.244278,63.942642,1.4976715686274489,2.155755478662054,1.6345894607843132,2.174425221068818,0.7607033334256783,0.7266122875562162,0.7504063615232058,0.7239516911197854,0.47077253285735,0.4662791074266095,0.47059841917899004,0.46704791638894233,0.9469907340998314,0.9237426285023843,0.9421393615990424,0.92308220671563,0.22162677769292466,0.21741620602255565,0.22146287213376442,0.21813375620325248,Healthy
7.2415676,67.20427,65.92641,1.4518535539215678,2.0921184159938497,1.5155790441176473,2.0700038446751248,0.7515044235699238,0.7123259793543643,0.74808676128446,0.7168048465888698,0.436011594562554,0.43187914475920297,0.435887055098749,0.4312473644068864,0.944833069207537,0.9205194118836321,0.9424015084840809,0.9213602607345214,0.190106110592981,0.18651959567794058,0.18999752480265983,0.18597428930788587,Healthy
6.5493736,55.36505,62.33806,1.684957107843136,2.3236908881199527,1.713327205882352,2.2989619377162636,0.7419257933941277,0.7148378796748852,0.7405268419330936,0.7133429104739187,0.46547040063466116,0.4608285767861967,0.46569677621753336,0.4625815190236214,0.9345204817126388,0.9097429279443975,0.9334150616288551,0.910703689169311,0.216662693866992,0.2123629771827916,0.21687348737940335,0.21398166174220098,Healthy
7.2381825,59.380405,66.195755,1.678553921568627,2.3855747789311796,1.9026960784313725,2.400676662821988,0.7296385278722333,0.696886203302787,0.7198588299214149,0.6948529830664848,0.4286729354215688,0.422662067616246,0.42727995661119766,0.42452696714242266,0.9342443216981402,0.9065460395266337,0.9254409894628447,0.9059544256209022,0.1837604855629445,0.1786432234016401,0.18256816132166695,0.18022314583114363,Healthy
8.865792,44.1955,76.9787,0.9041360294117644,1.4900576701268733,1.1303462009803926,1.5073433294886576,0.7906670453507657,0.7401355948110651,0.7668223049331943,0.740142988282671,0.4616093982572346,0.4553425138538256,0.4589966322306879,0.4553452204337726,0.9725505048563235,0.9547457984573118,0.9656713771265037,0.9542224626544029,0.21308323655940622,0.20733680492272138,0.21067790839911332,0.20733926977188097,Healthy
7.5247087,61.9221,70.078064,1.7680759803921575,2.4351710880430617,1.7546109068627451,2.4563014225297968,0.71501620094552,0.6826603814958256,0.7188467407731634,0.6859781482368882,0.40293681392270825,0.39964119222540406,0.4038499810471648,0.3978740625611026,0.9317433614851842,0.9059581827051147,0.9322693830483351,0.9051421599520525,0.1623580760141832,0.15971308252334238,0.16309480719179537,0.1583037696588762,Healthy
7.08249,47.95649,64.0724,1.2347732843137258,1.61845444059977,1.2210784313725491,1.7353325643983086,0.7798553547970977,0.7546935712425735,0.7793555960902567,0.7509224583265605,0.5054694117780142,0.5021690181513483,0.504411134338014,0.500591023571264,0.9588089757843632,0.9460483442687027,0.9592612325849768,0.9421520483524302,0.2554993262432117,0.2521737227910892,0.254430592444162,0.2505913728801258,Healthy
7.6314497,61.528774,69.628494,1.6882812499999986,2.4573317954632845,1.862791053921567,2.4093194925028842,0.7195241617279367,0.6837433888265276,0.7157022361036126,0.6878237485811668,0.4057233927881654,0.401618590101198,0.4048053512644729,0.3997898493382518,0.9347593537259663,0.9050053249215795,0.9279902684081278,0.9068621423699034,0.16461147145553995,0.16129749191487408,0.16386737241235333,0.15983192363390208,Healthy
6.842653,47.83692,72.672424,1.2778799019607845,1.7187850826605142,1.3104779411764707,1.8761707035755488,0.7500054736019277,0.7201464088735247,0.7491303786321657,0.7151661099143749,0.43811689021331957,0.4335187666392561,0.4384340420823364,0.43375335068842324,0.956725162843653,0.9417760563360468,0.9556212446769218,0.9364446093633467,0.19194640949018993,0.1879385210284218,0.19222440925665593,0.1881419692334343,Healthy
8.201381,60.245266,63.59395,1.18250612745098,1.7450519031141858,1.3918504901960784,2.021468665897732,0.7741527261720613,0.7388460986796163,0.7605121514146272,0.7277975392232285,0.4507226653400608,0.44614342951460556,0.4498275218359497,0.4444058499464196,0.9557665092761926,0.934756286868451,0.9479356560462586,0.9244216624692465,0.20315092105124843,0.1990439596990538,0.2023447994010718,0.1974965594665996,Healthy
7.181743,61.18797,66.23978,1.2467371323529404,2.1275048058439068,1.4722426470588232,1.7903729334871201,0.7703686480430006,0.7224714649640414,0.756326781556893,0.7370272433586201,0.4441718803117322,0.43828328499938995,0.4424782874298734,0.44025412426251975,0.9549272601238037,0.923123518053088,0.9467754104114882,0.9353075023158708,0.19728865925965977,0.1920922379098565,0.19578703484687363,0.1938236939301582,Healthy
8.517643,64.74438,65.69272,1.0774509803921561,1.9209534794309875,1.318658088235294,1.6589311803152638,0.7723435148985072,0.7176805592628498,0.7534468902774591,0.7302469320330904,0.4092137913515027,0.4016260240306886,0.407118213743617,0.4035668139092516,0.9557327940691531,0.9210726499603303,0.9458146650713438,0.9318385187813956,0.1674559270322712,0.16130346317869926,0.1657452399617934,0.1628661732888645,Healthy
9.509072,66.57366,70.40224,1.4046262254901953,1.8808612072279893,1.5092371323529414,2.318323721645521,0.7494912013695543,0.7179045396442478,0.7410591106511284,0.701568368133,0.40162219461621534,0.3976666074982422,0.40114909682626426,0.3952313662639583,0.9486280293759574,0.9312023248334403,0.9447936658388576,0.9152005787493263,0.16130038720834516,0.15813873071916099,0.16092059788452756,0.15620783287887513,Healthy
6.101094,51.924118,62.26169,1.231801470588235,1.6485044213763942,1.2517769607843134,1.8312956555171087,0.7914181036296724,0.7671662720190882,0.7901882854398568,0.75934216862805,0.5281506121809215,0.5246108430314654,0.5272309494516675,0.5242059416616329,0.9603984329380616,0.947056939057518,0.9597660707927136,0.9411863163558386,0.2789430691470822,0.27521653662618484,0.2779724740597067,0.2747918692733593,Healthy
5.976384,48.97888,57.20102,1.297594975490196,1.66648212226067,1.3244791666666669,1.8307881584006158,0.7999961405797303,0.7782251850002655,0.7948178890459857,0.7684658627627148,0.5560821544556653,0.5526829126725984,0.5547986557316136,0.5521230556822245,0.9555172113965715,0.9429480233882185,0.9546178927432238,0.9373228176044041,0.30922736250405447,0.30545840196026697,0.3078015484016055,0.30483986861587675,Healthy
6.0039916,48.447556,57.22336,1.1813112745098036,1.6839061899269507,1.1918198529411765,1.5732103037293341,0.7999198864774291,0.7716369749911736,0.7981770244044866,0.7780828364972276,0.5536971188179101,0.5500801753794118,0.5535018613917626,0.5502426397846482,0.9598020575443929,0.9427772096453584,0.9594444691253283,0.9465388963277278,0.30658049938725485,0.3025881993454444,0.30636431056414604,0.3027669626371781,Healthy
6.9427357,54.973705,64.13533,1.1888480392156866,1.677108804306036,1.2837622549019605,1.879800076893503,0.7851450582793423,0.7566874997102219,0.7788276532809413,0.7500638913882725,0.5025533889912438,0.49832199285276446,0.5019546961882644,0.49807346078788495,0.9605276887689161,0.9443597349883893,0.9573763327181506,0.9376351884990076,0.25255990878658435,0.24832480856075062,0.25195851702545274,0.24807717234122076,Healthy
9.404566,45.01415,78.09975,1.1090686274509807,1.6444752018454434,1.205024509803922,1.672249134948096,0.7741585263821273,0.7356599438206429,0.7654870918130007,0.7338280613302071,0.4640588414964521,0.45920794155887457,0.4637470593461196,0.45902386341708806,0.9686086924798188,0.9534454458144264,0.9658918661082097,0.9526591735914437,0.21535060837102923,0.21087193359073875,0.21506133505217337,0.21070290718634951,Healthy
7.3956265,49.94159,67.2986,1.2653952205882353,1.7402537485582463,1.3820618872549009,1.860330642060746,0.7709792754716576,0.7434066698704033,0.7642832892836834,0.7383341698626422,0.4938347289972723,0.4908731980033025,0.4927678425405482,0.4892586416422559,0.9599708408878859,0.9449834088468732,0.9562727119279275,0.9411846567412089,0.2438727395638094,0.2409564965179894,0.2428201466420665,0.2393740184216254,Healthy
6.4222326,44.788548,66.87544,1.223866421568627,1.5838216070742022,1.2621017156862744,1.7924183006535952,0.7657207968545362,0.7414715966318114,0.7635118393826434,0.7338706542149062,0.47860057687184554,0.47449282150510075,0.4785674987600048,0.47451599673008676,0.9581235214815338,0.9458238276024682,0.9568152418812889,0.9386885729863953,0.22905851218206336,0.22514343765987138,0.2290268508694072,0.2251654311527477,Healthy
7.4552884,50.32482,67.58313,1.1183517156862743,2.0194079200307575,1.6323223039215686,1.9932333717800863,0.7868062870092354,0.7362325023197668,0.7566258650697103,0.7397312000134276,0.49282974721524697,0.48740291858299356,0.4912314667518005,0.4874890744408191,0.9647870404109365,0.9364560930948357,0.9486039154604906,0.9372797172080357,0.2428811597402442,0.23756160504322027,0.2413083539271253,0.23764559769916652,Healthy
7.515888,53.02213,72.11009,1.1762867647058828,2.0450288350634374,1.5250919117647055,1.9504805843906197,0.7701856401449879,0.7223650740923454,0.7511406956235088,0.7275653662108115,0.4624117882176007,0.4567837574546734,0.46186060656993655,0.45709875767219604,0.9627291227969079,0.9352116680321348,0.9516770330465395,0.9382070448790677,0.2138246618825992,0.2086514010744099,0.2133152199011497,0.20893927426546502,Healthy
6.2308793,52.121876,70.639786,1.2198835784313724,2.065144175317186,1.5708639705882355,2.0191003460207613,0.7742771151594172,0.7288334432091459,0.7553119989829354,0.7343905881461885,0.49578255039142255,0.49075300029279845,0.4947144490678613,0.49072737730273763,0.9628509442212586,0.9371371006033935,0.9521599743260822,0.9385386728610322,0.24580033727262343,0.24083850729638345,0.24474238611651752,0.24081335883442342,Healthy
5.529721,50.216698,70.527084,1.131311274509804,1.997939254133026,1.5807291666666667,2.059484813533257,0.779830016813787,0.735276393819904,0.753049866373731,0.7272134936780968,0.4941421008833819,0.488690480081391,0.4926055052941012,0.4888643125853084,0.964750972038211,0.9377742338612238,0.950751277213601,0.9358573987182363,0.24417641586544236,0.23881838532218042,0.24266018384605675,0.2389883161195061,Healthy
10.325945,52.14352,70.137375,0.9370404411764705,1.2822760476739714,0.9136948529411765,1.5224913494809686,0.8058640908592253,0.7757072240330003,0.8014107969178254,0.765656700320741,0.5139538284193435,0.5101420302174383,0.5139294593257147,0.5089920835042955,0.9729340650931717,0.9629822959576196,0.9736083904944802,0.9560475809523186,0.2641485377468999,0.2602448909943697,0.26412348916282136,0.25907294107004375,Healthy
8.960802,49.02726,64.94562,0.8509803921568627,1.1856670511341796,0.8405024509803919,1.403767781622453,0.815979483043064,0.788581254740058,0.8128599467180782,0.7786285697641439,0.5387601258723099,0.5353837086149402,0.5380555562378512,0.5342826675107524,0.973672574350893,0.9633486884155581,0.9740021867274632,0.956607077529749,0.29026247322994725,0.28663571545028727,0.28950378159842344,0.28545796880240515,Healthy
11.4215145,52.98403,69.83409,0.8896139705882353,1.2562245290272975,0.9160845588235296,1.4973317954632837,0.8052356243570553,0.7749144583971523,0.800022914658403,0.762551717071747,0.5062995263228982,0.5022777095319123,0.5059642868614824,0.5008681136894383,0.9734167073472617,0.9624793539840276,0.9726257177528822,0.9552780136290295,0.2563392103547911,0.25228289749262406,0.2559998595792484,0.2508688673108161,Healthy
11.35996,51.92556,69.14485,0.9725796568627453,1.28956555171088,0.8613664215686279,1.5151095732410613,0.8014242166124735,0.7769206569490124,0.8065206185672339,0.7662194565708552,0.5176075793945598,0.5143838140195526,0.5182135530234415,0.5131394550992693,0.9718267943936667,0.9626688648949687,0.9750483642897444,0.9561396781245056,0.2679176062466956,0.26459070812530167,0.26854528653717924,0.263312100379575,Healthy
6.084801,50.377724,82.64867,0.7504442401960784,1.3589234909650134,0.8990042892156861,1.242783544790466,0.8319002344994609,0.7732708443297135,0.8058392042436697,0.7868431405157246,0.4861292448954032,0.4796869229651828,0.4833480395163012,0.4803821526031256,0.9823904871690958,0.9681154928611316,0.9788991437720218,0.9708388039017312,0.23632164274257492,0.2300995440638052,0.23362532730425184,0.23076701253961268,Healthy
6.8030014,50.645695,81.28714,0.787990196078431,1.2391695501730107,0.8205729166666665,1.3207996924259895,0.8262053585157121,0.7815188562953115,0.8088627514300637,0.7756387369771536,0.47894148968047584,0.4735275733936647,0.4783249994595841,0.47353713980612,0.9808658883894753,0.9699201123935954,0.9800786545794687,0.967938572566205,0.22938495053735336,0.22422836276409253,0.22879480510801117,0.22423742277576084,Healthy
7.037925,50.846455,77.47923,1.5928308823529416,2.1735332564398315,1.6944240196078415,2.483260284505961,0.7412895521822566,0.7114407813482714,0.7340796606084191,0.7048465746305722,0.45279505242316925,0.4488074348175953,0.452645262128608,0.4482547741599121,0.9558541092988125,0.9397606721433466,0.953039123009948,0.9311766021174875,0.20502335949890058,0.20142811354755005,0.20488773332747623,0.20093234255715378,Healthy
6.6185856,45.855904,70.328156,1.176240808823529,1.7471741637831606,1.2273437499999993,1.5888658208381388,0.7628087211304664,0.7289059269879695,0.7595907806882882,0.7330025214778476,0.4533370155119192,0.4503544650013376,0.4541382915983647,0.4501114011973135,0.9598999242840424,0.9404378170603974,0.9581581413141617,0.9458419374675142,0.20551444963325405,0.202819144146641,0.20624158789588135,0.20260027348780893,Healthy
8.455325,54.056366,73.459076,1.373682598039216,1.944190695886197,1.324004289215687,1.7939100346020769,0.7575682627320302,0.721151774278102,0.7561469178695117,0.7272824394971351,0.4408230293365163,0.4358881153037788,0.441554562718628,0.4376140323881806,0.9556422673381599,0.9372227970020695,0.9572554192952516,0.9420753538220937,0.19432494319342308,0.18999844906308036,0.19497043185763877,0.19150604134304358,Healthy
9.234091,47.361206,81.505615,1.0864123774509802,1.6207920030757401,1.2229013480392152,1.7051595540176856,0.7740258575874434,0.7321621462700231,0.7614726358020586,0.7267343412176401,0.43909544434187425,0.43345086157478285,0.43788177411676316,0.43300474578475856,0.9686810384547582,0.9532523727523018,0.9647413488127808,0.9508184511363331,0.192804809241788,0.18787964939992155,0.191740448103644,0.1874931098721234,Healthy
7.3610473,54.13757,85.78104,0.8057291666666665,1.2879354094579014,0.8551776960784313,1.3549250288350632,0.816521388528201,0.7705882593056038,0.7998533164135511,0.760762433788379,0.4414904859074683,0.43474110242727393,0.44018063639126265,0.434698988409191,0.979497135305645,0.9672141495265277,0.9782415651059665,0.9655087997646411,0.19491384914681245,0.1889998261396815,0.193758992653817,0.18896321052397397,Healthy
6.6820664,49.54413,79.44026,0.735968137254902,1.2724951941560938,0.8574448529411763,1.2955017301038072,0.834234765596796,0.7851673403785188,0.8097885085228301,0.7835384067398261,0.4962838402870459,0.48958505633968213,0.4935433663075436,0.4906409070045515,0.9823379787587034,0.9694707405959676,0.9794198617259503,0.9689187174981696,0.2462976501300581,0.23969352739112973,0.24358505442618217,0.24072849962624895,Healthy
7.4575763,60.243702,58.641068,1.1084558823529416,1.7072818146866575,1.350183823529412,1.8202537485582462,0.797934821216612,0.7605806946120266,0.7817723976428463,0.7583644416187783,0.506689587437446,0.5027077575195796,0.5057274660892142,0.5018451402678122,0.9579148008866738,0.9352462902028011,0.9487370170004346,0.9309614956491311,0.25673433801752915,0.2527150894703645,0.2557602699570173,0.2518485448104201,Healthy
7.5030303,63.024033,61.41214,1.1359374999999992,1.7068204536716631,1.3415134803921567,1.8976086120722793,0.7883627990588943,0.7538568476964492,0.7744911867564497,0.746523790100442,0.485113437841192,0.4811452056060429,0.484409902152833,0.48000513877029044,0.9573450296461465,0.9359593369303522,0.9496255579770697,0.9288008803138247,0.23533504757410004,0.23150070887768132,0.23465295330371727,0.2304049332458858,Healthy
6.9328594,56.106518,54.947952,1.1177696078431365,1.7649365628604385,1.2702665441176475,1.6029373317954632,0.8029052065032979,0.7705903201405526,0.7939757375525915,0.7752350851029662,0.5345406494705698,0.5305072423232908,0.5343299261863328,0.5315707847286557,0.9565816316848711,0.9315338748339287,0.9506579348089139,0.9378182190652561,0.28573370593641856,0.2814379341574628,0.2855084700182918,0.2825674991770389,Healthy
7.0421057,59.137875,57.783737,1.0748468137254892,1.7468665897731641,1.3151348039215687,1.6148865820838139,0.8024770249767267,0.7643641688988718,0.7853864357458655,0.7657434317283053,0.5100155448975953,0.5055924855282263,0.508928001355344,0.5060017826554203,0.9586239132408626,0.9328273259349218,0.9493679341633915,0.9379023926463816,0.260115856037191,0.2556237614226098,0.259007710563545,0.2560378040504632,Healthy
4.825495,44.311333,60.01477,1.2286458333333328,1.651164936562861,1.0992493872549016,1.6354171472510575,0.7955579767598688,0.7718045668195666,0.7993203535550942,0.7695521451693622,0.5550478745314806,0.5514244759074344,0.5564336442975614,0.5532229504257051,0.9589861673676373,0.9449381424024735,0.9633013491760427,0.9454632968538729,0.3080781430219143,0.3040689526297886,0.30961840050626505,0.30605563287772214,Healthy
6.5081525,46.906578,63.697586,1.1965379901960778,1.7474509803921567,1.1897058823529414,1.7334563629373323,0.7845280666019162,0.7533218146671034,0.7810967229771397,0.7504912810646145,0.514654988256147,0.5094099393683925,0.5144224352293651,0.5113376592410197,0.9601142861505708,0.9417965862725124,0.960342029440506,0.9422627135166075,0.2648697569369348,0.2594984863273093,0.2646304418673104,0.2614662017580852,Healthy
7.3214493,49.986607,75.58159,1.3891237745098044,1.802952710495963,1.4256893382352938,1.9862360630526714,0.7429558870362193,0.7145742946290291,0.7419508147859436,0.7076817224388899,0.42600107521720065,0.4214092032116896,0.426229851115691,0.4216792859244566,0.9549883979918378,0.9415586018321562,0.9538083383522669,0.9356176035404296,0.18147691608621105,0.17758571655151112,0.18167188598210413,0.17781342017775958,Healthy
5.770532,42.363274,57.13475,1.116421568627451,1.5903575547866207,1.134237132352941,1.6439984621299504,0.8020389714706432,0.7734879130946483,0.8000532799733066,0.7764232088615485,0.5642388138835239,0.5614953445260289,0.5641272033661097,0.5597546795589708,0.9615289790125703,0.9452712730318722,0.960915602770808,0.9434253368274803,0.31836543909268594,0.31527702192440393,0.318239501577668,0.3133253012881661,Healthy
7.8028717,50.500023,68.57236,1.3257659313725492,1.7126028450595918,1.2072610294117652,1.807028066128412,0.7636356132454459,0.7397329977242579,0.7696653406883728,0.7360284064037248,0.4732663610007805,0.4702031375436944,0.4740387423750778,0.468641464767823,0.9568692779740605,0.9443030826938552,0.9607245603163135,0.9412322050851564,0.22398104845492112,0.2210909905559344,0.2247127292725454,0.21962482249973064,Healthy
6.0617723,43.04581,57.569183,1.114522058823529,1.61445597846982,1.130269607843138,1.6172241445597852,0.799998465586716,0.7737131167767235,0.7973012862074437,0.7707022148008261,0.5572416670848932,0.5524964289112021,0.5570323488807382,0.5543873233585348,0.961359478212429,0.9440982259524442,0.9608135100943691,0.9440023760826729,0.31051827553555095,0.30525230395963093,0.31028503769959237,0.30734530430064066,Healthy
16.740583,55.56023,65.68971,1.4705269607843137,2.120845828527489,1.6162683823529407,2.171011149557862,0.7524049194451768,0.718186144461408,0.742377224857041,0.7171575485176837,0.46839903600009863,0.4638974998002501,0.46681226997300873,0.46230276892542493,0.9478261843144333,0.9247832995592391,0.9426526531282804,0.9230041545707033,0.2193976569258217,0.21520089032092302,0.2179136953973532,0.21372385015611486,Healthy
8.998046,61.503506,65.71466,0.8761642156862743,1.1819915417147249,0.8340533088235295,1.2607304882737407,0.8088834287474047,0.777742194356461,0.8076953335387984,0.776531506914368,0.5024910005806952,0.4994875612272597,0.5043839868331539,0.49854043020966016,0.9678397358318291,0.956631820572205,0.9693884797875054,0.9537426260966354,0.2524972056645882,0.24948782382075546,0.2544032061737071,0.24854256055363302,Healthy
9.444827,64.35292,68.600784,0.8558210784313725,1.2930103806228364,0.8943933823529414,1.2345405613225677,0.8063184582838615,0.7686195381567159,0.7966561149291377,0.7696357337251355,0.4809486793122242,0.47629012869763276,0.48208194358392104,0.4772695870967243,0.9683980119672411,0.9522605935795356,0.966979224863786,0.9544195193623755,0.23131163213217268,0.2268522866948076,0.2324030003296508,0.2277862587674777,Healthy
9.607517,65.78876,71.376144,0.9637867647058825,1.2925490196078426,0.9020220588235295,1.3634755863129555,0.7957902846350189,0.7630742235555151,0.7962582225988524,0.7630506155830522,0.46974906648339565,0.46629596192430317,0.4718507637812825,0.4655155429858788,0.9658225720454703,0.9541588601234301,0.9680160469204362,0.951643171214932,0.22066418546202168,0.21743192410691117,0.22264314328097964,0.2167047207614376,Healthy
10.042023,69.755875,74.346725,0.9857843137254905,1.4214071510957322,0.9321231617647056,1.3541099577085736,0.7856391555948273,0.7490966672963547,0.7905638251165399,0.7477557434307286,0.44730144644930286,0.4425452152145278,0.44972909642903103,0.44345063582004485,0.9645690330275153,0.9489082389619707,0.9665154467510547,0.9513273538302105,0.20007858399563858,0.19584626750927273,0.20225626017487267,0.19664846640920206,Healthy
19.519192,52.021023,60.880066,1.2467830882352937,1.9070203767781622,1.3109375000000003,1.778146866589773,0.7848378983495233,0.7530424568177271,0.7798622265837785,0.752819945713475,0.4937200628481769,0.48985938661411976,0.4939452762607952,0.48983982941788773,0.9548559509263739,0.9310096972776043,0.95253302086715,0.9356719560500116,0.24375950045880773,0.23996221865396164,0.24398193594035328,0.23994305848414532,Healthy
20.930534,56.792843,66.566025,1.3024969362745091,1.9508342945021144,1.3349571078431368,1.8489350249903882,0.7704173674524497,0.7354243360362748,0.7661045156691176,0.7365608127708246,0.45134164011837313,0.4470155518452149,0.45109365512535665,0.4470396886201577,0.9538100703835519,0.9308422921133277,0.9526497738610095,0.934454665722134,0.20370927610474307,0.199822903591482,0.2034854856943542,0.19984448320160755,Healthy
7.7311063,63.670006,61.306717,1.719270833333333,2.2948712033833134,1.883700980392156,2.5844828911956923,0.7398980028531295,0.7122353205981649,0.7342748609448211,0.7030570888108179,0.46449535654269947,0.4612132355915117,0.4656626751631278,0.4617387009750096,0.9292550378548835,0.9056138878091438,0.9224897789440626,0.8937022430994456,0.21575593624972952,0.2127176486847913,0.21684172704008067,0.2132026279780893,Healthy
17.979496,49.313858,56.751495,1.2263480392156854,1.7870665128796615,1.2545343137254898,1.6435832372164554,0.798288545800283,0.7688922322008082,0.793319259158198,0.7704988619673848,0.5236703070556773,0.5203278446087664,0.5238571133077206,0.5202325955677023,0.954410354064516,0.9336451713536272,0.9533625256878645,0.938972789604897,0.2742305904917874,0.2707410658752045,0.2744262751630979,0.2706419534911085,Healthy
19.0774,51.34097,59.4814,1.1981617647058822,1.8169627066512881,1.2683210784313739,1.721276432141486,0.790328983758518,0.7589464468593012,0.785070201348543,0.7598070212243778,0.5051751909670635,0.5013436349358465,0.5052991054644322,0.5014459597756168,0.9564024360758316,0.9339517618485497,0.9538495460945907,0.937430044492169,0.2552019735686091,0.2513454402906874,0.2553271859831554,0.2514480505752895,Healthy
6.1531177,45.79464,74.00462,1.867493872549019,2.482214532871972,1.7494791666666658,2.468988850442139,0.7384332525625444,0.7104575482055454,0.747129054426845,0.7173413915546234,0.48923432000152917,0.4868798012206329,0.4899263949683602,0.48421528221858207,0.9493595672579214,0.9327184625737165,0.9525626240635596,0.93307695243913,0.23935021986735863,0.23705194083664302,0.24002787248669372,0.23446443953402107,Healthy
17.541204,41.03203,68.96759,1.5582107843137252,2.556570549788543,1.6350030637254902,2.016132256824299,0.7503836889918577,0.7004000865039091,0.7388935209371897,0.7217153272699683,0.4430303981928404,0.44002020615194876,0.4443968822310153,0.43978316284780655,0.9490180952361722,0.9163779049304663,0.9465126154444102,0.9340556881988025,0.19627593372290675,0.19361778182200348,0.1974885889366469,0.19340923032442034,Healthy
8.271938,44.754234,64.6991,1.4342524509803922,2.089627066512879,1.6882046568627451,2.4500730488273748,0.7589247001331385,0.7192798045226042,0.7404694891083872,0.7090403036037597,0.4699689048377685,0.46483780484946874,0.46968128645517565,0.46576555505610034,0.9481845179191821,0.9245327359016549,0.9390099434122419,0.9115151632560685,0.22087077151441148,0.21607418481727278,0.22060051084618876,0.21693755227671724,Healthy
7.483048,39.35992,58.243713,1.5187346813725486,2.3884198385236464,1.617769607843137,1.9942022299115734,0.7772413316056032,0.7344951656092354,0.7657118245951231,0.7510664308720801,0.5304837284591487,0.5273198268388557,0.5305522354575478,0.52626389142336,0.9460549775272314,0.915253647578183,0.9425367785719334,0.9292413493619255,0.2814129861599198,0.2780661997773608,0.28148567454900125,0.27695368341605814,Healthy
18.048302,56.817497,66.86919,1.554549632352941,2.252226066897349,1.6835171568627454,2.1835447904652043,0.7503374148316001,0.7138718351574896,0.7398097900862076,0.7136458900647185,0.45951013937389446,0.4535839327652537,0.45827059024838807,0.45561423529582135,0.9460838815300789,0.9219144579799415,0.9416015850477387,0.9242956652861255,0.2111495681874159,0.20573838406279418,0.210011933886606,0.20758433140419608,Healthy
8.377324,43.56731,63.93936,1.6494791666666664,2.5189081122645134,1.6152573529411756,2.1010380622837364,0.7563142306777617,0.7140257886883765,0.752727475024587,0.7310232003193772,0.491517096865885,0.487988145594922,0.49065313260748644,0.486905544112097,0.9434571815961991,0.9137048062933348,0.9446249816412925,0.9280210012815304,0.24158905651146778,0.23813243024117076,0.24074049653753968,0.23707700888709723,Healthy
8.308532,43.450375,65.19772,1.6453431372549017,2.664575163398694,1.8257352941176457,2.22572856593618,0.7580398971852418,0.7100357793739925,0.7446363734187507,0.7267837215221056,0.4889240441714318,0.4850679080374633,0.4886932678721769,0.48415647823469,0.9453061130954832,0.9114741147394482,0.9393095838594145,0.9260540312933503,0.23904672096894822,0.23529087540784094,0.2388211100635872,0.23440749541661782,Healthy
7.476007,61.896236,66.07034,1.0505361519607843,1.846043829296424,1.29249387254902,1.5736562860438297,0.7892519169554598,0.7386930323814613,0.7692803082958187,0.7524146498565413,0.45790705095592826,0.4515483688585317,0.4559317152663287,0.4529040908236721,0.9616686433957191,0.9326646800629786,0.9528395532578033,0.9426003028787023,0.2096788673151551,0.2038959294188006,0.20787372898569662,0.20512211548481704,Healthy
7.5704584,51.356873,61.399597,1.2762867647058829,1.908173779315649,1.3163143382352946,1.762937331795463,0.7773260002105167,0.741231621695137,0.7745234971302528,0.749607589118199,0.4807237683602436,0.47623611530553756,0.4808959873608349,0.47723796587472034,0.9540762970252359,0.9313901635062242,0.9526263971270196,0.9366125175081692,0.23109534146647318,0.22680083752130928,0.23126095065975225,0.22775607607224074,Healthy
8.065414,66.25827,73.26793,1.2196844362745096,1.6397539407920025,1.3562193627450976,2.0155478662053055,0.7674949817012378,0.7366922223296863,0.7584133309984367,0.7183061742000623,0.42414699895542696,0.4199510234824747,0.4228273078138346,0.41814435672628386,0.9595578193422069,0.9456177350047991,0.9550235914778907,0.9331513046791445,0.17990067672289498,0.176358862123978,0.17878293223309524,0.17484470306203773,Healthy
9.138455,66.67619,72.12552,1.2536917892156858,2.10085351787774,1.3776501225490188,1.7166320645905409,0.7640635161960215,0.7140995422043697,0.7545014761456852,0.7335337385707736,0.4194768314192223,0.4134675297194389,0.4187977559110637,0.41532768944634596,0.9564343432869417,0.9269929702673125,0.9521245849441826,0.940345410336017,0.17596081209751066,0.1709553981322951,0.17539156035614292,0.17249708962084037,Healthy
7.1873994,61.69863,68.93704,1.1693321078431378,1.9906036139946164,1.3252604166666668,1.5958938869665513,0.7804820236545508,0.7327943853842979,0.7668133896662871,0.7500971684976347,0.4640672507020612,0.4593655451825737,0.4634822836916118,0.4610639630654377,0.9619132894144565,0.935189566172516,0.9568412480581914,0.9480330634705604,0.2153584131741697,0.2110167041008832,0.21481582729599175,0.21257997803760725,Healthy
9.573824,60.433506,67.10814,1.6771139705882354,2.451672433679355,1.7962316176470583,2.234125336409073,0.7399136422416019,0.7032997835518285,0.7353412452128805,0.7119892031489483,0.4505003993522503,0.44642093294175295,0.4508309134642307,0.44687150350756805,0.9402859593373856,0.9127464409547089,0.93605515654798,0.9204888173992768,0.20295060981653698,0.19929164936858507,0.20324851253499265,0.19969414064711438,Healthy
17.866589,45.782124,76.48923,1.6103247549019613,2.143021914648214,1.7995098039215685,2.7873587081891573,0.7319722967877491,0.7001471395216977,0.7153523301885765,0.6703886903593247,0.39900062730177993,0.3943143885359356,0.3987973099687194,0.3937259199849309,0.9481200997196495,0.93091716646018,0.9420270271446491,0.910145917733823,0.1592015005872139,0.15548383700646878,0.1590392944382869,0.1550201000679802,Healthy
9.1865225,60.58368,67.507385,1.5720128676470588,2.1422991157247218,1.706280637254902,2.3890657439446366,0.7403587229475643,0.7113783023397453,0.7334609962275469,0.7031854051415739,0.44884366314271945,0.4448246420542088,0.4479466328602027,0.4443540859258984,0.9439678247870623,0.9236581280272775,0.9391674852818216,0.9148644700190434,0.201460633943375,0.19786896217865496,0.20065618589079323,0.1974505536790407,Healthy
7.456015,61.118576,67.50618,1.419868259803922,2.3439753940792016,1.7573835784313716,2.14654363706267,0.7462496182791973,0.7053558385328038,0.7291435812656776,0.7100487388118225,0.4583704190901433,0.4535802687833192,0.4569221789858985,0.45424285925948416,0.9481937152936154,0.9144951019871733,0.935866070947173,0.9216979887244959,0.21010344109687362,0.2057350602295481,0.20877787764922145,0.2063365751882315,Healthy
8.875657,58.994377,63.41693,1.5592830882352942,2.2629450211457125,1.6766544117647058,2.041953094963476,0.7491160638677475,0.7141064208470207,0.744255071259371,0.7229465771723994,0.46243567981957406,0.4585268898034007,0.4628795946837213,0.4590260902504719,0.9400248780145746,0.9129975523790899,0.9355110110038459,0.9214939450044021,0.21384675797019162,0.21024690867277993,0.21425751917456612,0.21070495153063437,Healthy
17.89843,57.223526,66.58742,1.521936274509804,2.1295501730103794,1.5976409313725481,2.194509803921568,0.7477443927089418,0.7142265810267876,0.7419013150368603,0.7132448033618005,0.4525462978967076,0.44925006744216045,0.4526654043702913,0.44718293389331454,0.9452716049182219,0.9234434684657358,0.9425503753759613,0.9211081931123455,0.2047981517400156,0.2018256230967857,0.20490596831371935,0.1999725763654325,Healthy
8.922971,42.232388,67.31267,1.0562499999999997,1.6293271818531327,1.0795189950980386,1.4030142252979616,0.7984937004978098,0.7594983203457646,0.7919250664899998,0.7695872025936819,0.4933943406869022,0.48870693574204904,0.49402599796694624,0.4904068248155089,0.968081343981689,0.9508041834418897,0.9673826202069082,0.957637498993954,0.2434379754218629,0.23883446904238323,0.24406168666723718,0.24049885382562922,Healthy
7.745973,66.21599,63.14592,1.7428768382352933,2.292103037293348,1.829580269607842,2.6553171856978093,0.7304034731591666,0.7048615739684232,0.7285395345704859,0.6942449102024755,0.4475491433481079,0.4438615875900176,0.44771372956019806,0.44446947244177337,0.9275070180439491,0.9046887853091462,0.9238941670015228,0.8895922530897132,0.20030023571162522,0.19701310893793084,0.20044758363670218,0.19755311193266833,Healthy
5.5612106,39.76809,65.91113,1.119454656862745,1.641245674740485,0.9969669117647056,1.4399692425990007,0.8001640169197533,0.7643308892572402,0.8000856836015638,0.7754369576409822,0.5359405049575674,0.531585868951917,0.5368522995129148,0.5329122836269738,0.9669143968043824,0.9515311262851406,0.9705324495293943,0.9574751802658522,0.2872322248541723,0.28258353606936465,0.28821039149230443,0.2839955020405162,Healthy
9.335363,43.6494,72.04741,1.1602328431372542,1.7791618608227595,1.1625612745098033,1.5502960399846213,0.7863697730434432,0.7480009791005323,0.7824653769420198,0.7564677048931687,0.4790024481100062,0.47396884315422844,0.4794922184388426,0.47549324493411216,0.9678512920070198,0.9507341309821626,0.9677915608853728,0.9570715535829301,0.22944334529537916,0.2246464642809576,0.22991278754340275,0.2260938259779716,Healthy
5.645905,38.8589,64.77518,1.002267156862745,1.3720722798923488,1.0266697303921568,1.585436370626682,0.8088007787097421,0.7787508819869278,0.7998301460753455,0.770080404640241,0.5455949182280678,0.5421674075873183,0.5457260107069064,0.5407525488081896,0.9705195180419952,0.9596815156379774,0.969801692491219,0.9534117771554002,0.297673814796292,0.2939454978499533,0.2978168787620746,0.29241331904255347,Healthy
10.014609,38.13845,60.596924,1.1654105392156873,1.4170396001537875,1.0866574754901963,1.8134102268358308,0.8007983012348455,0.7835073612919733,0.8049402821230535,0.7629071623975255,0.5278114020029485,0.5252263513728009,0.5286231349991493,0.5237894406325002,0.9618165193149468,0.9536175819705998,0.9643953834251131,0.9406435335132047,0.2785848760843181,0.27586272017638497,0.27944241885632876,0.2743553781181075,Healthy
9.065565,33.451435,54.244232,1.0946691176470584,1.3632910419069584,1.1452205882352935,1.7752556708958092,0.819802348412418,0.800997901666091,0.8137426145415484,0.782018937547258,0.576225695443496,0.5734166229058837,0.5762120862411596,0.5721668809065905,0.9628457245862526,0.9537981547038308,0.9611299520020732,0.9398367000540498,0.3320360520893406,0.32880662342478845,0.3320203683303896,0.3273749396063766,Healthy
18.07552,40.73679,69.091156,1.4125765931372538,2.471034217608612,1.6784620098039207,1.9171856978085349,0.7595143584753555,0.7010480957873755,0.7362750893977398,0.72394822423748,0.44715582468101656,0.4426504837084585,0.4453418215329271,0.44286078434963766,0.9538949205502121,0.9193604066421702,0.9451851747533826,0.937430023520599,0.19994833154616,0.19593945072733226,0.1983293380062655,0.1961256743147763,Healthy
23.2093,41.292366,64.60263,1.1509497549019605,1.490211457131872,1.228109681372548,1.8923029603998465,0.7973939837526984,0.7698131632760564,0.7895583855640901,0.751376756236927,0.41979222286372603,0.4145916315025999,0.41954429890500516,0.41359271580655405,0.9597400873762167,0.9478996770221695,0.9570426591395482,0.9338418558179057,0.1762255103768682,0.1718862209119876,0.1760174187436923,0.17105893456824098,Healthy
19.258688,42.111546,64.192444,1.160569852941176,1.4407535563244906,1.132613357843137,1.8202076124567472,0.7986851769144989,0.7765401759040571,0.7977860207856924,0.7558680981644301,0.4468666306536879,0.4426103101039518,0.4476978161562917,0.4417258625096172,0.9612605403512139,0.9519373829867108,0.9621912282907121,0.9392788640213695,0.19968978559177952,0.19590388661031635,0.20043333459111273,0.19512173760986523,Healthy
15.121513,35.92036,66.776,1.4505055147058823,2.4312648981161087,1.6345588235294115,2.0587004998077663,0.7610116684272155,0.7125575122751463,0.7518387249586079,0.7318513479894678,0.4802789942706765,0.4760341998433316,0.4790251252487946,0.4745025309441748,0.953370951795903,0.9218772487186665,0.9474597163785163,0.9338487191419017,0.23066791233765252,0.226608559420481,0.22946507061962335,0.2251526518724276,Healthy
13.282352,37.397415,70.63072,1.4407781862745093,2.5227681660899646,1.8100949754901943,2.1814225297962304,0.7602033082261213,0.7037485708994736,0.7389903616483474,0.7198971084294159,0.45971738788172056,0.45525451449170173,0.4587317271169673,0.4536568621126203,0.9551021037935195,0.9214015348587015,0.9435975814116827,0.9320363823469181,0.2113400767207923,0.20725667296507508,0.21043479746371577,0.20580454854186897,Healthy
8.779034,65.448944,62.205643,1.7634803921568636,2.3484352172241434,1.8284466911764703,2.5958477508650506,0.7303441276045377,0.7046195264509127,0.7300698364432866,0.6964867968193761,0.45237709890994215,0.4485898890986464,0.4532077218412542,0.44894985161031986,0.9264857436474991,0.9021239905815591,0.923771677997019,0.8918124857645274,0.20464503961817557,0.20123288860153588,0.20539723913653962,0.20155596926092822,Healthy
17.810535,55.8857,65.73299,1.5012254901960786,2.104882737408689,1.5302389705882344,2.0767089580930413,0.7496116639659297,0.7178879535525731,0.7481418373737949,0.7200170152702129,0.46005992900179876,0.454739503739727,0.4602866112136941,0.4568208037625306,0.9462650091533993,0.9246875297207878,0.9452280217428872,0.925695585254734,0.21165513827314011,0.20678801626145318,0.21186376446258634,0.2086852467502445,Healthy
15.893139,40.15564,75.90126,1.5316023284313722,2.298423683198769,1.877696078431372,2.690396001537868,0.7393322521305132,0.7036655691955322,0.7245536189992527,0.6842095532006225,0.42748283299117684,0.4208965977822386,0.426242607691798,0.42246805750382993,0.9535092127655743,0.930209386907748,0.9430096770389204,0.9183072971556824,0.1827415725021624,0.17715394602466353,0.18168276061190403,0.17847925961105934,Healthy
13.677644,35.182735,65.28798,1.3736979166666667,2.3367166474432906,1.6163909313725495,1.9876816608996544,0.7686595781325559,0.7201032366837185,0.7559060855956945,0.7383659900855543,0.48940078187935054,0.4851769758506665,0.4877744686023755,0.48353221851674866,0.9548173218435252,0.9231827169039406,0.9468265670775319,0.9346569461178392,0.23951312530411964,0.23539669789559822,0.23792393222032981,0.23380340634372876,Healthy
11.614822,40.528515,56.554382,0.885845588235294,1.3441906958861987,0.9653799019607838,1.4137331795463293,0.823994710849799,0.7930156496942641,0.8153783224767216,0.7878886993941113,0.5605615648134216,0.5567882132967815,0.5604459431387646,0.5567549433937943,0.9692498311772643,0.9534017886731674,0.966488973521326,0.9509910032394456,0.3142292679460718,0.3100131144662223,0.3140996551806994,0.30997606699342706,Healthy
12.845973,45.45823,62.600006,0.9455882352941177,1.3630142252979625,0.9502450980392151,1.5083429450211465,0.80508557288207,0.7763557854904233,0.80327791515897,0.7659647190504194,0.5131730442447563,0.5094213635648601,0.5135671950978068,0.5089542370828314,0.9678568503605377,0.9537073880047456,0.9676997234090301,0.9487715258490326,0.26334657333943057,0.2595101256562814,0.26375126388062875,0.2590344154445669,Healthy
12.549032,42.187813,57.748962,0.8829963235294123,1.3301499423298735,0.9694393382352938,1.3775470972702801,0.8202634184953409,0.7897704091600285,0.8106872027319053,0.781315101114443,0.5418482234917984,0.5382930013155252,0.5418434509959225,0.5377707196867832,0.968605580416475,0.9527654347660179,0.965534130547757,0.9510823265295552,0.29359949730121787,0.2897593552652759,0.2935943253871706,0.28919734695244076,Healthy
17.146404,43.448177,73.285736,1.5654105392156865,2.708173779315646,1.7859221813725485,2.0959784698193005,0.7417467400872542,0.6820440435737802,0.7225534535758301,0.7082270142134843,0.4244114983814286,0.4199075787523625,0.4245236292662698,0.4202083843740495,0.9496759486775515,0.9129124295142007,0.9425842408565789,0.9325993925762537,0.18012511995836936,0.17632237469367154,0.1802203118054053,0.17657508629824895,Healthy
12.841807,45.511513,62.600937,0.8974264705882357,1.4286812764321417,0.9808517156862745,1.3917108804306038,0.8100489223785122,0.7698666887078638,0.7997809516080492,0.7757701035965608,0.5128108441995985,0.5083391625585766,0.5119309828196602,0.5087318627140113,0.9694743339846714,0.9514439171037709,0.9666283455335769,0.9527004311636581,0.26297496192870495,0.2584087041907549,0.26207333117070325,0.2588081081404676,Healthy
9.924618,40.045406,67.740845,1.3878523284313726,2.1263821607074203,1.4735140931372548,1.7793771626297579,0.7643310203916551,0.7158362662101183,0.7541924466302442,0.7367980706356786,0.4603689280337313,0.45368637253868405,0.4590210200780548,0.45708754436922916,0.95033265813949,0.9239016112061447,0.9472446236398676,0.9363201408582542,0.21193954989892685,0.2058313246273096,0.21070029687349798,0.20892902321749204,Healthy
9.665367,38.27278,64.29755,1.3676930147058826,2.0586697424067664,1.390226715686274,1.6950865051903117,0.7712975520354972,0.7266366546044025,0.7645859532878514,0.7464462984179489,0.4776012973019527,0.47196032214882844,0.47626574226856405,0.4751384662895319,0.9487844837257691,0.9229594985242149,0.9479529678475687,0.9365584412992392,0.22810299918450821,0.22274654568282592,0.2268290572586263,0.2257565621479686,Healthy
9.011162,66.419945,63.7276,1.6916053921568612,2.6921030372933488,1.9674019607843123,2.3873279507881606,0.7290047396438389,0.687083188447282,0.718148320244839,0.6987926900428858,0.43733618177128647,0.43270734773701436,0.43705441725417654,0.4323124862620637,0.9291869902303265,0.8873165582852396,0.9176417532624089,0.900073538690732,0.1912629358862877,0.18723564878560145,0.19101656364138786,0.186894085778087,Healthy
9.879906,40.75788,68.3586,1.4020526960784312,1.7993694732795074,1.501470588235294,2.173164167627836,0.7615007532811446,0.7302382841171193,0.7515047408034115,0.7100931477018521,0.44948896323512005,0.44561407406831277,0.44864420516525033,0.44210655431237417,0.9483554761047985,0.9337048304510625,0.944693424227956,0.9199329047813721,0.2020403280701831,0.19857190300775976,0.20128162282835924,0.19545820536596026,Healthy
9.685408,38.28614,66.33574,1.4806525735294118,2.1276585928489045,1.4052389705882353,1.7816993464052286,0.7655307458433966,0.7224489062873782,0.7647133025587655,0.7440272441847243,0.4812375810046897,0.47550975642255183,0.4807273137056738,0.47860313603765803,0.9489577010665213,0.9266856778067476,0.951550542029806,0.9386060287447777,0.23158960937124531,0.2261095284530346,0.2310987501426733,0.22906096182508098,Healthy
4.6128407,35.31505,63.90747,0.9140318627450977,1.508250672818147,0.8307904411764709,1.151003460207613,0.8343076526242492,0.7992595501442985,0.8310351526250093,0.8064085376271031,0.5766773420456222,0.5715150369327284,0.5771802678035994,0.5741434352158009,0.9747653592086956,0.95841115786127,0.9770634928491722,0.9682619725816103,0.3325567568288035,0.326629437440218,0.3331370615418347,0.32964068420140064,Healthy
5.3311615,42.44725,55.053864,1.3443014705882346,1.8516262975778544,1.4019914215686273,1.7964475201845445,0.787403011980929,0.761808600366623,0.784972326576489,0.766254184561964,0.5664012417499217,0.5642308155176757,0.5668249243520945,0.5624604119034989,0.9509555885177653,0.9325380576632433,0.9488508748384481,0.9345484349751177,0.32081036665585316,0.3183564131797414,0.32129049486675765,0.3163617149586537,Healthy
5.8489356,44.87399,58.58922,1.3744178921568626,1.9081584006151475,1.3557904411764705,1.8863206459054211,0.7754192148745618,0.7486122686231509,0.7762835415914023,0.7508803785759527,0.5388700673488673,0.5368772684772704,0.5397759973025873,0.5351672209263698,0.9512984770101368,0.9324660283349889,0.9519628303724789,0.9332389153514481,0.2903809494845728,0.28823720140761505,0.2913581272640027,0.2864039543540539,Healthy
4.843953,42.09826,54.82271,1.2759497549019605,1.784913494809689,1.4475796568627453,1.864144559784697,0.7939496627355269,0.7687057851076822,0.7859304897729429,0.763398397111112,0.5709922469062678,0.566888901237403,0.570944888526189,0.5684037318303935,0.9536333228962734,0.9352277490136023,0.947396472099455,0.932352553973953,0.32603214602706837,0.32136302634615,0.3259780657341823,0.3230828023587179,Healthy
5.424957,42.318592,56.811584,1.367892156862745,1.9570626682045364,1.4156556372549023,1.8746020761245668,0.7824533698123722,0.755022400894767,0.7817353255886015,0.7597152280599834,0.5598868390683381,0.557213043133476,0.5598813871154745,0.5555556696452801,0.9525228500878684,0.9321625915852799,0.9508650630265657,0.9350209123503387,0.31347327256193513,0.31048637543806895,0.31346716763834787,0.3086421020750157,Healthy
11.797976,39.16545,60.128494,1.342126225490196,1.762276047673973,1.3868872549019609,2.0683121876201462,0.773393443311809,0.7488947869203804,0.7704867305083829,0.7405297629873369,0.5316103046254239,0.5284887871473009,0.5317711872405497,0.5276586067435649,0.9522264951620573,0.9373283007624275,0.950633208916292,0.9264447590245425,0.282609515983936,0.2793003981404251,0.2827805955792238,0.2784236052705601,Healthy
6.1222873,46.285664,61.06891,2.090073529411765,2.67128027681661,1.9946691176470586,2.7948942714340648,0.7315912536678394,0.7127989867065936,0.7363735082713386,0.707175826182681,0.5102087580881227,0.505990874393731,0.5107986751962396,0.5078821195245845,0.9275472684436223,0.9074903710292114,0.9308595368302583,0.903209465928741,0.26031297682982457,0.25602676496973253,0.26091528658223345,0.2579442473327843,Healthy
6.2873583,47.126873,62.824936,2.141513480392157,2.85290272971934,2.064797794117648,2.734179161860824,0.7271095367293263,0.7026002609605234,0.731448302947111,0.7071128305821963,0.49980450191380027,0.4970027715123413,0.4997859059122978,0.4946922339459497,0.9274857961204643,0.903474602020535,0.9300834808729551,0.9074915071598878,0.24980454013330197,0.2470117548909485,0.2497859517485762,0.24472040632643421,Healthy
9.082423,55.963856,56.846527,1.236550245098039,1.7655978469819302,1.2298713235294119,1.8011534025374865,0.7818501435095109,0.7525705917716977,0.7803064107332733,0.7491400210036833,0.5112792748221705,0.5086353098152946,0.5120859010098164,0.5071573098388681,0.951005614256451,0.9301117638277493,0.9512663869294234,0.9287043527928079,0.2614064968626846,0.25870987839090076,0.2622319700130355,0.25720853692299767,Healthy
6.2039495,47.277977,61.13449,1.8959558823529399,2.633956170703576,2.0745863970588236,2.7420991926182237,0.7353058585548943,0.7070734731154863,0.7267505398723066,0.7041068239460204,0.49916688071446563,0.4943814070514001,0.499362797127536,0.49679002212250756,0.9317736780653454,0.9053047081824063,0.92535573154462,0.9014167753519291,0.24916757480220958,0.24441297563812214,0.24936320315503668,0.24680032608048152,Healthy
6.0699735,47.0196,62.30249,2.017310049019608,2.8553633217993086,2.1181985294117656,2.743652441368705,0.7334562198978204,0.7045517148413419,0.730228674741262,0.7071775285813677,0.5048756479392487,0.5020133148572944,0.5047818188921582,0.4999918761842434,0.9310988093019862,0.9025606080389907,0.9276565313112672,0.9063727490799609,0.25489941988207615,0.252017368294009,0.2548046846840756,0.2499918762502398,Healthy
6.9248066,50.364586,86.80461,1.2323069852941175,1.6905497885428686,1.2358915441176472,1.7226912725874663,0.751199055492481,0.7177990152228141,0.7523136075864365,0.7128399749496052,0.4072248441298623,0.40172410380167534,0.40747459065763886,0.40222813879922836,0.9635368972684837,0.949932432051615,0.9634310611250184,0.9489792949410375,0.16583207367659067,0.1613822555752592,0.16603554203161033,0.16178747564189133,Healthy
6.438728,51.525425,91.10832,1.3452205882352932,1.8015993848519805,1.2214920343137246,1.7733948481353328,0.7384128295715715,0.7038887321924919,0.745467850476993,0.708127167725208,0.3928915201787896,0.38786984676190894,0.39434842944280335,0.38755924214709264,0.9599296544898978,0.9462528491756826,0.9636321986358016,0.94709427769871,0.15436374662840024,0.15044301802710672,0.15551068380400565,0.15020216617362878,Healthy
5.279373,36.24802,66.252884,0.922273284313725,1.165551710880431,0.8740502450980391,1.5570011534025374,0.8346457551736108,0.8049716712772167,0.8298149538261016,0.7968661678856526,0.5703158311642667,0.5686344325972095,0.5717686829789923,0.566066606712911,0.9755160002715035,0.9690900098700115,0.9767946531695342,0.9587079332535123,0.32526014727658825,0.3233451179351504,0.32691942683553143,0.3204314032354695,Healthy
7.2216196,52.70047,91.00328,1.2689797794117645,1.7825605536332174,1.2841605392156865,1.8025221068819697,0.7396578929916414,0.699759420627159,0.7392753896546118,0.7046601466120673,0.38567609553401194,0.38026228772745246,0.3858477527121156,0.37961829264722136,0.9625180939481951,0.9472780686933429,0.9620775737426245,0.9466867428723347,0.1487460506663603,0.14459940746771585,0.14887848827298988,0.1441100481123914,Healthy
6.338749,49.888794,88.01463,1.2583180147058826,1.7449596309111879,1.259053308823529,1.7270895809304105,0.7522821256917872,0.7141452097027635,0.7499710914231358,0.7190237333426638,0.4125549171052954,0.407415193209319,0.41239346751210637,0.40693075038246446,0.9631862053184413,0.948887038974342,0.9631606149536583,0.9494101921221111,0.17020155962775718,0.16598713965778675,0.17006837204665876,0.1655926356068356,Healthy
6.9464135,57.342617,86.27379,1.1397824754901962,1.5507266435986162,1.0206954656862748,1.5749327181853134,0.7593902252214708,0.7276086472568302,0.7665962264574451,0.7274534158913302,0.4197401875780216,0.41543470770484964,0.42088274627699357,0.4163888410080545,0.9670311034414696,0.955134358341805,0.9704839343801132,0.9544163641187677,0.17618182506803276,0.17258599636581384,0.17714228611366414,0.17337966691603088,Healthy
10.386102,37.413292,57.160614,1.2772058823529413,1.9028219915417137,1.2613511029411761,1.6283429450211457,0.7792830414757321,0.7508956015888237,0.7804770210104722,0.7592423659549782,0.5411415602667281,0.5378598469571594,0.5418160984135688,0.5384860478583154,0.9512410380834231,0.9274311931414658,0.9518468072516728,0.9378991698272928,0.2928341882479089,0.28929321496877886,0.29356468450010204,0.28996722373806805,Healthy
8.115569,59.75668,90.42255,1.1090686274509802,1.6303883121876208,1.1610600490196081,1.6812610534409835,0.7613169703706089,0.7206724434460593,0.7522315736600986,0.7146626934391261,0.4106209718628735,0.4038350393112648,0.4083712672419069,0.4042229864297677,0.9700785811163227,0.9559564119195811,0.9686581420436869,0.9545819719695171,0.16860958253361075,0.16308273897553077,0.16676709190876096,0.16339622275820012,Healthy
9.775512,56.037086,58.122543,1.2310661764705884,1.8790926566705113,1.3571997549019599,1.8874586697424063,0.7797628587678083,0.7447951808237481,0.7716155723613467,0.74486401550757,0.50931618674832,0.5043906511117556,0.5091328973713912,0.5057008016742451,0.9531130179663071,0.9285058719811907,0.9483090334699478,0.9281875689920086,0.2594029780838496,0.2544099289289408,0.2592163071857876,0.25573330081397416,Healthy
6.3549905,55.204853,83.55934,1.1062193627450976,1.5980776624375257,1.059206495098038,1.5580930411380238,0.7718288460646656,0.7338120444224911,0.7689178166578248,0.737252119616972,0.44528614032531627,0.44144860821533133,0.44502839242670805,0.44083565382190865,0.9690860053518036,0.9553382297065576,0.9703955734597939,0.9564388097862271,0.19827974676581725,0.1948768736952531,0.19805027006590006,0.1943360736805897,Healthy
6.6604567,55.624012,85.502716,1.15359987745098,1.5874356016916567,1.0577512254901962,1.5517262591311018,0.7656592391995243,0.7335455249040368,0.7695614819677224,0.7341596494352536,0.44216807188552687,0.43928485348008145,0.4431061934533762,0.43846002576375415,0.9691872725202824,0.9575855251103427,0.9717582292603103,0.9585624784416797,0.19551260379496446,0.1929711824970166,0.19634309867674085,0.19224719419275196,Healthy
8.581925,46.397533,69.043015,0.9267769607843136,1.2967474048442909,0.852282475490196,1.3623529411764697,0.8066551204641508,0.7735870534974006,0.8099572870521422,0.7748731984941529,0.4818701569659403,0.47728712430147907,0.48255711470861173,0.4772588858692801,0.9708401517268422,0.9592187245658047,0.9731839518963348,0.957155496937581,0.23219884817437994,0.22780299902397555,0.23286136895590026,0.22777604414118655,Healthy
5.5094104,48.270096,76.880264,1.047977941176471,1.4956093810073035,0.966145833333333,1.5070818915801611,0.7952398962937829,0.759537886232027,0.7954859625377683,0.7591428250822847,0.48263573428720064,0.47753268105313784,0.4833044401167997,0.4781048023255051,0.9701251591684177,0.9573640414595438,0.9724583333773895,0.9570369885710678,0.2329372520109453,0.2280374614737979,0.2335831818366132,0.2285842020067103,Healthy
8.281181,47.990326,72.38515,0.9317555147058822,1.420192233756248,0.948360906862745,1.359938485198,0.806773831489613,0.7680778314914413,0.8003604877127263,0.7706985361715143,0.46801642917462866,0.46274958053304954,0.4676266119629856,0.4629022338590912,0.9722939892876411,0.9577832725174561,0.9717964205024708,0.9595746906284245,0.21903937797737022,0.21413717428351328,0.2186746482159807,0.21427847811173673,Healthy
4.8120046,42.24308,69.511734,1.0260416666666672,1.4651287966166866,0.9695772058823527,1.4815532487504814,0.8109668231510956,0.7807614063060407,0.8112862772122227,0.7806036354546552,0.5456132208244439,0.5416318890259268,0.5462814427997099,0.542206628916902,0.9725361918486952,0.9608133489329652,0.9740445879908429,0.9603740544016152,0.29769378673842334,0.2933651032097939,0.29842341474733275,0.29398802844143107,Healthy
4.9282365,36.971878,67.153824,1.029074754901961,1.258623606305266,0.8404105392156865,1.6056593617839288,0.8280641706854653,0.802248895217278,0.8295661727987645,0.7948692788576939,0.5684951436405719,0.5666370818509762,0.5703661817947775,0.5644147207814734,0.9733054362790328,0.9673856216691779,0.9781982165523534,0.9583927893223284,0.3231867283429144,0.32107758252858987,0.3253175813351532,0.3185639770348285,Healthy
4.9472938,40.0772,55.40396,0.9382046568627447,1.46958861976163,1.038112745098039,1.3918646674356014,0.8153440016689419,0.782557041225869,0.806701232174415,0.7866419264950227,0.5840253296709035,0.5804430239438647,0.5835294817691815,0.5806440201203639,0.9678596004029455,0.949729159318955,0.9644370146639253,0.9523878954931074,0.34108558569720754,0.3369141040450979,0.3405066560938096,0.33714747810153756,Healthy
4.5570283,39.23511,55.193604,1.0025428921568627,1.5156016916570552,1.0277267156862742,1.4167781622452902,0.8170294507280945,0.7855074193908842,0.812389690443875,0.7935954019566422,0.6006284585192349,0.5972711836333509,0.6005844861602483,0.5977931435708748,0.9675565310197968,0.9510321941405607,0.9667415528239797,0.9542250986016858,0.3607545451831922,0.35673286679878385,0.3607017250163695,0.35735664250034854,Healthy
8.119062,54.29129,76.63907,1.6265931372549014,2.458577470203768,1.776056985294117,2.38878892733564,0.7221350228785565,0.6798607131309534,0.7130132905398382,0.6826457488103717,0.4121677600882275,0.40811035466726436,0.4137303713916559,0.40817352980243526,0.9463796559607145,0.9189554254490454,0.941488647231602,0.9212559678835428,0.16988226245614663,0.1665540615866403,0.17117282021187755,0.1666056304313795,Healthy
6.456797,49.347546,55.62372,0.9938112745098039,1.5647520184544401,1.0585171568627454,1.320107650903498,0.8153961619223399,0.7838791028297493,0.8112734162727783,0.7939560236724243,0.5687629427891462,0.5647750703306391,0.5688238041938681,0.5660343818897121,0.9654718829514413,0.9457178555928745,0.9632237978905072,0.9542047089288468,0.3234912850901696,0.3189708800669783,0.323560520217584,0.3203949214812684,Healthy
5.3324213,44.19756,61.23204,1.1057904411764703,1.6192541330257595,1.1170649509803916,1.5253825451749323,0.7983206547552871,0.7649400322334939,0.7949940402521608,0.7717484173306172,0.5526022659543973,0.5488913015339684,0.5525437147839565,0.549562279496424,0.9648877558862204,0.9486411931876214,0.9645291090262513,0.9516185733478519,0.30536926433793443,0.30128166089965375,0.3053045567472542,0.3020186990453056,Healthy
4.678367,39.00658,55.1772,0.9795343137254902,1.37122645136486,1.0345281862745097,1.4926259131103423,0.8175866380485856,0.7928061061473516,0.8121367701085381,0.7868676325202331,0.594947135072296,0.5921642091692584,0.594711611706031,0.5916826734165423,0.967589596386125,0.9547006647805674,0.9657687553080889,0.9506901924992875,0.3539620935307329,0.3506584506210532,0.35368190109798503,0.35008838602134673,Healthy
7.929064,56.395382,68.05278,1.1064031862745098,1.7379008073817763,1.013097426470588,1.3002229911572478,0.7794508565654312,0.743307898469621,0.7882379461371565,0.7572498495753093,0.44943434092260853,0.44421859980249395,0.45019612601018605,0.4468918239297192,0.9576525172034546,0.9334931631774049,0.961215360932477,0.9502376459202544,0.20199122680053952,0.19733016441048826,0.2026765518745793,0.19971230229523115,Healthy
7.1832747,51.108,62.23819,1.1012561274509804,1.3000230680507496,0.9681066176470587,1.6989158016147636,0.7908555833128924,0.771834760008296,0.8014303890976786,0.7612722845568912,0.5045557805559279,0.5024017988536096,0.5062506582073597,0.5004411970495636,0.9596684683275661,0.9524204118974947,0.9645445293773645,0.9378208454818858,0.2545765356924017,0.25240756749134274,0.256289728935385,0.2504413917044001,Healthy
8.285489,57.214077,70.64647,1.1906250000000005,1.8466743560169179,1.0192401960784312,1.3846366782006916,0.7689174772012151,0.7350966780084139,0.7833370283878502,0.748601638798147,0.4498990450949471,0.4438999659450107,0.449986230441639,0.4467702665586353,0.9583163604075893,0.935342455201092,0.9643036377552442,0.9515201936474668,0.20240915077734523,0.19704717976598166,0.20248760758707582,0.19960367108087404,Healthy
6.7328672,53.06594,66.0392,1.2125919117647057,1.7720415224913497,0.9551623774509803,1.4039984621299504,0.7811085607355847,0.7518594964763166,0.7968223629330353,0.7612443055710828,0.48340556755702363,0.47924501896112554,0.4855384032609119,0.4813366556792536,0.9567639551223661,0.9368466586029153,0.9659478524702628,0.9499635297991342,0.23368094274512816,0.22967578819904957,0.23574754104115592,0.23168497610048835,Healthy
15.582467,40.010845,60.129486,1.4017156862745086,1.8153940792003065,1.2691176470588228,1.909880815071126,0.7870787492881167,0.7625299650157232,0.7965589948619968,0.7614085465437058,0.49651900104877883,0.4933287698953479,0.4952174968273064,0.4908303676572722,0.9508202453643094,0.9363631259621263,0.9554545064647909,0.9330509726522255,0.2465311184024772,0.2433732752064571,0.24524036916390324,0.24091444981457302,Healthy
13.006575,37.37468,60.02359,1.435876225490195,1.8310495963091118,1.260171568627451,1.9844059976931945,0.7822234323592241,0.763683169726501,0.7956322419581517,0.7569380194896647,0.5260016185743015,0.5233920759148745,0.5261451013954707,0.5203336980085755,0.9518484480064227,0.9386593851272684,0.957741081592086,0.9335219076921145,0.2766777027427849,0.2739392651304817,0.27682866772245013,0.2707471572832795,Healthy
5.3125324,35.356987,61.662872,0.8892156862745098,1.395032679738563,0.7344669117647058,1.0958246828143021,0.8361290692735752,0.8039879666148181,0.8384245150044238,0.8111119713523093,0.5782048867646753,0.5733883654103196,0.5793541080055225,0.5758838255288974,0.9737420109948515,0.9588568772745811,0.978311646553872,0.9676812951657727,0.33432089107855095,0.3287742175879182,0.3356511824628745,0.33164218050579747,Healthy
11.566857,36.795406,59.729996,1.409834558823529,1.9004382929642452,1.2823529411764705,1.8628219915417152,0.7894925167643707,0.7658064965449457,0.798913430684795,0.7655981861251691,0.5347633325983283,0.5305580321469985,0.5363150522255139,0.5331300605013826,0.9539473026347053,0.9380100777814558,0.9581246438466325,0.9392370820692745,0.28597182189167025,0.28149182547569546,0.28763383524365566,0.28422766141020783,Healthy
8.042234,50.79191,75.23593,1.548192401960783,2.0637139561707043,1.5260263480392156,2.2971318723567857,0.7390486678584317,0.7147291873909686,0.7405480621979667,0.7056292968492182,0.44577677019779655,0.4420034100108405,0.4463750201844427,0.44193100164345955,0.955198403769806,0.9402959293687736,0.9558478567630346,0.9335430347293371,0.19871692884797912,0.19536701446121116,0.1992506586446616,0.19530301021359145,Healthy
9.807523,56.801525,57.368958,1.1852022058823535,1.822683583237215,1.2758272058823528,1.7934640522875813,0.7790623422237726,0.7433596309495772,0.7755645201825497,0.7476613202457415,0.50426079399201,0.5003891251160736,0.5042473194542125,0.4995451106501312,0.9525677100245828,0.9271261698389675,0.9489408594688826,0.9282944138256874,0.25427894835745235,0.25038927653442955,0.25426535917675863,0.24954531757445184,Healthy
10.726387,40.022617,62.180252,1.3686121323529408,1.8045059592464427,1.4241881127450982,2.0805843906189936,0.7689855019120316,0.7452813517036323,0.7660196365424039,0.7361190848453246,0.5209756496198127,0.5180209837038262,0.5212740151966964,0.5173082727444687,0.952409394690745,0.9373027823052587,0.9504768095463295,0.927710411583439,0.2714156274967858,0.26834573955747976,0.2717265989192856,0.2676078490498656,Healthy
12.933217,36.20753,58.752716,1.3479626225490198,1.9044828911956944,1.2651041666666656,1.7859131103421766,0.7921796565405741,0.7674093670599996,0.8009619465169779,0.7699085861378334,0.539530133010699,0.5342947346707495,0.5387519369167778,0.5366721987347377,0.9547575951901761,0.9361507912968299,0.9575328249495245,0.9401260029247246,0.29109276442654247,0.2854708634968866,0.2902536495315798,0.28801704889477775,Healthy
6.0382266,51.668728,68.125244,0.8366881127450981,1.4082122260668972,1.0521139705882356,1.4176547481737798,0.8250435906634641,0.7851919545969738,0.8068242248100392,0.7856129644661268,0.5394237153198247,0.5350840996386185,0.5376687451624387,0.5355102507927083,0.977889542794894,0.9628243431717087,0.9722062222152489,0.9625750504762253,0.2909779446494433,0.28631499368607094,0.2890876795245514,0.2867712287040693,Healthy
5.7962165,50.684074,67.327286,0.9026501225490198,1.4153787004998073,0.9669424019607842,1.4053825451749322,0.8218522421789622,0.7879169572177457,0.81377830650786,0.7890304955975633,0.5493681468628004,0.5454332607962926,0.5484002324778565,0.545865872016319,0.9765017895242832,0.9631965752079332,0.9748392454646503,0.9634565132449372,0.3018053607874675,0.29749744198287653,0.30074281498176714,0.2979695502321363,Healthy
5.4402714,47.62005,62.788223,0.8301011029411764,1.347097270280662,0.9420955882352934,1.3251672433679358,0.8332285488989105,0.7979055707570969,0.8220263232320103,0.8001942188079607,0.5723627099324453,0.5684134223740882,0.5712278444623484,0.5689144393159302,0.9771719048116908,0.9630054117357891,0.9740995955600282,0.9636076832827883,0.32759907172121255,0.32309381873502363,0.32630125028910095,0.32366363926215924,Healthy
7.2682915,56.440166,76.00226,0.9335477941176467,1.532887351018839,1.0417585784313723,1.5140945790080742,0.801631666160105,0.7638556220617697,0.791820076922477,0.759615657206276,0.488348506277297,0.48367688489950206,0.4873869099580929,0.48377304683220124,0.9760739269823044,0.9607316847368375,0.9732981570156429,0.9612131035531929,0.2384842635832672,0.23394332898608616,0.23754599999849815,0.23403636084131116,Healthy
8.030846,48.579117,67.287415,0.633486519607843,0.9100192233756244,0.6122242647058821,0.9292425990003843,0.8623617666691847,0.8342139685344148,0.8589528060748919,0.8311277544836612,0.5522335884518768,0.547110993572384,0.5516617630574882,0.5472143770886005,0.9820662678705311,0.9742624750117136,0.9826681932029215,0.9737187918698703,0.30496193621443674,0.29933043928776126,0.30433070081969615,0.29944357449246506,Healthy
8.60488,52.79878,69.26042,0.6119178921568627,0.8769550173010378,0.5689031862745093,0.8700961168781235,0.8574622887876564,0.8261369258218444,0.8587794244653079,0.8300227784367605,0.51553231670463,0.5096914672056428,0.5154418484356197,0.5097115934540455,0.9807207522681075,0.9723827865401014,0.9820759850231053,0.9725987881745551,0.2657735695668429,0.2597853917422409,0.2656802991187283,0.2598059085014621,Healthy
8.308742,50.94897,67.32828,0.5776960784313726,0.8662821991541716,0.6000919117647058,0.8811687812379853,0.8645159673414438,0.8327957117518631,0.8574814461203949,0.8306330178743782,0.5330208871842341,0.5269588581051766,0.531888766715139,0.5271886135721863,0.9822241436562306,0.9733632769625216,0.9815350181265697,0.9729055395597109,0.2841112661746681,0.27768563813551167,0.2829056601577515,0.277927834280164,Healthy
6.3498445,49.324497,66.49362,0.6310661764705882,0.9397923875432523,0.6252144607843134,0.9412687427912342,0.865355016020216,0.8356876504062387,0.8581138342298125,0.8309174402880836,0.565489714084571,0.5603146156073778,0.5648517453504749,0.5603740063196153,0.9820354971529947,0.9732740933529422,0.982202077405629,0.973232108619868,0.3197786167354499,0.3139524684632436,0.31905749422547774,0.3140190269586963,Healthy
9.430341,57.75262,58.12935,1.2008578431372543,1.8538715878508256,1.3004595588235297,1.800538254517494,0.7782759852377231,0.7401653845177968,0.7715674070169104,0.7424217835866885,0.4971536933748664,0.49220468606572887,0.49702180024584663,0.4933951601862895,0.9522674535385136,0.9263783426253408,0.9483084141328021,0.9284963363521156,0.2471617948362707,0.24226545298506272,0.24703066991962228,0.24343878409525427,Healthy
6.452465,45.805767,75.37753,1.786550245098038,2.410519031141867,1.708792892156861,2.376378316032295,0.7372823223563505,0.7082595115470124,0.7463691239934133,0.7154745139286334,0.4788378542038444,0.47682894502983925,0.4797293590112586,0.47447647999079734,0.9515236663942345,0.9346175727563146,0.9536338837862482,0.9355454073633376,0.22928569061854212,0.22736584281826946,0.23014025789735307,0.22512793006445753,Healthy
11.954153,40.567646,63.306747,1.3320465686274512,1.7477585544021528,1.4428002450980388,2.1081122645136485,0.7705349755886094,0.7436989846429017,0.7618708015655619,0.7315316903021477,0.5093732309746309,0.5061467068226927,0.5089854920324515,0.5051299116484955,0.9531580760812605,0.9385821753055389,0.9492684834256636,0.9259194822164025,0.25946108843353477,0.25618448882745687,0.2590662310995167,0.2551562276420169,Healthy
5.7704678,52.839413,66.259735,1.4524509803921564,1.942637447135717,1.340686274509803,1.9178162245290278,0.7632134168851699,0.733282361679726,0.7648660342987932,0.734358234322889,0.47170227727049685,0.46750327977117084,0.47284569955678607,0.46887542561792883,0.9481122574769647,0.930628060322444,0.9521087996054831,0.9315144389885291,0.2225030383821727,0.2185593165968016,0.2235830555893464,0.2198441647483939,Healthy
5.607565,47.18914,56.875183,1.3033088235294112,1.7173087274125345,1.1461703431372547,1.661730103806227,0.7848094645181662,0.7583835744875973,0.791471571159175,0.761352354586795,0.5232682365431301,0.5189017799404344,0.52391517480288,0.5203282891385668,0.948103029983834,0.9316839343479836,0.9543601893447391,0.9338949013328536,0.2738096473749572,0.269259057225351,0.27448711038873225,0.270741528477868,Healthy
5.940316,51.907352,64.44469,1.331969975490196,1.8043214148404463,1.2817555147058826,1.780392156862745,0.7710932601567064,0.7372068989247111,0.7696218167874264,0.7407187580244866,0.4735973991511387,0.46868852141133327,0.4733058711682982,0.4701460016832716,0.949989266094867,0.9322774196208498,0.951868477586401,0.9331755457142397,0.22429449648272295,0.2196689301027418,0.22401844768238172,0.2210372628987668,Healthy
5.776767,49.089924,60.842514,1.387469362745098,1.8004613610149933,1.2332873774509798,1.760230680507496,0.7773780626364446,0.7514114874099943,0.782423578611473,0.7527101313875264,0.5066168712145852,0.5024247952878919,0.5074942853156057,0.5038250943905423,0.9484819731181385,0.9331888793918848,0.9542005503949612,0.9346817530191839,0.25666065419925566,0.2524306749200801,0.25755044962799745,0.25383972573763885,Healthy
5.3328633,48.208744,58.87097,1.3512561274509796,1.793740868896579,1.2720894607843132,1.783344867358708,0.7789247976176026,0.7544270089993773,0.7816624645249902,0.7552311324514912,0.5280439720368155,0.5236397967112331,0.5283132243740134,0.5251092875666543,0.950605062510255,0.9344972502840257,0.9534989865205368,0.9348768852126761,0.2788304364044172,0.2741986366997815,0.2791148630484666,0.2757397638887592,Healthy
4.8860307,44.77582,54.02655,1.3174019607843137,1.683060361399462,1.2445925245098037,1.6948712033833133,0.7947774363271283,0.7732834791453423,0.796268265858944,0.7739958545365971,0.562008067796641,0.5589900234538181,0.5630980438577349,0.5601889932176441,0.9493627755420242,0.9353874748333642,0.9521552301096882,0.93493405069264,0.31585306826851384,0.3124698463209001,0.31707940699640746,0.3138117081221977,Healthy
4.5892534,43.986828,52.189407,1.2131433823529405,1.5876970396001553,1.201807598039215,1.5865590157631682,0.800260379536159,0.7776598159919356,0.8001883054808726,0.7787875448394295,0.5673312164909868,0.5648084590622566,0.5676646024651651,0.563560294801812,0.951170003857629,0.9361848785158676,0.9516262782868208,0.9362306196916711,0.32186470920514293,0.3190085954282808,0.32224310089193403,0.31760020587710525,Healthy
5.2719564,46.801132,55.935593,1.229105392156862,1.6830449826989626,1.2422794117647056,1.668558246828143,0.7888845633439798,0.7631459640530129,0.7869844013719459,0.7633640635615351,0.5374373068866651,0.53462048440522,0.5376664136929186,0.5334420106057138,0.9515165465484038,0.9336837501498879,0.9509968824329397,0.9342545643618649,0.2888388588335915,0.28581906234567217,0.28908517241340465,0.28456037867906653,Healthy
5.917558,45.52777,67.61011,1.5204810049019606,2.1106958861976177,1.602680759803921,2.2396309111880037,0.7576457461824424,0.7308142698363742,0.7538934563887428,0.7286738054619001,0.5128178147167239,0.5089237299301732,0.5129318687169527,0.5099866529616442,0.9538462458421761,0.9359775868798182,0.9513634596836109,0.9320662710275334,0.2629821110908362,0.2590033628860399,0.2630991019454652,0.2600863861990206,Healthy
6.958993,58.535606,66.34961,1.3141850490196076,1.646197616301422,1.3717524509803911,2.1663667820069206,0.7605981007374822,0.7393041829558342,0.7648796150270823,0.7193014949146801,0.4598290810726317,0.4562557008568212,0.459053786012814,0.45329699097122544,0.9519580353232253,0.9398349398773607,0.9498475657970104,0.9208235409359351,0.21144278380010093,0.20816926456434912,0.21073037845269843,0.20547816202356725,Healthy
6.2443094,56.545456,63.592407,1.4056372549019611,1.6399846212995004,1.2259191176470579,2.163906189926951,0.7624828497278969,0.7478126762556826,0.778521249942442,0.729051120749238,0.48425997891370054,0.48160856430080845,0.4853358242996448,0.4787863403009625,0.9487305015370082,0.9402197382493441,0.9552887393814117,0.9211218625253229,0.2345077271774977,0.23194680920788593,0.23555086234861566,0.22923635965878905,Healthy
5.519484,50.887997,71.337234,1.008563112745098,1.5915570934256051,1.2477022058823524,1.6491964628988847,0.797966552299657,0.7581188051935087,0.7760996982790986,0.7522961942193308,0.508251629421217,0.5029364559021503,0.5062918148628173,0.5036638527047795,0.9703564826405636,0.9532420724614291,0.9633225368353249,0.9515486075310925,0.2583197188093221,0.2529450786754156,0.25633140179708525,0.25367727652142186,Healthy
5.688782,42.529953,68.5927,1.6613511029411767,2.3057747020376786,1.6640012254901966,2.286120722798922,0.7526695284063666,0.7314459649334192,0.7556185670991473,0.7269840534473967,0.5211578641282988,0.5156866833127178,0.5201123722579641,0.5184507129193766,0.9532650364471328,0.9351856244922744,0.9532010768426544,0.9357380994769855,0.2716055193427704,0.26593275534607136,0.2705168797758071,0.26879114172660984,Healthy
6.3089414,53.13325,60.178482,1.3303002450980388,1.587481737793156,1.2145833333333327,2.087781622452903,0.77545356831462,0.7596342021896365,0.7853248588315941,0.7413076731325121,0.5108184955770244,0.5080424795661281,0.5112534815995349,0.5053597523036797,0.9516014546250838,0.9422967295952531,0.9558114291968587,0.9241113616374981,0.26093553542357456,0.25810716104369974,0.2613801224476459,0.25538847924843644,Healthy
6.4459157,57.419914,66.331894,1.3504595588235297,1.719492502883506,1.4080882352941175,2.247566320645906,0.7604196910142811,0.7392216364735107,0.7616159900530441,0.7202062032595091,0.4744067663600417,0.47062946875915834,0.4735620093083044,0.468289667221113,0.9535657155017387,0.9409031688184942,0.9515788648274659,0.9227538696245539,0.2250617799681912,0.2214920968645276,0.22426097666011857,0.21929521242606073,Healthy
6.6518483,48.196106,77.12036,1.3628676470588241,2.0271434063821605,1.3880055147058816,1.8625913110342178,0.7581424924956605,0.7196929651517409,0.7544032619910427,0.727834261281292,0.46990272158142865,0.4661473307126267,0.4707406249793862,0.4658730651673724,0.9623638522203201,0.9440228727962144,0.961671069408598,0.9485667826464991,0.22080856774963367,0.21729333393050698,0.2215967360059831,0.21703771284844284,Healthy
7.44093,50.395435,80.537415,1.4656862745098032,2.1087274125336406,1.38376225490196,1.927012687427913,0.7422205157345781,0.7077762818696917,0.7463435365529513,0.7161897634181623,0.4485241820552557,0.44480208016686407,0.4497808046173692,0.44459354733112316,0.9589120939758188,0.9408691802189217,0.9612132216819785,0.9459646437633275,0.20117394188833612,0.19784889052076937,0.20230277220224804,0.19766342232847164,Healthy
6.2438,44.153397,72.72897,1.3238357843137254,1.9567704728950404,1.2903952205882354,1.7458669742406763,0.767058805131907,0.7359913139296759,0.7679889638797076,0.7432371754148323,0.5026106801926277,0.49924293118614965,0.5027810472469784,0.49904381848982593,0.9630857606712041,0.9454597787391279,0.9640165077355061,0.9513376755776135,0.2526174958436958,0.24924350433933853,0.2527887814707683,0.24904473277290634,Healthy
8.23097,48.499657,81.201324,1.426317401960785,1.8039830834294495,1.2687806372549018,2.0438908112264498,0.7436219332771019,0.7207841789480425,0.7538745978593566,0.7119123281529328,0.4449101402291597,0.44198328863895964,0.44747579397584436,0.4424022875105778,0.960758205308692,0.9503709133239542,0.9651097243951277,0.9437701807077701,0.19794503287873053,0.1953492274361099,0.2002345861943123,0.19571978399459197,Healthy
5.637842,43.07251,62.374634,1.4070772058823537,2.0101038062283743,1.5818167892156858,2.0957016532103037,0.7741788328069745,0.7465241883697082,0.7636497570138756,0.7441900821789847,0.5414609555363672,0.5374921358668386,0.5415231806581882,0.538593008522702,0.9551726069791422,0.9360254373837393,0.9496068748420512,0.933301157407904,0.29317996637035587,0.2888977961186961,0.29324735519016065,0.29008242882953533,Healthy
7.69882,45.497,67.11388,1.2605698529411764,2.2465205690119183,1.6161458333333334,1.9794232987312577,0.7769435923109729,0.723304673882749,0.752295642420773,0.7359249851350997,0.4813658046619367,0.47711898222635724,0.4807636286821861,0.47640636111049983,0.9586184912258299,0.9262811829042527,0.9469457778746815,0.9350458900189773,0.23171303789783376,0.22764252320071499,0.2311336666636629,0.226963020906548,Healthy
8.03764,47.381622,71.264145,1.226976102941176,2.015024990388311,1.7284926470588233,2.4085659361783933,0.7700069120946772,0.7272414353759874,0.7402037533327354,0.7056226064344894,0.454296028849916,0.44839535533695685,0.45223439319761055,0.44890777980952656,0.959732347581055,0.9338659592177749,0.9432603188837088,0.920949682640698,0.20638488182880368,0.20105839468775577,0.20451594639081103,0.2015181947735184,Healthy
8.943484,46.554844,68.495895,1.2730085784313725,2.0109803921568625,1.5832107843137253,2.2367704728950404,0.7703104280352607,0.7313501845162439,0.7499307648578761,0.7185864135902194,0.46600363988239263,0.4613315374409745,0.4659775301181132,0.46198639685268256,0.9578583233525171,0.933446625361304,0.9475920727429352,0.925974102140233,0.21715939238363866,0.21282678743765324,0.2171350585749771,0.21343143087692432,Healthy
7.2910266,49.567696,61.957855,1.225551470588236,1.6453671664744323,1.1835477941176469,1.7792541330257592,0.780228522370196,0.7553592626603547,0.7833811302224967,0.7514098223913087,0.5137747307189143,0.5103305885196661,0.5136861639068515,0.5091756471406783,0.9580169752513286,0.9436852435568213,0.9594558714797783,0.9391027940793524,0.2639644739252929,0.2604373095788287,0.2638734749893367,0.25925983964112853,Healthy
5.437195,51.322414,71.30174,1.0476715686274511,1.6613302575932332,1.1885416666666668,1.5941868512110733,0.7953164517824991,0.7498673271723055,0.7789329460006267,0.7564641146579149,0.506101111435853,0.5016405264870684,0.5057046991448353,0.5009389304270639,0.9691595318364005,0.9511182021206218,0.9650127172201813,0.9530937818734768,0.2561383349966057,0.25164321781422316,0.25573724273716836,0.25093981201741083,Healthy
8.450196,46.07594,68.7652,1.2432904411764705,2.2648981161091895,1.6759957107843144,2.081399461745484,0.7744808068166277,0.7201974078435963,0.7466976158314002,0.7285621481065192,0.47332850046889957,0.4691112753135391,0.47271245343562485,0.4683375878963894,0.959790230742052,0.926771092796987,0.9457968547426892,0.9327039918501643,0.22403986935613704,0.22006538862629507,0.2234570636331278,0.21934009623660827,Healthy
6.2290497,56.371136,80.47931,1.131035539215686,1.7567704728950393,1.3057291666666664,1.7997385620915032,0.774519458647162,0.7331658968665066,0.7589437471579561,0.7277732904652092,0.4625035023875499,0.45679514130534843,0.4605932159813029,0.4575441450071963,0.9687789576824092,0.951493297865911,0.96394129389043,0.9503067472532867,0.21390948972075038,0.20866180112017324,0.2121461106079991,0.20934664463036629,Healthy
5.7684774,55.447075,79.2263,1.205882352941176,1.7643675509419459,1.2667892156862743,1.8866589773164173,0.7694401976670575,0.7357415917444581,0.7629674950602714,0.7264600523435768,0.47335702154397313,0.46799078283386303,0.47330355731042517,0.468641852850919,0.9673157163792568,0.9521779821244081,0.9656648943305259,0.948863353732501,0.22406686984498145,0.21901537281745195,0.22401625736270295,0.21962518624354246,Healthy
8.619108,43.78453,71.84143,1.61545649509804,2.3307035755478664,1.5820618872549008,1.9944944252210686,0.7336943814078003,0.6950910642904133,0.731603997198893,0.708414389499234,0.4388318909420955,0.43419760467494883,0.43966500196088193,0.4363605972151487,0.9426805382676272,0.9172982195236044,0.9438596908134391,0.9292354502404867,0.19257342850781523,0.18852755990546313,0.19330531394926231,0.19041057080196125,Healthy
7.0180454,40.32381,68.21724,1.4940257352941169,2.003721645520954,1.6886948529411756,2.3088658208381383,0.7522489737044092,0.7219416415975272,0.7383148810245598,0.714203669927536,0.4863008925093036,0.4826493498806604,0.48467010422159346,0.4804507641061539,0.9498180246705482,0.9327133687085252,0.9432516513219853,0.922466150762902,0.23648855805534524,0.2329503949402241,0.23490510992617025,0.23083293673018712,Healthy
6.750355,51.520958,61.70607,1.2992340686274504,1.8269588619761643,1.4284926470588233,2.019530949634756,0.7769980884744292,0.748924576650386,0.7732358608470519,0.7414770771048068,0.48826429348681405,0.4848404707228426,0.48859604399934675,0.48383735940881495,0.9550896833612841,0.936902828543647,0.9506216326644954,0.9302520197676031,0.2384020202941777,0.2350702820507476,0.23872609421181157,0.2340985903596948,Healthy
7.633199,42.413864,70.269196,1.5885723039215691,2.3575240292195305,1.6242647058823525,2.032479815455594,0.7389792604904761,0.7014219189645359,0.7333391115095369,0.7134805798059448,0.4650006174237649,0.459780398142151,0.4655563398088162,0.4620339987172389,0.9456984330837328,0.9194120088071821,0.9444802019545993,0.9305230983881929,0.2162255742044826,0.2113980145157549,0.21674270553618197,0.2134754159706415,Healthy
7.117123,43.9167,72.83269,1.5998468137254895,2.102299115724721,1.7665134803921558,2.4570857362552863,0.7372240474300237,0.7048063362370929,0.7247336680173242,0.6943743502995063,0.4506363785749717,0.4470455361241363,0.45054172889418526,0.4447735462529395,0.945889240552537,0.9288777946432782,0.9402557256012721,0.9168751201042631,0.20307314569516519,0.19984971136851645,0.2029878494749615,0.19782350744641572,Healthy
5.7798557,47.989082,68.29736,1.4102175245098043,2.126028450595925,1.7058823529411766,2.2142099192618234,0.7579697074066192,0.7204231748102456,0.7430341207936906,0.717031844593762,0.4857984322401512,0.4816095115775572,0.4842373574486609,0.48127320552745706,0.9541432806220013,0.9308919243135294,0.9445037327357668,0.9280253850497383,0.23600011676698873,0.23194772164197322,0.2344858183488622,0.23162389835867392,Healthy
9.055077,42.690853,63.68985,1.0616727941176465,1.561922337562476,1.0648897058823528,1.4905959246443674,0.7851852081070289,0.7478345045869522,0.781428942736906,0.7499392646981218,0.45760422672603707,0.4506282788515022,0.45711823032177884,0.45253558741202715,0.9543948915562427,0.9328964060535775,0.9542567062220263,0.9359607444877032,0.20940162831753434,0.2030658457006672,0.20895707649251483,0.2047884578743485,Healthy
11.522282,43.536415,65.67825,1.0908700980392159,1.6032910419069577,1.122150735294118,1.5216608996539784,0.7789342071312797,0.7417590861223949,0.7757710995013224,0.7447910943789974,0.43784347550111014,0.43144032812702227,0.43761854400168626,0.43342436326393147,0.955647377945877,0.934808469328968,0.9543649414333435,0.9381287946823912,0.19170690903889123,0.18614075673435262,0.1915099900541558,0.1878566786707444,Healthy
8.245351,52.119038,64.926865,1.2469975490196072,1.721091887735486,1.302022058823529,1.8574702037677817,0.7756727382488898,0.7450438440863301,0.7723329775843478,0.7419308271358594,0.49108349992668526,0.4872244333646487,0.49065163325639094,0.4860195755487798,0.9573806170984429,0.941212413981248,0.9555000114355466,0.9365541199982403,0.2411630039002427,0.237387648467503,0.24073902521716398,0.23621502781661607,Healthy
11.67167,40.11885,59.982788,1.0007659313725488,1.3835601691657056,1.0147977941176471,1.4589465590157626,0.795989548863143,0.7645930511019167,0.7949094939446365,0.7625436457507075,0.4804049122839208,0.4758844872052356,0.4797300315941323,0.4738210799639925,0.9577750103155909,0.9416456287836805,0.9571749369837307,0.9384658635010538,0.23078887974652162,0.22646604516259003,0.23014090321330719,0.22450641581824415,Healthy
10.548001,42.912125,66.17691,1.1430300245098048,1.6187004998077659,1.1414368872549026,1.552602845059592,0.7790840439399697,0.7444646882007137,0.7791518864570264,0.7495492701844287,0.44390810091634253,0.4381624738130121,0.4440125240629752,0.4401450398489567,0.9554185454807427,0.9368746112326554,0.9554786628919557,0.9394547030755915,0.19705440205915373,0.19198635345793852,0.19714712152477412,0.19372765610363968,Healthy
6.925448,34.80802,53.450546,1.389598651960784,1.6357708573625538,1.2945312499999997,2.0724951941560943,0.7780211403039341,0.7581449949269504,0.77917683681743,0.7432846102265414,0.521751005018692,0.520339853597863,0.5233401232895561,0.5177837848729575,0.9387663341043792,0.9279789003191201,0.9429476230637936,0.908750173822387,0.27222411123801515,0.2707535632422454,0.2738848846447278,0.2681000478773652,Healthy
9.155819,37.43356,57.867188,1.3426776960784317,1.762091503267973,1.466544117647059,2.1990618992695117,0.7657572956512197,0.7370901669872921,0.7568662811389842,0.7222298650184482,0.4739246955232492,0.47040398978424053,0.47332085122794854,0.4675618321667422,0.9421010130105869,0.9240526784431534,0.9367596415468517,0.9052189623084328,0.22460461702680445,0.22127991360493188,0.2240326282071498,0.21861406689912077,Healthy
5.65092,41.961235,62.016754,1.4656556372549014,2.055763168012303,1.518045343137255,1.9798539023452513,0.7751774003303312,0.7490514436826657,0.7714210956712203,0.7514354316577949,0.5492248066202577,0.546571518278665,0.5496108206259179,0.5453529623221933,0.9545435858165716,0.9363108523207594,0.9529187510948262,0.9386625806261009,0.30164788820705946,0.2987404245934451,0.30207205414909494,0.29740985351359167,Healthy
7.8317785,36.392548,57.3172,1.3876685049019604,1.7754248366013083,1.4548100490196074,2.2306036139946173,0.7672227105095355,0.7434023370219024,0.761937697945007,0.7284255136707749,0.504587308946834,0.5018564934987104,0.5035778365507733,0.49881217518739424,0.9431216153322297,0.9272790826672497,0.9403808140284263,0.9086344441557899,0.2546083523502077,0.25185994006682116,0.25359063746515736,0.2488135861151797,Healthy
7.4708962,35.041157,54.73781,1.3628063725490187,2.148096885813149,1.3943933823529404,1.6897500961168783,0.7761928903470973,0.7375774737477362,0.7689914813080905,0.751621992387683,0.5171008319206452,0.5115442270557227,0.516224259075026,0.5145106513214678,0.9415884126331701,0.9080086865167295,0.9402472070475473,0.9276374738496621,0.26739327037302335,0.26167749623403674,0.26648748565755953,0.264721210323241,Healthy
13.31179,46.500935,77.360275,1.5755361519607838,2.4027527873894656,1.9726102941176467,2.3955863129565564,0.7293886854956461,0.6858592948469229,0.7063638134102085,0.6881908880842494,0.4297866915455028,0.4246062257557047,0.4271306525235567,0.4230336563497964,0.9490872580706524,0.9223054040605196,0.9362413493944551,0.9225371425230456,0.18471660022962916,0.1802904469505045,0.18244059432519932,0.17895747440467763,Healthy
14.565552,50.4342,86.23851,1.7140165441176463,2.6577931564782786,2.054810049019608,2.5664436755094173,0.7034913781765801,0.6584289719820444,0.6845439200016519,0.6615570950171105,0.38613955461154553,0.3798162080271959,0.3843854247304003,0.3815789686447516,0.9469213623844038,0.917606391084825,0.936363494504052,0.920432564549916,0.14910375563560277,0.14426035188015815,0.14775215474517026,0.14560250931199234,Healthy
7.242039,52.68111,76.03134,1.7074601715686264,2.567289504036909,1.8489736519607836,2.407289504036908,0.725307715909194,0.6853227417460196,0.7158726844200249,0.69324793371619,0.4357016010113003,0.43144033141606714,0.4350090232063345,0.43173430694869647,0.9476393143464298,0.9212629203693706,0.9432855507068142,0.9261720501174833,0.1898358851238103,0.18614075957240583,0.18923285027092926,0.18639451179647126,Healthy
14.268601,51.9578,87.74817,1.7422181372549015,2.615578623606306,2.1018995098039204,2.654794309880816,0.7029035658523485,0.6550836456131114,0.6829669484394852,0.6551282672033317,0.3692128085039486,0.36327278660595147,0.3667485074888215,0.3614225601426869,0.9439099368540916,0.9156277993565931,0.9322954252535725,0.9143627783602318,0.13631809796337344,0.13196711748845313,0.13450446774527816,0.13062626698009414,Healthy
7.4673448,48.549374,61.182068,1.2758884803921573,1.8381237985390233,1.2427696078431374,1.6928258362168396,0.7808241404242151,0.7526417391560843,0.7812791457827982,0.757481568993367,0.5247435398665523,0.5203206129919048,0.5248508537285518,0.5216624347562249,0.9570512681247721,0.9381875526975783,0.9581661097421841,0.9430736341717038,0.2753557826316799,0.2707335403042716,0.27546841865958965,0.27213169583579255,Healthy
12.877992,46.947895,79.11832,1.5681372549019599,2.343221837754709,1.9280330882352934,2.490149942329872,0.7254992647024185,0.6834709745864889,0.7052991014449889,0.6804200596877867,0.42010258271925555,0.41591455935629884,0.4193121580096974,0.4139261957211856,0.9499622932088528,0.9251876239182468,0.9384933194523196,0.9204966203324864,0.17648618000738897,0.17298492068454424,0.17582268585474944,0.17133489550421327,Healthy
6.825283,53.91589,93.39351,0.5495404411764706,1.0106574394463663,0.6724571078431371,1.0372318339100344,0.8701853958142121,0.8217505887045726,0.8467809024509588,0.8200446793950078,0.5068596311774415,0.4991876011699303,0.5038540715271927,0.4988708872174674,0.9902273295183437,0.9820320473826519,0.9880414593074722,0.9815595950541761,0.25690668571733205,0.24918826116178938,0.2538689253945295,0.2488721621131431,Healthy
6.21585,49.476128,86.065155,0.5273284313725489,0.9922337562475977,0.6782169117647059,0.9966013071895425,0.879439807889635,0.8327304917614202,0.8530812635837515,0.830295945230694,0.5444615381766914,0.5378326279805468,0.5417724055620537,0.537486726299166,0.990554363142328,0.9822409892166898,0.9878516114851092,0.9821628187414507,0.29643836655372885,0.2892639357204612,0.2935173394284944,0.2888919809477946,Healthy
5.6879015,43.20108,63.206024,1.5199448529411763,2.091410995770856,1.4197916666666668,1.966905036524414,0.7690417724685945,0.7424621154558082,0.7724434743931016,0.74739220139766,0.540408849205162,0.5373098922525931,0.5407472921179192,0.5360831701782629,0.9527788353622662,0.9350880042992589,0.9558903627896672,0.938952347705536,0.2920417242992475,0.2887019203124932,0.2924076339328622,0.2873851653483764,Healthy
6.8497663,49.77697,87.27779,0.5299325980392157,1.025482506728181,0.6656556372549018,0.9557862360630522,0.8781255350698537,0.8258674347211988,0.850302549297447,0.8322984644317986,0.536270593492898,0.5287162195745841,0.533088422375023,0.5294279088564563,0.990442542207115,0.9815178455801324,0.9879947455936855,0.9827739735281679,0.28758614944522504,0.27954084084123987,0.2841832660702909,0.2802939106761202,Healthy
7.487268,51.46731,89.62576,0.526470588235294,0.9948788927335637,0.6704350490196077,0.9831603229527102,0.8751731932704261,0.8240462786264622,0.8469430057820252,0.8232433000857589,0.5194110798416335,0.511830236313157,0.5158550916978684,0.5116722069033864,0.9903880090361915,0.9818446397417445,0.9877587343617673,0.9820584898274025,0.26978786986225173,0.2619701908043822,0.2661064756306162,0.26180844731738195,Healthy
8.448258,70.89483,64.000244,0.7352634803921564,1.0508266051518644,0.6893382352941178,1.0335717031910803,0.8293380116856651,0.7930077210489779,0.8249561035616397,0.795326312449699,0.45144074108196475,0.4454566425654255,0.45172704834741695,0.4462492859872472,0.967661597807858,0.9537717640537319,0.9696773752055208,0.9545308555479722,0.20379874270863355,0.19843162040566126,0.20405732620866956,0.19913842524412795,Healthy
7.5542073,64.09796,63.067337,0.8498161764705885,1.1218146866589778,0.6668198529411764,1.119569396386005,0.8272395478122224,0.8040762677301497,0.8360460509773422,0.7997941758123097,0.5020038992933971,0.5003235574752173,0.5052733046606376,0.4996518125365637,0.9689492206550847,0.959044352359153,0.9756439426399541,0.9591263474843811,0.2520079149057751,0.25032366216465707,0.25530111240268144,0.2496519337710734,Healthy
7.914096,67.98039,62.85373,0.7542892156862745,1.0343098808150712,0.6627450980392161,1.0520261437908496,0.8294779013109463,0.8004448568070298,0.8300737489718896,0.7973129576159462,0.4747088370798273,0.4718537473943794,0.4771430537484416,0.4713735735627643,0.9686513966222501,0.9570425450146391,0.9724698174382415,0.9563066144398085,0.22534848000168203,0.2226459589301188,0.22766549374038828,0.2221930458533308,Healthy
8.431985,73.389145,70.107666,0.8477634803921572,1.1532179930795845,0.6995098039215683,1.152941176470589,0.8125395202978464,0.7835309034347667,0.8176222251496907,0.7787854241628303,0.43632227570396054,0.4333135163787604,0.4393934477853867,0.4327000061597169,0.9672929813501723,0.9555310478269129,0.9730390630317529,0.9555417248408243,0.19037712827548298,0.18776060347652626,0.19306660195672934,0.18722929533061902,Healthy
9.669052,56.30569,52.462296,0.8529258578431373,1.051118800461361,0.8230698529411759,1.4965167243367932,0.831740560600692,0.8147562441405602,0.8377596918327997,0.8006764844418777,0.5962094709131841,0.593329984809807,0.5954278349940314,0.5903575201336655,0.9671711128849781,0.9596037102421023,0.9683198549268479,0.9424863073871355,0.3554657332065789,0.3520404708744059,0.3545343066856794,0.3485220015783713,Healthy
7.566748,50.313877,63.124573,1.2061887254901975,1.83766243752403,1.31078431372549,1.692118415993848,0.7844916618097801,0.7482002585872185,0.7746889605600783,0.7515620135952936,0.507074101608669,0.5019126526573011,0.5062592041642499,0.5032234956080393,0.9589999910947343,0.9375846496940174,0.9554446436118132,0.9425279847174983,0.25712414452223875,0.2519163108974886,0.2562983818010196,0.2532338865319743,Healthy
6.6028047,41.61082,51.612045,1.5323835784313722,2.2052748942714344,1.394822303921568,1.721491733948482,0.7818639551988906,0.7483109975866091,0.7873108829177601,0.7681700953775105,0.533345065488328,0.5280919229629992,0.533554669643342,0.530975180378901,0.9367111409465594,0.9090415771247735,0.9423925488108847,0.9289956215801274,0.2844569588807489,0.2788810790987583,0.2846805854982158,0.2819346421784065,Healthy
7.2162194,44.22505,54.58812,1.447395833333333,2.2610226835832368,1.4219822303921574,1.7609073433294888,0.7726992022913168,0.7341152071415049,0.7738929712911818,0.7536196733444548,0.49972011923950826,0.4947262967344514,0.4999830201582978,0.49783867381140157,0.938690460187593,0.9043083072044619,0.9397648325852789,0.9254724369990446,0.24972019757274835,0.24475410868058445,0.24998302044661286,0.2478433451422951,Healthy
7.9274063,60.480923,61.403214,1.2742647058823533,1.9379008073817752,1.37156862745098,1.7424682814302184,0.7820964855150179,0.7439133657628088,0.7743899012046274,0.7556180256281796,0.49991598031258616,0.4955624553054999,0.49919386442479813,0.49562742501439144,0.9520574145581785,0.9271427205491957,0.9483964785280964,0.9344901978312071,0.24991598737189402,0.2455821471084156,0.24919451427936376,0.24564654442639622,Healthy
6.552857,41.473362,51.97386,1.5270220588235293,1.8410765090349859,1.6188419117647055,2.378808150711266,0.7839261958917779,0.7642076253878477,0.77853395355924,0.7460538934606159,0.5366194596095807,0.5340310400334587,0.53613293733758,0.5310887375373333,0.9386691947156932,0.926156403346399,0.9349813727294751,0.9045885661267323,0.2879604444316784,0.28518915171921755,0.28743852649822155,0.2820552471389985,Healthy
6.1991057,39.545357,48.700363,1.5049325980392154,2.1234909650134575,1.3033700980392162,1.6749865436370628,0.7867666483728812,0.7600906899689586,0.7958979699931323,0.7764413155923137,0.5542102778993903,0.5506823321257143,0.556193497246648,0.5533980398865349,0.9356095422308891,0.9092415809336492,0.9442087108126819,0.9284113152214144,0.30714903212931943,0.30325103091541544,0.30935120637945707,0.3062493905502589,Healthy
6.210228,47.034203,73.644684,1.5868106617647058,2.653610149942332,2.0296568627450986,2.366551326412915,0.7424125337235911,0.6922887165732894,0.7178243744831184,0.701896641513071,0.4628353772472463,0.4575401167901401,0.4609523561310228,0.45808315755426054,0.9508319476520181,0.9177736047832816,0.937098910360087,0.9266687110511256,0.21421658643160083,0.20934295847233506,0.21247707462274126,0.2098401792348815,Healthy
6.080742,45.895523,69.7753,1.5061887254901956,2.513110342176085,1.9242800245098035,2.227650903498656,0.7504158249611067,0.7003582808064535,0.7266324314375574,0.7128699355655492,0.479072968035645,0.47411484380916713,0.4781959383578991,0.47474499414805016,0.9512700241399306,0.9187177463338756,0.9377482839445908,0.927950452619793,0.22951090870248209,0.22478488512019096,0.2286713554619916,0.22538280946863218,Healthy
7.3516235,47.388424,73.078094,1.5597426470588243,2.5264129181084196,1.8060049019607833,2.2171472510572854,0.736293128874233,0.6867730910801945,0.7196239230642608,0.6984576310208931,0.44813413785958806,0.4427373606121613,0.44737353983731776,0.44342504122693527,0.9482714029704152,0.9161917855553335,0.9401041575780786,0.9264509966125665,0.20082420551515628,0.19601637048182294,0.20014308414657214,0.19662576718710922,Healthy
6.301585,44.36801,68.23012,1.4404718137254904,2.352787389465592,1.743964460784313,2.1900192233756246,0.7513817503836103,0.7075806699130746,0.7330239209089372,0.7129860350300178,0.4834796668978202,0.47905229063256316,0.4830673436853071,0.4793836055300739,0.9520014447926087,0.921626834287467,0.9418911947744476,0.9270487793377902,0.23375258830362716,0.22949109716030575,0.23335405853517865,0.22980864125101352,Healthy
21.053785,44.38636,68.907715,1.1871936274509798,1.7200307574009999,1.0134957107843139,1.465113417916186,0.7948248197900137,0.7672917004723843,0.804058225583671,0.7745683636357288,0.4410982173757272,0.43744713842026584,0.4422359203656032,0.4377279856840834,0.9660613456431651,0.9508727954739737,0.9710297888452172,0.9581537916250241,0.19456763737204427,0.19135999891207922,0.19557260926161216,0.19160578945104512,Healthy
24.98457,49.16987,75.89609,1.148406862745098,1.5629527104959633,1.0247395833333333,1.7128950403690888,0.7832521242984057,0.7540867080251779,0.7871932647633737,0.7486641485865169,0.39093214868403625,0.3863637271128729,0.3906917006201938,0.3860386833476884,0.9672963714072006,0.9555010053762264,0.9708130876018609,0.9512317140488191,0.15282794487471743,0.14927692962855052,0.15264000493349916,0.14902586504081686,Healthy
6.368254,45.579025,63.768646,1.838051470588235,2.7226143790849684,2.0363357843137266,2.52232218377547,0.7372185846905904,0.7036704104967253,0.7308572106869157,0.711537428622202,0.502902255516847,0.4991243434477525,0.5019098054953882,0.4973486124078278,0.9380178911578179,0.90825218198211,0.9313314190368291,0.9150017136186237,0.252910678603932,0.24912511022215,0.2519134528524184,0.2473556422639917,Healthy
9.2527485,50.62686,46.792572,0.8579963235294116,1.3473587081891576,0.7214154411764707,0.9796847366397534,0.8432994632991385,0.8186714804916736,0.8541270817710254,0.8313481937601991,0.6353793945552377,0.6303617242694924,0.6354287825957408,0.6334079706200968,0.9648932745524482,0.9449738920963233,0.9704814697645355,0.9599896912713408,0.4037069750253805,0.39735590342400756,0.40376973775110514,0.40120565724506946,Healthy
7.9295692,66.598625,69.99109,1.3314338235294112,2.1394540561322564,1.4727328431372548,1.9550326797385624,0.7637025561623576,0.7207091614631037,0.7512414646168977,0.7279439795836126,0.4535395355516261,0.44826946368203746,0.45258446552693177,0.4484032743443693,0.9528642572381576,0.9242586477656998,0.9478619551161634,0.9307875677903819,0.20569811030838472,0.20094551206978148,0.20483269843629848,0.20106549644275168,Healthy
24.689564,48.15866,76.03087,1.2374387254901964,1.5892195309496353,1.0112898284313718,1.7770549788542875,0.7804254345753685,0.7559695083407207,0.7890632317760018,0.746814453095193,0.39493073782920685,0.39070291293841897,0.39542308898681333,0.39032631507786447,0.9659357899740985,0.9562663240254466,0.9721587410863803,0.9510968834045668,0.1559702876823217,0.1526487661785658,0.15635941930387331,0.15235463224226434,Healthy
23.310825,46.35135,71.72452,1.1480545343137254,1.6459361783929258,0.9555453431372547,1.5065436370626681,0.7878573030363465,0.756690078865761,0.7979428902001396,0.7638937246932819,0.4100476135284879,0.40604259331369025,0.4110024365761006,0.40638369770160027,0.9658745466369208,0.951104466446221,0.9715940561685926,0.9552454199276994,0.16813904536040816,0.16487058758490686,0.1689230028714916,0.16514770975762563,Healthy
8.266474,51.78622,68.18596,1.00140931372549,1.5075893886966543,0.9956954656862741,1.3077585544021526,0.8023099056693201,0.7724478152270963,0.8004784804073994,0.7784211400336228,0.5323159555800039,0.5281708810106958,0.5333442651668868,0.5306931826015001,0.9712397074600022,0.9567422469942294,0.9714064711833144,0.9624761718302736,0.2833602765650527,0.2789644795476145,0.2844561051864065,0.28163525405970913,Healthy
9.122729,57.43554,76.20148,1.111427696078432,1.3899577085736265,0.9751838235294116,1.5555247981545555,0.7865043302790886,0.7600201896505072,0.7915671269486149,0.7550846068628327,0.48251597323320905,0.4806017913651042,0.48497129689045526,0.47846353796505886,0.9687649364051334,0.9609462833003598,0.9725958686327902,0.9562943291238333,0.2328216644251909,0.23097808186334715,0.23519715880761008,0.2289273571620413,Healthy
8.696956,55.457275,72.70198,1.0388786764705882,1.3435447904652051,0.9683823529411761,1.5237524029219531,0.7915121404382767,0.7660256436434049,0.7941801318921317,0.7609055325832831,0.49962616693151307,0.4975044996834668,0.5008366886854935,0.49492267985334837,0.9700299936343659,0.9612571530279881,0.9720643356003161,0.9560605155318272,0.24962630668267616,0.24751072720529663,0.25083738873344985,0.24494845903322,Healthy
8.4507475,52.767162,72.360886,1.1045649509803925,1.3697039600153793,0.9464001225490191,1.553848519800076,0.7979001162142532,0.7716952835970237,0.8003511705701912,0.7675447418150485,0.5216009589748186,0.519989742883676,0.523612190622287,0.517861981346348,0.970718866851975,0.9637202101450111,0.9749152029052797,0.9588423847147863,0.2720675604034504,0.27038933270423154,0.2741697261682703,0.2681810317239653,Healthy
6.083237,48.148968,67.13278,1.6403645833333327,2.202983467896963,1.9460171568627442,2.7578777393310263,0.7520808980994461,0.7254868940861021,0.7361777529924852,0.7079590143500816,0.5014447242820451,0.498052845724883,0.5005438740365521,0.4969896527924378,0.9479071140398749,0.9300821712389774,0.9382034641666217,0.9124709408636118,0.25144681151029624,0.2480566371346541,0.25054416983551975,0.2469987149827479,Healthy
5.7142954,48.194424,66.61899,1.5680147058823521,2.237416378316033,1.9231924019607831,2.6656824298346797,0.7547400322453084,0.7222858124436248,0.7350590857337465,0.711519461892177,0.5025948605493517,0.49909430827818274,0.5014501625147616,0.49819255692475806,0.949089425934888,0.9273826036940428,0.9375513144938331,0.9134806720598363,0.2526015938506222,0.24909512855567773,0.25145226548608085,0.2481958237752283,Healthy
7.068725,50.255375,69.49321,1.703033088235294,2.2880738177623985,1.8521752450980389,2.7782852748942717,0.7391847396824315,0.7117605704312886,0.7306667070043424,0.6970097279599414,0.477291724740336,0.4738818082866642,0.477373647695397,0.47280084757538915,0.9447842452374912,0.9258376413257333,0.9399487568286194,0.9099486268945454,0.22780739050560467,0.22456396822503877,0.22788559951400897,0.22354064146800637,Healthy
5.8823137,45.274067,64.61656,1.8441176470588232,2.674448289119571,2.1606311274509804,2.7350096116878104,0.7395665597575469,0.7093104603334128,0.7267178176634604,0.7054876888014735,0.5104933951778201,0.5053861824087761,0.5096119832646299,0.5075493899656864,0.9412396586487857,0.9148487764390529,0.9311471237017985,0.9129205743511922,0.26060350652017805,0.2554151933697167,0.2597043734869094,0.2576063832545405,Healthy
8.028335,62.806335,64.22748,1.2231924019607832,1.7471126489811628,1.3714460784313727,1.9292887351018826,0.7819662886763793,0.7499668823090496,0.7704296760081829,0.7407376954403354,0.4829663713560051,0.47831540057032274,0.4821171767403474,0.47835315896335084,0.9553317768443184,0.936233578797177,0.9499178875055492,0.9295844843341324,0.23325651586078666,0.22878562242274827,0.23243697210808337,0.22882174469021682,Healthy
6.8009315,51.032547,72.38568,1.8386642156862738,2.4773702422145325,2.040395220588235,2.994248366013074,0.7328302046613586,0.7041969602779615,0.7211288158150134,0.6895711278908061,0.4723785875165831,0.46917745298675273,0.47255791135973985,0.46811592590221796,0.9439119120936509,0.9244470426537323,0.9377604953491814,0.9086836438273739,0.2231415299441622,0.22012748239113658,0.22331097958867974,0.2191325200832908,Healthy
9.803222,55.850937,49.146713,0.8338541666666668,0.9735640138408306,0.6553308823529412,1.299100346020761,0.8345373888411305,0.8193225768718483,0.8491132730176356,0.8081741123713009,0.5969399154637854,0.5950398430012901,0.5978089595421469,0.5916890880077997,0.9634711990200263,0.95741295461252,0.9712895454433708,0.9431728524229273,0.3563372626739113,0.3540724147589999,0.35737555210886424,0.35009597686750177,Healthy
12.541167,41.976536,59.49617,1.0333639705882345,1.4093348712033846,0.9203124999999998,1.4036755094194553,0.8067885566301398,0.7810387059118362,0.8125377306187319,0.7820678615927202,0.5503182622237517,0.5470074737795317,0.5514198259248556,0.5473174895853538,0.9638313329788933,0.9507180197987993,0.9677853913426133,0.9509159180402706,0.30285018973697,0.2992171763706651,0.304063824422998,0.29955643440601387,Healthy
14.507255,47.142365,66.29344,1.0771139705882355,1.5004075355632447,0.9489583333333331,1.5265820838139177,0.7904455057382226,0.7593061714442261,0.7974536605243783,0.759212992696197,0.5018712062005626,0.49870444571782185,0.5038281762306916,0.4983186245936274,0.963108883021316,0.9486421756658563,0.9675047702806205,0.9477462364979973,0.2518747076132076,0.2487061241787199,0.2538428311639449,0.24832145161688457,Healthy
14.264301,44.979088,63.764496,1.0773590686274503,1.4486735870818914,0.891544117647059,1.46485198000769,0.7955418877721316,0.7686739676994749,0.8048644625725235,0.7683945961952762,0.5192400180178857,0.5160032236438419,0.5209924231689256,0.5158481446968108,0.9629770000385754,0.9502555060872898,0.9693663157126327,0.9496999730626361,0.2696101963112142,0.26625932681083675,0.27143310499942885,0.26609930838714185,Healthy
16.066534,49.444386,69.9389,1.140502450980392,1.5314109957708568,1.0060661764705878,1.6275278738946553,0.7779206428012764,0.7487290949570731,0.7861787055286293,0.7488676255814429,0.4792032580815974,0.4761504942339265,0.48105141321196465,0.47519239541237024,0.9629775025936766,0.9503030421995624,0.9673445819556812,0.9471838563589027,0.22963576255601809,0.22671929315921252,0.23141046215322839,0.2258078126577464,Healthy
8.294338,43.399193,63.46353,1.0454350490196085,1.7143252595155718,1.0673406862745096,1.2909803921568628,0.8208727173759821,0.7830061250293849,0.8145671017602406,0.7976669752800137,0.5412687642996786,0.5354566198222187,0.5410866266304516,0.5384501778722359,0.9669224128918465,0.9458116734960419,0.9662293180648286,0.9591932355822773,0.29297187520650103,0.286713791711436,0.2927747375183217,0.28992859405064253,Healthy
12.753077,46.738518,64.70001,1.0907169117647062,1.3014840445982307,1.0557444852941171,1.684721261053441,0.8118826182062876,0.7893622760162382,0.8108209375206797,0.775450573951221,0.4901362354326699,0.4868045902949349,0.49062044762793455,0.48451616214164517,0.9661160533693408,0.9596087801628688,0.9672035444788444,0.9477151107992404,0.2402335292841096,0.2369787091322194,0.24070842363063488,0.23475591137646898,Healthy
8.2485,45.069008,66.87123,1.12061887254902,1.7887581699346398,1.0582720588235293,1.3507727797001148,0.8070537884405975,0.7734998712307587,0.8109594520770845,0.7868455369700498,0.5229218017203705,0.517054715559469,0.5232168858954938,0.5200649828085929,0.9658049828996456,0.9454584794622544,0.9677074587669728,0.9588132132424958,0.2734472107144785,0.2673455788822834,0.27375590968617813,0.2704675863437021,Healthy
7.7576365,41.757977,61.802277,1.0385723039215689,1.6944405997693193,1.0581341911764703,1.2751557093425596,0.8234907384590363,0.790183984302489,0.8183802923040776,0.8014957497852537,0.5628613801611055,0.5575112155388553,0.5626705653288575,0.5602705292972971,0.9682437090253058,0.9482550940932272,0.9676472739590053,0.9610592417451549,0.3168129332768646,0.31081875545161197,0.31659816508749616,0.31390306599907347,Healthy
8.888349,52.00867,45.59546,0.7983149509803923,0.9144175317185697,0.6949142156862743,1.2784928873510186,0.8451374382647299,0.8331689129697771,0.8555411716023815,0.8204366681329605,0.6279318731905476,0.6258014228616301,0.6279779831477682,0.6228348794573345,0.9641322272464499,0.958990162053001,0.9687779551906955,0.942662094384701,0.39429843736858994,0.39162742085564073,0.3943563473183387,0.3879232870686324,Healthy
7.186824,62.534397,63.37384,1.2302389705882346,2.010365244136871,1.4572303921568621,1.8480584390618993,0.7823260391029695,0.7407358076194905,0.7662290833365569,0.7458468963133343,0.4949131498105906,0.48999991841501517,0.4934839149568852,0.48998805202162266,0.9543141862606949,0.9253861773732713,0.94587985869002,0.9314101246978645,0.2449390258554401,0.2400999200467215,0.2435263743211743,0.24008829112394436,Healthy
7.5090427,50.3818,56.55983,0.9339613970588232,1.439015763168012,0.9549785539215683,1.2484121491733946,0.8158505934193098,0.7813741035706109,0.8123824122121743,0.7922957934016539,0.549575455042649,0.5455690621740656,0.5495223086679939,0.5468502691215821,0.966367231251922,0.948248789979019,0.9656061664105389,0.9551035379886087,0.30203318078533475,0.29764560160148945,0.301974767723802,0.29904521683834673,Healthy
6.4104915,43.38626,69.72974,1.4309129901960778,1.7070203767781627,1.2513020833333326,2.036585928489044,0.7685450704689236,0.7512919595000498,0.7775901836448543,0.7430799910566462,0.5158610266900482,0.5139238217256404,0.5167921494475688,0.5115503474002345,0.9588819136866673,0.9509837222535775,0.9640423030352115,0.9415193065681425,0.2661125988577106,0.2641176945370879,0.26707412573063827,0.2616837579253007,Healthy
7.6584487,46.38406,75.49959,1.4147058823529408,1.7816224529027296,1.4322303921568627,2.139269511726259,0.7603985114404771,0.7362717973177135,0.7609674876466317,0.7297224519423802,0.4907949653307485,0.48815706749789034,0.48985581835438574,0.4856933390988027,0.961532103291117,0.9515779845162605,0.9610504954819168,0.941849780690177,0.24087969799401063,0.23829732254813987,0.23995872277564498,0.23589801964494453,Healthy
6.791209,44.194637,70.95177,1.3289368872549019,2.087120338331411,1.3954656862745092,1.7598308342945017,0.7699336605791729,0.7369854129012732,0.76655884259585,0.7433736604124496,0.5121211561814133,0.5062560139048815,0.5107273848354235,0.5085096082981179,0.9625393091780661,0.9412012200664246,0.9606597337257735,0.9504217833805998,0.2622680786085875,0.25629515161485955,0.26084246162083075,0.25858202173150524,Healthy
6.797975,47.386635,75.600296,1.6944852941176458,2.3450211457131873,1.630989583333332,2.387896962706651,0.7309860386737542,0.706747517328546,0.7363797161922627,0.6989794720201981,0.4631352051514144,0.4576969481233137,0.4641131092896524,0.4601828645457986,0.9517430391098869,0.9332188020404222,0.9535517283322722,0.9319977902675377,0.21449421825064266,0.2094864963213953,0.21540097821450882,0.21176826882157682,Healthy
6.768629,46.71515,73.84712,1.3594056372549017,1.763567858515955,1.3984681372549013,2.1194002306805078,0.7619212730801249,0.7351863808237173,0.7608449479893773,0.7279388067943309,0.4856834245417703,0.4823076080403785,0.4855779935215409,0.4797809259650322,0.960623877454501,0.9489273505029264,0.959492405181045,0.9386225006296885,0.23588838887462152,0.23262062877363135,0.23578598779240562,0.23018973691986372,Healthy
6.861986,66.11634,49.326767,0.9730698529411765,1.5097577854671276,1.073192401960785,1.3627374086889654,0.8108592835397653,0.7751609672125409,0.8046640042930009,0.7813682716975743,0.534729033984718,0.5307536710528659,0.5362430113514238,0.5325663080970497,0.9440722280433308,0.9133155592273933,0.9383225756389286,0.921757128431263,0.2859351397862298,0.28169945933609375,0.28755656722324324,0.2836268725201217,Healthy
8.204341,73.60723,50.7558,1.0647671568627448,1.4817993079584775,0.9693627450980392,1.3402537485582475,0.7986763142734161,0.7683224094374207,0.8116945641774849,0.7734212594398001,0.4912857488890419,0.4877709314770292,0.49499275321826497,0.48913781992998234,0.931237337440812,0.9043379269492902,0.9373913973163123,0.9134758819818377,0.24136168706146674,0.23792048159396872,0.24501782573859815,0.23925580688585582,Healthy
6.261278,60.428284,46.20575,1.0573223039215682,1.318938869665513,1.033425245098039,1.527535563244905,0.8203775248285121,0.7989026898188654,0.8191856375638297,0.791042263576572,0.568248876038884,0.5668235347754524,0.5705301989760131,0.5655416685312082,0.9393370086065606,0.9244085565503738,0.9406940968134875,0.9124527171889031,0.3229067851194549,0.32128891957533856,0.3255047079436091,0.31983737884506297,Healthy
6.726966,49.63289,75.61911,1.5627757352941174,2.364890426758939,1.5954503676470586,2.0614379084967336,0.7483714902946055,0.7139574852567087,0.745337366827922,0.7207432981621225,0.46203422317972415,0.45825665284547856,0.4625174173045843,0.4585290767555951,0.9561246458644297,0.9336269664928053,0.9552160174068031,0.9421436847693673,0.21347562338929116,0.20999915987714146,0.21392236131010295,0.21024891423033842,Healthy
12.96735,72.20884,53.33348,1.0985294117647055,1.579084967320261,1.047273284313725,1.4178854286812765,0.793478319561571,0.762075687114021,0.7988373205616633,0.7691374696593661,0.4770629588876703,0.4736333211069606,0.48016006071374556,0.4746200587126644,0.9394302092129654,0.9129934960266307,0.9422605694806653,0.9218758918546492,0.22758906674265902,0.22432852286280924,0.2305536839046278,0.225264200132413,Healthy
9.792655,43.329716,63.6196,0.9926317401960781,1.1873125720876587,0.8974877450980394,1.5748865820838138,0.8036230163493021,0.7875006435664845,0.8141677396608255,0.7727900861863188,0.5372514671389502,0.534900226908408,0.5376158424952504,0.5312775610588756,0.9666277960301936,0.9601132050099267,0.9698258520458807,0.9470929606350823,0.28863913894295457,0.2861182527466663,0.2890307941018779,0.2822558468846673,Healthy
11.318722,46.536835,67.79648,1.0125306372549019,1.2025067281814688,0.9237591911764709,1.6076124567474044,0.7959398133677618,0.7775903517213909,0.8076440804099317,0.7618532116105194,0.501482288112315,0.4983944749118703,0.5016575289937326,0.49483874642197967,0.9648552658408281,0.9582711749460657,0.9679353218521544,0.944213340902584,0.25148448529036294,0.2483970526226789,0.25166027639609767,0.24486538496047627,Healthy
5.4392176,46.43969,55.297226,1.0660232843137256,1.3420991926182244,1.067861519607843,1.6337716262975772,0.8194500303217049,0.8020532544361222,0.8187758972724015,0.7914261914472208,0.5965553879254039,0.5944018247618432,0.5968999077792576,0.5928803962571817,0.9655821592772662,0.9567421068428165,0.9655228096453251,0.9473410617916067,0.35587833086282905,0.35331352928020904,0.35628949990688624,0.35150716426607276,Healthy
9.183702,44.320213,65.20836,0.9403186274509807,1.4742022299115722,0.8989889705882353,1.1529719338715883,0.8033839524013254,0.7708059050251614,0.8135069361982528,0.7848699368213116,0.5239651497288786,0.5179846083318922,0.5233826320501667,0.5210161599243802,0.9678480690070209,0.949620383208217,0.9692650556339619,0.9605986673188562,0.27453947813040624,0.2683080544687438,0.2739293795317601,0.2714578389023473,Healthy
10.73898,47.657337,69.96037,1.0152879901960783,1.5948019992310647,0.8926164215686275,1.2208227604767392,0.7878831572937431,0.7527883171492948,0.8010619177542687,0.7689805038923124,0.48953670947457706,0.483055609357144,0.4904138394036677,0.4869082515612899,0.9658220007687717,0.9463236634738655,0.9699549962972418,0.9589105255538769,0.23964618992319645,0.2333427217314017,0.24050573387864632,0.2370796454384724,Healthy
7.155919,49.840775,62.66684,1.2380208333333331,1.856378316032295,1.565579044117647,2.0919492502883505,0.7801071242071561,0.7489869852161904,0.7648816719009032,0.7395025246933944,0.49428286979378716,0.49072745441419985,0.49307376359313043,0.4899205912910549,0.9594347267111467,0.9392255205846904,0.9486763047613204,0.9315124963981245,0.24431555537158195,0.24081343451584059,0.24312173634389428,0.2400221857709769,Healthy
5.5410137,35.649017,53.156494,1.054564950980392,1.515294117647059,1.0394607843137256,1.3045751633986928,0.8121943682950549,0.7875774965214378,0.814661671222226,0.7929287359529352,0.5757029832323968,0.5709011738033837,0.5762168843992733,0.5738874957000346,0.9580288935571797,0.9397670738985048,0.958630031103338,0.9481431502335304,0.33143392490268136,0.32592815025008126,0.33202589786680553,0.3293468577208572,Healthy
6.18451,40.03144,60.946396,1.1263174019607844,1.6740330642060743,1.201501225490196,1.4616839677047286,0.7952103193006244,0.7645901257441651,0.7934358978471269,0.7723627108928984,0.5349542022001667,0.5289990490298969,0.5339986789066655,0.5321170252821135,0.9600856694933317,0.9407217493253562,0.9574184844781455,0.9482411278393064,0.28617599845161673,0.27983999387453523,0.28515458907406405,0.28314852859508544,Healthy
5.6494546,36.90685,52.971863,0.9581188725490196,1.2107189542483654,0.993183210784314,1.437216455209535,0.8143075692648426,0.7927445934196559,0.8134436465585413,0.7854672832981071,0.5563558387273395,0.5545095834154328,0.5568230417546869,0.5514432925944622,0.9578203960115509,0.9467442678167378,0.9562691044497608,0.9367812167569717,0.30953181928600143,0.3074808780995568,0.3100518998289418,0.30408970494742166,Healthy
8.136171,52.5765,79.14798,1.5644761029411762,2.3488043060361394,1.5626225490196075,2.096716647443292,0.7324047303103973,0.6947864793898942,0.7319561893971662,0.7040206741909771,0.4212245838771474,0.41667641013907686,0.4206956232623384,0.4170276440323579,0.9551377368095838,0.9326318226019253,0.9551687178496517,0.9398618670740857,0.17743015006247598,0.1736192307663882,0.17698480743208733,0.17391205588717903,Healthy
5.800786,37.250523,56.39714,1.0626072303921574,1.3281199538638984,1.085539215686274,1.5604613610149942,0.80747655518277,0.7843640489503243,0.8080895393153136,0.7785627083017401,0.553645178491503,0.5513135763797063,0.553414782491414,0.548223173588444,0.9587871741268127,0.9485398281972939,0.9578981114687353,0.9395373598206094,0.30652298366688824,0.30394665950058236,0.3062679214800191,0.30054864805938514,Healthy
9.055135,60.386463,73.06349,1.8708026960784305,2.768535178777393,2.069178921568629,2.51284890426759,0.7293060571347277,0.6946788449342385,0.7204419378439922,0.6994678909998645,0.4574909080752986,0.45120759252544546,0.45517698876291696,0.45345550940456875,0.9404984060727342,0.91195132385707,0.9341724374800416,0.9200832942720346,0.20929793097156127,0.2035882915526084,0.20718609109927663,0.20562189900935696,Healthy
8.337316,60.32811,73.09375,1.8039675245098044,2.744590542099194,2.056770833333334,2.5264282968089202,0.7287049601661213,0.6938822885561468,0.7171426182773306,0.6956063899283912,0.4567637647631425,0.45044654567106285,0.4544305924292686,0.4524658670637141,0.9427575736105206,0.9129164911086513,0.9347282156168569,0.9198387940486811,0.2086331368005994,0.20290209050699293,0.20650716333561603,0.2047253608577186,Healthy
9.057688,59.623642,71.240295,1.8525275735294116,2.5147712418300654,1.9733149509803913,2.704175317185697,0.7300671566893193,0.7019367567450805,0.7264328506373646,0.7000799152054223,0.46465428364847583,0.46027816046740055,0.46220781975965586,0.45891163546821495,0.9399807504875174,0.9185406365850977,0.9360623525641475,0.9124049261243594,0.21590360331287825,0.21185598500325412,0.21363606864697454,0.2105998891681118,Healthy
9.262715,62.646973,75.88002,1.937101715686274,2.81750096116878,2.0482230392156873,2.6508881199538648,0.7160802054585743,0.6826699131678594,0.7103284946590092,0.6846438910077353,0.4353896232540797,0.42906492181726125,0.43294096948608407,0.4306564352180027,0.9383869311627034,0.9103623145512336,0.9348475145803465,0.9156633416635189,0.18956412403732945,0.18409670713405252,0.18743788305955036,0.18546496519467776,Healthy
6.9659758,55.3958,66.50545,1.618995098039215,2.4413379469434817,1.918841911764706,2.496239907727797,0.7381225377040491,0.6974334205163899,0.7221594189242808,0.6983325433116994,0.4612703784565971,0.45527866537637085,0.4600871921743461,0.45754891596650826,0.9375767158738958,0.9058704735776612,0.9260032192018092,0.9037536243400851,0.21277036204149227,0.20727866314688945,0.21168022440287368,0.20935101050212684,Healthy
6.675776,58.59644,73.52211,1.1132352941176467,1.7176778162245292,1.221109068627451,1.609934640522876,0.7806570893856843,0.734386215888419,0.7674150869175902,0.7442573063924204,0.4517409466539828,0.446713733708671,0.4504891167723205,0.44707133765937707,0.96440328339431,0.9450681567806581,0.9609458891561183,0.9485154116323021,0.2040698828838365,0.19955315988394143,0.20294044433030545,0.19987278095654476,Healthy
7.881539,54.489548,65.56871,1.3023590686274502,2.0845828527489427,1.4939031862745098,1.9181545559400237,0.7655214293247604,0.7253461390481024,0.7567472005669472,0.732041982065877,0.45425245176560247,0.44909672851746235,0.45401374088834473,0.45017183638887587,0.955435688559925,0.9287057744377987,0.9488814041701866,0.9343977413063651,0.206345289935061,0.2016878715650873,0.20612847691542904,0.20265468227773284,Healthy
7.0395107,56.28327,69.29323,1.0873468137254902,1.5868358323721643,1.2169730392156866,1.6868589004229142,0.7864586657074817,0.7500933428763539,0.7722586128248001,0.7446191253273707,0.48056909057376,0.4760924576416393,0.47992607058734255,0.47580334504439853,0.965782903969123,0.9500881870553582,0.9617037702927933,0.9469420943336962,0.23094665081489077,0.22666402822325613,0.2303290332294069,0.22638882315543898,Healthy
7.0375876,55.837814,69.0511,1.075367647058824,1.515540176855055,1.1615808823529414,1.6689580930411383,0.7883240974571049,0.7546983511502289,0.7782215984348445,0.746463890607832,0.47716036883146673,0.4729827985949373,0.47701254779926044,0.47258388340355667,0.965483102275803,0.9513744100966243,0.962715649008556,0.9464520414772973,0.22768201758338139,0.22371272776669904,0.22754097075794172,0.22333552685278646,Healthy
5.7346754,58.6545,77.85458,1.0931678921568628,1.555693963860055,1.0901194852941176,1.669742406766628,0.7855073400139418,0.754111986215955,0.7867392788323364,0.7466094983261613,0.47429789953331236,0.4694862288097082,0.4743419374396119,0.4690015060805728,0.9684140359961233,0.955047650469446,0.9685024549528041,0.9517521760715477,0.22495849750171207,0.22041731904196168,0.22500027361396469,0.21996241270584557,Healthy
7.5419016,60.791504,76.08888,1.2078737745098034,1.828942714340638,1.2764552696078422,1.6881968473663964,0.7681675078522796,0.7253757137284489,0.761297775945518,0.7349000848387427,0.43590088243164204,0.4309960789059221,0.4355143728535923,0.43146373123883935,0.9624998326123493,0.9432042921181497,0.9603614556649291,0.9475745286335845,0.1900095793046842,0.18575762003227986,0.1896727689620578,0.1861609513745414,Healthy
6.7968583,49.510693,76.09813,1.5251531862745102,2.2412610534409843,1.6484987745098034,2.112971933871587,0.7287278657532821,0.6934179020013898,0.7221042196421946,0.6965586268411422,0.4342762545066996,0.43088402552040866,0.4348460641013654,0.43032765392485595,0.951918942938022,0.9293263072747106,0.9480392879032462,0.9333717134945972,0.18859586522836774,0.18566104344867218,0.18909109946444877,0.18518188973247057,Healthy
5.818567,44.96109,71.12166,1.4994332107843125,2.1852672049211823,1.6719669117647058,1.9977700884275282,0.7551104213146599,0.7190501395540203,0.7416537358478081,0.726279296847901,0.48638201447522716,0.48240702664945373,0.4847720388204859,0.4820142667952587,0.9547289718464643,0.9340403469392522,0.9495130507480116,0.9396999515702399,0.2365674640049801,0.23271653936076678,0.23500392962217073,0.23233775339417087,Healthy
6.3611603,46.994854,71.90785,1.5058976715686274,2.174025374855824,1.6422028186274504,2.036939638600539,0.7411306380569008,0.7079996089634486,0.7327211174316782,0.7150165435926679,0.46469968739730405,0.46093617425208216,0.46352381652773983,0.4602783608608042,0.9525736171887721,0.9315434594922202,0.9482737694386019,0.935860468733336,0.2159457994671521,0.21246215673414587,0.21485432848844183,0.2118561694767087,Healthy
5.533927,44.767204,70.73819,1.4791053921568624,2.0248981161091884,1.6404258578431374,2.1713956170703574,0.7521373201321352,0.7227749427932022,0.7407163703219309,0.7186527765164323,0.4909897283287627,0.48700801158704454,0.4897652609561347,0.4875682558340169,0.9556261995942181,0.9392787607222918,0.9507853644312887,0.9348848996727507,0.2410709133243522,0.23717680334996694,0.23987001083943071,0.23772280409702537,Healthy
6.4074426,45.162437,75.62244,0.8768688725490194,1.2356478277585536,0.9176470588235296,1.4350788158400607,0.8228798606733737,0.7976699842018806,0.8208035601902153,0.7904233161188273,0.5543967303053298,0.5508573987783226,0.5540169697040939,0.5496925337538371,0.981090426548323,0.9733802261462643,0.9802110497877571,0.9690838500406337,0.3073557345732405,0.30344387378882,0.30693480272010687,0.30216188166471336,Healthy
6.4159007,48.878662,82.966675,0.8924172794117642,1.522968089196463,0.9594669117647059,1.2997616301422537,0.8123804769100736,0.7716427312829441,0.8043265825397825,0.782063447467482,0.5225103897496619,0.5169881750308655,0.5213041498535201,0.5186541340551197,0.9816539989588999,0.968709364089987,0.9802721682416302,0.9732953316049439,0.2730171073963436,0.26727677312174475,0.27175801665450133,0.26900211077246616,Healthy
5.8418903,48.42652,57.317505,1.3440104166666662,2.162137639369472,1.6813112745098033,2.018439061899269,0.7756788273451317,0.7358330447066981,0.7573266180055155,0.7429199162546416,0.5317026285448044,0.5280629352647435,0.5309854373487245,0.5296965190813027,0.9465488245372751,0.9140862066571341,0.933155138476481,0.9197881609296162,0.2827076852014543,0.2788504636004166,0.2819455346764162,0.28057840232684883,Healthy
7.2979236,61.68656,77.30037,0.9468596813725487,1.6657439446366782,1.3614889705882351,1.9018069973087266,0.7911695057720793,0.7380733449221852,0.7539764427704633,0.7242682070141593,0.46044689723216475,0.4548457618879744,0.4580784202845429,0.45444395054421355,0.9723982097191949,0.9514461935468178,0.9603110974408847,0.9445660222953663,0.2120113451707277,0.20688466710745188,0.2098358391303823,0.2065193041862316,Healthy
5.4070525,45.74638,81.16028,0.8640471813725489,1.2885659361783932,0.9806066176470586,1.538500576701268,0.820298189383309,0.7874603485138494,0.8130230153862005,0.7836011636730391,0.5457285777807653,0.5416045596229688,0.5442218395448539,0.5407644226093669,0.9825506088735055,0.97399649438309,0.9801982624170726,0.9689523171576344,0.29781968060661684,0.29333549900439004,0.2961774106375847,0.29242616076004196,Healthy
5.59139,56.52907,74.21759,1.0177083333333328,1.6239907727797007,1.0697916666666667,1.4824452133794692,0.7968289623999023,0.7561665096626438,0.790932193988639,0.7632668749851634,0.49616982148072614,0.49082622135879095,0.4956325740892378,0.49131600215418414,0.9702660689914657,0.9525654991259348,0.9687443734434349,0.9566998470998442,0.24618449174821566,0.24091037957334885,0.2456516484983238,0.24139141397277028,Healthy
7.244557,47.24416,79.560394,0.958639705882353,1.5247058823529407,0.9932904411764705,1.3258285274894273,0.8119827313657552,0.7765257477737937,0.8062684904170074,0.783253319652051,0.5314376871724117,0.5262132669168011,0.530772255686831,0.5275829274085808,0.9796812615888307,0.9677074095961954,0.9789468258859527,0.9719195432513018,0.28242601534716205,0.2769004022792526,0.2817191874068866,0.27834374529300787,Healthy
12.757539,49.17014,61.541733,0.7852022058823532,1.3493118031526328,0.8481464460784317,1.0227297193387161,0.8206953463894424,0.78084982251349,0.8147128490779454,0.7921496986808394,0.5134107228645485,0.507016374540573,0.5138441309962644,0.5108913022848036,0.9683532858916978,0.945630165901931,0.9658075012785272,0.9587900258876847,0.2635905703522982,0.2570656040522666,0.2640357909593061,0.2610099227502626,Healthy
9.720502,50.87776,74.64162,1.0406250000000001,1.3779777008842753,1.1342677696078425,1.8194079200307576,0.7910230208039363,0.7629917564815342,0.785797508050709,0.7509273537118011,0.4974706776203617,0.49518859179080355,0.49770120444198845,0.49112128917038894,0.9699334449676591,0.9601971898250582,0.9672284062777847,0.9474462356410962,0.24747707509206182,0.24521174143975905,0.24770648890300598,0.24120012067638477,Healthy
9.849031,49.566944,71.33606,0.9622855392156865,1.7508804306036139,1.1270373774509803,1.3098808150711267,0.8000750704164318,0.7604850217029282,0.7924961958389234,0.7726359072129233,0.5122341371037628,0.5056268589370513,0.5105355487260996,0.5097297047742362,0.9713903421017727,0.9479686663032713,0.9664991484882236,0.961074380465143,0.2623838112144364,0.25565852047854876,0.2606465465130597,0.25982437192922997,Healthy
11.132226,48.128498,69.71248,1.0501531862745102,1.3086966551326418,1.078140318627451,1.7620761245674736,0.8018679116173612,0.7778236658461433,0.8011246103726198,0.7664262637251245,0.5231715329757972,0.52176709395753,0.5234939239323001,0.51806657635203,0.9692697854547995,0.9617233538482071,0.9684457812267919,0.9484472383645194,0.2737084529162457,0.2722409003368859,0.2740458883940368,0.26839297753311375,Healthy
5.4950953,44.439476,61.388367,1.6581188725490188,2.330980392156863,1.6878676470588239,2.2372625913110347,0.7536658323692639,0.7261144664092507,0.7510582141933494,0.7276997943666966,0.5197897294878123,0.5147584289200443,0.5196910619619675,0.5170049390521907,0.9422774706465201,0.9189218987885387,0.9412418546009519,0.922181669384576,0.27018136288101313,0.2649762401442323,0.2700787998831575,0.2672941070043594,Healthy
5.3940444,43.070824,60.42682,1.609099264705881,2.1602153018069985,1.6172181372549015,2.2277277970011533,0.7568551237360768,0.7309468305873662,0.7552297117050736,0.7305469320067133,0.5202663873816739,0.517453345298015,0.5202228075370104,0.5153833111638816,0.9422032265279979,0.9224724165488453,0.9419116070811074,0.9200494725947018,0.2706771138391779,0.2677579645601068,0.2706317694816894,0.2656199574262464,Healthy
5.9955926,45.89013,62.389557,1.56078431372549,2.2711572472126096,1.6776960784313717,2.16076893502499,0.7492293283835915,0.7187681125197626,0.743035378522672,0.7222897406085359,0.4982062215996667,0.4936252270385265,0.4987833132322768,0.4955957510546657,0.9432283977405456,0.9174398795116745,0.9389766675361586,0.9214526674375207,0.24820943924061623,0.24366586476883687,0.24878479355896757,0.24561514846343815,Healthy
5.2928762,42.49853,57.41617,1.481617647058822,2.083106497500962,1.7233149509803918,2.2062283737024213,0.7690065984777887,0.7415310752360336,0.7565422668146538,0.7382578548438277,0.536529454379661,0.5338906772103045,0.5363816323553797,0.5318144406080507,0.9443808377303304,0.9218811754525578,0.9353076456057346,0.9172639673278301,0.28786385541693676,0.28503925521207757,0.2877052555282218,0.2828265992392539,Healthy
7.2509794,59.692333,73.72853,0.9248621323529409,1.5594771241830063,1.3343443627450982,1.8823375624759702,0.7995213120933873,0.7509285313386085,0.7627200432316139,0.7336839110341514,0.477385865395968,0.47217226298369186,0.4747815753547776,0.4715480977303648,0.9722179157172565,0.9531692239175726,0.9599287631022909,0.9434715212679412,0.22789726447985728,0.2229466459311407,0.22541754429636437,0.2223576084731257,Healthy
5.4295483,53.223473,68.91272,0.9694546568627447,1.3827604767397146,0.9833333333333335,1.523291041906959,0.8050956680036374,0.7739046209657393,0.8032379829423515,0.7677339895118652,0.5191472993824513,0.5146548618109654,0.518871948430654,0.514310574725408,0.9702392214874089,0.9575775690671244,0.9698131672995567,0.9532661584540438,0.2695139184560925,0.26486962678566395,0.26922809886822324,0.2645153672743794,Healthy
6.499568,46.97339,55.479813,1.4142003676470596,2.069465590157632,1.7195465686274505,2.1310111495578634,0.775200349641257,0.7434152702092145,0.760111769049848,0.7391585769980226,0.536393565573629,0.5336305682802147,0.5355762573527852,0.531723627047466,0.9412529232712634,0.9141179800257015,0.9285761034250198,0.9115638169207212,0.28771805718879107,0.28476158340306496,0.2868419274400168,0.28273001556051275,Healthy
7.3989496,52.569614,68.86792,1.6039828431372547,2.3552633602460573,1.642110906862744,2.122583621683966,0.7604421073284554,0.7238303624740063,0.7540590258091229,0.7342091985508504,0.4977236821441096,0.4945058244805798,0.4975026446410234,0.4940578941072341,0.9514410434805877,0.9287452834933891,0.9502848413232773,0.9357839773705607,0.24772886376709066,0.244536010445218,0.2475088814248124,0.24409320272967497,Healthy
9.206812,57.42784,74.21858,1.622947303921568,2.4249596309111885,1.7118106617647053,2.2752633602460572,0.7437061663615905,0.7039554482459656,0.7356316168564317,0.7122341053925391,0.46048334343252584,0.45688989216925335,0.46046889718608064,0.4564747390977317,0.9519834539841521,0.9282740302601462,0.9493610586708113,0.9327000575646769,0.2120449095787975,0.20874837356643194,0.21203160527576528,0.20836918743434218,Healthy
8.733984,54.284416,70.34813,1.6598498774509796,2.291026528258362,1.8088694852941165,2.4903960015378677,0.7539095477075205,0.7228226934489606,0.7421604556827496,0.7153370195646324,0.4881156666088485,0.48372204130695706,0.4872208547749926,0.484331061041964,0.951400989537744,0.9329625184763138,0.9470381864930587,0.9271285234777134,0.23825690398900054,0.2339870132461695,0.23738416132767445,0.23457657669003468,Healthy
8.235743,51.339493,65.25679,1.5646139705882351,2.1186466743560173,1.6042432598039214,2.287043444828912,0.7626029604220758,0.7364268430988059,0.7570760509493294,0.729643422123097,0.5136236241966838,0.5095022703895549,0.5135766597008504,0.5101642099923991,0.9514178696515797,0.9342753356672209,0.9501899233109272,0.9290513298838375,0.2638092273329363,0.2595925635321111,0.2637609853894831,0.26026752115716867,Healthy
9.414188,52.25591,74.17735,1.3997242647058823,2.0358938869665524,1.3954656862745092,1.9176009227220299,0.744605987548808,0.7071121733004775,0.742224201273067,0.7120622528325,0.43433100776966316,0.42854561565563437,0.4344432564204995,0.4302362878256783,0.9506930294081585,0.9282402655370361,0.9508430429549499,0.932409771500666,0.18864342431021122,0.1836513446976667,0.1887409430492479,0.1851032633620199,Healthy
9.679413,51.682888,74.04414,1.4373468137254908,2.035555555555557,1.4470894607843134,1.9381776239907729,0.7454637497966586,0.7104232388566978,0.743691036002564,0.71355406873771,0.4373842539604104,0.43264762876481316,0.43802043957253606,0.43423422502496306,0.9493389205511452,0.928246040035374,0.9490163867448428,0.9316758412009412,0.1913049856125048,0.18718397067581558,0.19186190548331772,0.18855936218303024,Healthy
11.319809,56.991447,79.817184,1.3909466911764699,2.134794309880815,1.5701899509803918,2.001430219146483,0.7339106159071186,0.6882092728674232,0.7204294932481521,0.6923910520430987,0.3951923849233552,0.3879731042809178,0.39347828071113133,0.3897182514517972,0.9501999519038461,0.9234619211543306,0.9437633375309962,0.9282434067829698,0.15617702110140932,0.15052312964537193,0.15482515739138789,0.15188031551464623,Healthy
10.384779,59.46189,84.494644,1.5406862745098036,2.124259900038447,1.5738051470588232,2.270111495578623,0.7171102409502116,0.6798660737159196,0.7144511457683078,0.6768336374479527,0.37349433382805197,0.3681614721507844,0.3722523096462357,0.3664517342651819,0.9457976763228023,0.9251224136570192,0.9446005979349501,0.9199811031318451,0.13949801740166032,0.13554286957623277,0.13857178203695694,0.1342868735459595,Healthy
21.521479,48.23463,76.323685,1.5337316176470583,2.3933102652825844,1.8308670343137254,2.397308727412535,0.728054333638754,0.684898252533449,0.7131133110808875,0.6848136917838108,0.40458086730705667,0.4008467141366951,0.4057029542290482,0.4011990750022579,0.9515619723133221,0.9244015320415472,0.9421947027644746,0.9242752234854366,0.16368567819093022,0.16067808823418533,0.16459488707017716,0.16096069778266736,Healthy
